col_id :,str3 :,composition :,lata :,latb :,latc :,cu-o_a :,cu-o_p* :,d_la :,lata* :,cu-o_p :
86526,Hg1223,Ba2.0Ca2Cu3Hg0.591Pb0.4088O8.33,3.858,3.858,15.801,2.7293,1.9292500000000001,,3.858,1.929
84113,Hg1223,Ba2Ca2Cu3Hg0.62Pb0.38O8.46,3.84575,3.84575,15.8255,2.896,1.92365,,3.84575,1.922875
83077,Hg1223,Ba2Ca2Cu3Hg1O8.35,3.8529,3.8529,15.8513,2.8833,1.92685,,3.8529,1.92645
86538,Hg1223,Ba1.78Sr0.22Ca2Cu3Hg0.824O8.284,3.8523,3.8523,15.692,2.6753,1.92635,,3.8523,1.92615
92624,Hg1223,Sr2.2Pr1.8Cu3Hg0.29O9,3.8294,3.8567,15.2763,2.2257,1.92235,,3.84305,1.9147
75730,Hg1223,Ba2Ca2Cu3Hg1O8,3.846,3.846,15.773,2.7476,1.9231,,3.846,1.923
82058,Hg1223,Ba2Ca2Cu3Hg0.83O8.24,3.8553,3.8553,15.858,2.7592,1.92775,,3.8553,1.92765
84112,Hg1223,Ba2Ca2Cu3Hg1O8.35,3.8529,3.8529,15.8513,2.8833,1.92685,,3.8529,1.92645
89482,Hg1223,Sr2.26Ca1.74Cu3Hg0.7Bi0.3O8.91,3.815,3.815,15.255,2.2012,1.9093,,3.815,1.9075
86539,Hg1223,Ba2Ca2Cu3Hg0.737Pb0.2328O8.2332,3.8597,3.8597,15.806,2.7202,1.93005,,3.8597,1.92985
165058,Hg1223,Ba2Ca2Cu3Re0.16Hg0.72O8.7,3.85442,3.85442,15.6877,2.6496,1.92755,,3.85442,1.92721
80718,Hg1223,Ba2Ca2Cu3Hg1O8.5,3.85067,3.85067,15.7955,2.7057,1.92635,,3.85067,1.925335
87362,Hg1223,Ba2Ca2Tl0.2Cu3Hg0.8O8.05,3.86,3.86,15.8767,2.8133,1.93155,,3.86,1.93
82059,Hg1223,Ba2Ca2Cu3Hg0.87O8.28,3.8565,3.8565,15.862,2.7758,1.92845,,3.8565,1.92825
80720,Hg1223,Ba2Ca2Cu3Hg1O8.41,3.8501,3.8501,15.7837,2.7542,1.9252,,3.8501,1.92505
75731,Hg1223,Ba2Ca2Cu3Hg1O8,3.8453,3.8453,15.7713,2.7946,1.9229500000000002,,3.8453,1.92265
87235,Hg1223,Ba2Ca2Cu3Hg0.618Pb0.382O8.45,3.8457,3.8457,15.8252,2.888,1.9243999999999999,,3.8457,1.92285
87590,Hg1223,Ba2Ca2Cu3Hg0.83O8.24,3.8553,3.8553,15.858,2.7592,1.92775,,3.8553,1.92765
87287,Hg1223,Sr2Ca2Cu3Re0.32Hg0.68O8.9,3.8265,3.8265,15.2126,2.4051,1.91385,,3.8265,1.91325
75779,Hg1223,Ba2Ca2Cu3.18Hg0.82O8.26,3.842,3.842,15.832,2.8161,1.9228,,3.842,1.921
92622,Hg1223,Sr1.74Pr2.26Cu3Hg0.36O9.36,3.8464,3.8464,15.2615,2.1091,1.9232,,3.8464,1.9232
92623,Hg1223,Sr2.12Pr1.88Cu3Hg0.29O9.32,3.8294,3.8567,15.2763,2.2318,1.9216,,3.84305,1.9147
86537,Hg1223,Ba2Ca2Cu3Hg0.841O8.17,3.8592,3.8592,15.7812,2.7285,1.9297499999999999,,3.8592,1.9296
97102,Hg1223,Ba2Ca2Cu3Hg1O8.35,3.8529,3.8529,15.8513,2.8833,1.92685,,3.8529,1.92645
86536,Hg1223,Ba2Ca2Cu3Hg0.803O8.03,3.8577,3.8577,15.715,2.6971,1.929,,3.8577,1.92885
41652,Hg1223,Ba2Ca2Cu3Hg1O8.16,3.85159,3.85159,15.7644,2.7272,1.926,,3.85159,1.925795
83090,Hg1223,Ba2Ca2Cu3Hg0.69Au0.17O8.3,3.8464,3.8464,15.739,2.7826,1.9235,,3.8464,1.9232
85285,Hg1223,Ba2Ca2Cu3Re0.132Hg0.79O8.605,3.85268,3.85268,15.7355,2.7694,1.9263,,3.85268,1.92634
80719,Hg1223,Ba2Ca2Cu3Hg1O8.44,3.8502,3.8502,15.7829,2.7509,1.92515,,3.8502,1.9251
165059,Hg1223,Ba2Ca2Cu3Re0.184Hg0.75O8.796,3.8542,3.8542,15.6883,2.5336,1.9271,,3.8542,1.9271
79045,Hg1223,Ba2Ca2Tl0.4Cu3Hg0.6O8.33,3.8489,3.8489,15.816,2.8532,1.9245,,3.8489,1.92445
87363,Hg1223,Ba2Ca2Tl0.2Cu3Hg0.8O8.1,3.8507,3.8507,15.8457,2.5701,1.9261,,3.8507,1.92535
86527,Hg1223,Ba2Ca2Cu3Hg0.803O8.03,3.8577,3.8577,15.715,2.6971,1.929,,3.8577,1.92885
79048,Hg1223,Ba2Ca2Cu3Hg0.692O8.6,3.86521,3.86521,15.6486,2.8777,1.9334,,3.86521,1.932605
85287,Hg1223,Ba2Ca2Cu3Re0.22Hg0.68O8.982,3.85387,3.85387,15.7036,2.7606,1.9269500000000002,,3.85387,1.926935
85286,Hg1223,Ba2Ca2Cu3Re0.173Hg0.742O8.76,3.85181,3.85181,15.7105,2.7556,1.9259,,3.85181,1.925905
165060,Hg1223,Ba2Ca2Cu3Re0.187Hg0.765O8.848,3.8544,3.8544,15.6898,2.6719,1.9274,,3.8544,1.9272
87153,Tl1223,Sr2Ca1.86Tl0.64Cu3Pb0.5O9,3.8127,3.8127,15.263,2.2925,1.9084500000000002,,3.8127,1.90635
71372,Tl1223,Ba2Ca1.91Tl1.09Cu3O8.8,3.8512,3.8512,15.889,2.7807,1.926,,3.8512,1.9256
162931,Tl1223,Ba2Ca1.932Tl1.0672Cu3O8.775,3.84561,3.84561,15.8752,2.7462,1.9231500000000001,,3.84561,1.922805
74129,Tl1223,Ba0.72Sr1.28Ca1.84Tl1.16Cu3O9,3.8274,3.8274,15.524,2.4714,1.9148999999999998,,3.8274,1.9137
68270,Tl1223,Sr2Ca1.88Tl0.56Cu3Pb0.56O9,3.808,3.808,15.232,2.3716,1.90495,,3.808,1.904
79135,Tl1223,Sr1.6Ca2.4Tl0.5Cu3Pb0.3124O8.6516,3.81568,3.81568,15.29037,2.3531,1.90885,,3.81568,1.90784
162932,Tl1223,Ba2Ca1.934Tl1.066Cu3O8.776,3.84561,3.84561,15.8752,2.7462,1.9231500000000001,,3.84561,1.922805
87027,Tl1223,Rb0.065Ba2Ca1.842Tl1.0928Cu3O8.931,3.8519,3.8519,15.9001,2.827,1.92715,,3.8519,1.92595
162934,Tl1223,Ba2Ca2Tl0.903Cu3O8.751,3.84659,3.84659,15.8741,2.7636,1.9236499999999999,,3.84659,1.923295
83150,Tl1223,Ba0.602Sr1.106Ca2.24Tl0.552Cu3Pb0.5O9,3.82263,3.82263,15.4182,2.5039,1.9125999999999999,,3.82263,1.911315
94968,Tl1223,Ba2Ca1.86Tl1.12Cu3O9,3.8443,3.8443,15.863,2.6015,1.92605,,3.8443,1.92215
87024,Tl1223,Rb0.249Ba2Ca1.886Tl0.866Cu3O8.764,3.853,3.853,15.8997,2.8206,1.9269,,3.853,1.9265
83152,Tl1223,Ba0.212Sr1.586Ca2.142Tl0.66Cu3Bi0.2Pb0.2O9,3.81798,3.81798,15.3223,2.3764,1.90985,,3.81798,1.90899
87025,Tl1223,Rb0.315Ba2Ca1.84Tl0.8448Cu3O8.517,3.856,3.856,15.8822,2.7523,1.93025,,3.856,1.928
79134,Tl1223,Sr1.6Ca2.4Tl0.5Cu3Pb0.3228O8.6728,3.81517,3.81517,15.29136,2.3149,1.9092500000000001,,3.81517,1.907585
162933,Tl1223,Ba2Ca2Tl0.904Cu3O8.747,3.84659,3.84659,15.8741,2.7636,1.9236499999999999,,3.84659,1.923295
162936,Tl1223,Ba2Ca1.962Tl0.858Cu3O8.813,3.85344,3.85344,15.9035,2.7751,1.9273,,3.85344,1.92672
83149,Tl1223,Ba0.398Sr1.276Ca2.272Tl0.554Cu3Pb0.5O9,3.81863,3.81863,15.3511,2.4561,1.91065,,3.81863,1.909315
72257,Tl1223,Ba1Sr1Ca2Tl1Cu3O9,3.8316,3.8316,15.5926,2.5447,1.92095,,3.8316,1.9158
83148,Tl1223,Ba0.196Sr1.43Ca2.346Tl0.528Cu3Pb0.5O9,3.81445,3.81445,15.288,2.4093,1.9085,,3.81445,1.907225
71377,Tl1223,Ba2Ca1.938Tl1.064Cu3O8.79,3.8478,3.8478,15.86,2.7174,1.92435,,3.8478,1.9239
71374,Tl1223,Ba2Ca1.9Tl1.098Cu3O8.94,3.8536,3.8536,15.884,2.7628,1.9271500000000001,,3.8536,1.9268
83151,Tl1223,Ba0.22Sr1.606Ca2.114Tl0.56Cu3Pb0.5O9,3.81638,3.81638,15.3195,2.4465,1.90865,,3.81638,1.90819
71376,Tl1223,Ba2Ca1.94Tl1.058Cu3O8.69,3.85,3.85,15.876,2.682,1.9254,,3.85,1.925
65329,Tl1223,Ba2Ca1.93Tl1.07Cu2.862O9,3.8532,3.8532,15.9223,2.7625,1.92755,,3.8532,1.9266
87154,Tl1223,Ba0.2Sr1.42Ca2.36Tl0.52Cu3Pb0.5O9,3.8145,3.8145,15.288,2.4093,1.9085,,3.8145,1.90725
81153,Tl1223,Ba0.4Sr1.6Ca2Tl0.68Cu3Bi0.17O8.8,3.8211,3.8211,15.4235,2.3829,1.9121000000000001,,3.8211,1.91055
87362,Tl1223,Ba2Ca2Tl0.2Cu3Hg0.8O8.05,3.86,3.86,15.8767,2.8133,1.93155,,3.86,1.93
71371,Tl1223,Ba2Ca1.892Tl1.108Cu3O8.72,3.8498,3.8498,15.889,2.7858,1.9255,,3.8498,1.9249
83147,Tl1223,Sr2Ca1.864Tl0.636Cu3Pb0.5O9,3.81265,3.81265,15.263,2.2925,1.9084500000000002,,3.81265,1.906325
83175,Tl1223,Sr1.604Ca2.324Tl0.668Cu3Pb0.404O9,3.81516,3.81516,15.2798,2.3891,1.90815,,3.81516,1.90758
202689,Tl1223,Ba1.88Ca1.9Tl1.1Cu3O9,3.853,3.853,15.913,2.7274,1.9267500000000002,,3.853,1.9265
87155,Tl1223,Ba0.4Sr1.28Ca2.26Tl0.56Cu3Pb0.5O9,3.8186,3.8186,15.3511,2.4561,1.91065,,3.8186,1.9093
87026,Tl1223,Rb0.056Ba2Ca1.838Tl1.106Cu3O8.817,3.8549,3.8549,15.9022,2.8449,1.92865,,3.8549,1.92745
79045,Tl1223,Ba2Ca2Tl0.4Cu3Hg0.6O8.33,3.8489,3.8489,15.816,2.8532,1.9245,,3.8489,1.92445
87156,Tl1223,Ba0.6Sr1.1Ca2.24Tl0.56Cu3Pb0.5O9,3.8226,3.8226,15.4182,2.5039,1.9125999999999999,,3.8226,1.9113
87363,Tl1223,Ba2Ca2Tl0.2Cu3Hg0.8O8.1,3.8507,3.8507,15.8457,2.5701,1.9261,,3.8507,1.92535
71370,Tl1223,Ba2Ca1.904Tl1.096Cu3O8.62,3.8547,3.8547,15.918,2.7866,1.9278,,3.8547,1.92735
71373,Tl1223,Ba2Ca1.874Tl1.128Cu3O8.67,3.8505,3.8505,15.881,2.7337,1.9255499999999999,,3.8505,1.92525
162935,Tl1223,Ba2Ca1.958Tl0.862Cu3O8.81,3.85344,3.85344,15.9036,2.7751,1.9273,,3.85344,1.92672
71375,Tl1223,Ba2Ca1.922Tl1.076Cu3O8.61,3.8503,3.8503,15.875,2.786,1.9255499999999999,,3.8503,1.92515
69944,Y123,Ba2Ca0.15Y0.85Fe0.15Cu2.85O7.12,3.8608,3.8608,11.6653,2.3622,1.9304,,3.8608,1.9304
83069,Y123,Ba2Y1Cu3O6.95,3.8164,3.8834,11.6785,2.2913,1.93485,,3.8499,1.9082
82691,Y123,Ba2Y1Cu3O6.97,3.8141,3.8806,11.6702,2.2878,1.9269,,3.8473499999999996,1.90705
67208,Y123,Ba2Y1Cu3O6.582,3.8301,3.8827,11.716,2.3748,1.9304,,3.8564,1.91505
63692,Y123,Ba2Y1Cu3O6.612,3.8592,3.8592,11.7811,2.375,1.9296,,3.8592,1.9296
67064,Y123,Ba2Y1Cu3O6.32,3.8617,3.8617,11.7799,2.4396,1.9308,,3.8617,1.93085
83062,Y123,Ba2Y1Cu3O6.78,3.8265,3.8875,11.7011,2.3245,1.9372500000000001,,3.857,1.91325
68403,Y123,Ba2Y1Co0.3Cu2.7O6.82,3.8752,3.8752,11.6851,2.3732,1.9376,,3.8752,1.9376
71425,Y123,Ba2Y1Fe0.41Cu2.59O7.03,3.8499,3.8499,11.5856,2.2869,1.9249,,3.8499,1.92495
87094,Y123,Ba1Sr1Y1Cu3O6.953,3.78526,3.85313,11.562,2.2264,1.9138,,3.819195,1.89263
66497,Y123,Ba2Ca0.2Pr0.2Y0.6Cu3O7,3.8397,3.8898,11.6932,2.3187,1.9336,,3.86475,1.91985
82695,Y123,Ba2Ca0.1Y0.9Cu3O6.55,3.834,3.8781,11.7454,2.3735,1.9316,,3.8560499999999998,1.917
92606,Y123,Ba2Y1Co0.588Cu2.412O7.26,3.8854,3.8854,11.6746,2.3781,1.9427,,3.8854,1.9427
80733,Y123,Ba2Y1Cu3O6.95,3.819,3.891,11.673,2.3112,1.9282,,3.855,1.9095
91983,Y123,Ba2Li0.06Y1Cu2.94O6.91,3.8226,3.886,11.6737,2.3125,1.9297,,3.8543000000000003,1.9113
71408,Y123,Ba2Y1Cu3O6.98,3.823,3.885,11.673,2.3112,1.9286,,3.854,1.9115
78601,Y123,Ba2Na0.07Y0.93Cu3O7.06,3.82075,3.8847,11.6762,2.3048,1.9291,,3.852725,1.910375
65846,Y123,Ba2Y1Cu3O6.96,3.8206,3.886,11.6805,2.3022,1.9371,,3.8533,1.9103
65861,Y123,Ba2Y1Zn0.2Cu2.8O6.935,3.892,3.8214,11.6829,2.2805,1.9318,,3.8567,1.946
83064,Y123,Ba2Y1Cu3O6.78,3.8265,3.8875,11.7011,2.3239,1.9376,,3.857,1.91325
83107,Y123,Ba2Ca0.1Y0.9Cu3O6.717,3.84104,3.87887,11.7456,2.3763,1.9347,,3.8599550000000002,1.92052
74277,Y123,Ba2Ca0.14Y0.86Co0.12Cu2.88O6.96,3.8618,3.8618,11.691,2.3533,1.939,,3.8618,1.9309
62463,Y123,Ba2Y1Cu3O6.8,3.825,3.8864,11.6945,2.3225,1.9370500000000002,,3.8557,1.9125
83067,Y123,Ba2Y1Zn0.3Cu2.7O6.94,3.8234,3.8936,11.677,2.2805,1.9392,,3.8585000000000003,1.9117
71424,Y123,Ba2Y1Cu3O6.94,3.846,3.902,11.661,2.4721,1.951,,3.874,1.923
173898,Y123,Ba2Y1Cu3O6.84,3.8196,3.8789,11.6719,2.3775,1.9394,,3.8492499999999996,1.9098
71412,Y123,Ba2Y1Cu2.55Ni0.45O7.01,3.829,3.889,11.656,2.2845,1.93,,3.859,1.9145
67668,Y123,Ba1.988Y0.957Mn0.088Cu2.912O6.989,3.827,3.884,11.677,2.312,1.941,,3.8555,1.9135
68640,Y123,Ba1.86La0.14Y1Cu3O6.91,3.8835,3.821,11.653,2.2944,1.9282,,3.85225,1.94175
74268,Y123,Ba2Y1Cr0.2Cu2.8O6.95,3.8273,3.8875,11.6833,2.2981,1.9311,,3.8574,1.91365
71411,Y123,Ba2Y1Cu2.73Ni0.27O6.98,3.827,3.888,11.663,2.2859,1.9291,,3.8575,1.9135
83071,Y123,Ba2Pr0.6Y0.4Cu3O6.93,3.8415,3.9102,11.6891,2.2559,1.947,,3.87585,1.92075
67068,Y123,Ba2Y1Fe0.46Cu2.54O7.18,3.8814,3.8814,11.695,2.3226,1.9407,,3.8814,1.9407
66496,Y123,Ba2Ca0.1Pr0.1Y0.8Cu3O7,3.8331,3.8897,11.6923,2.315,1.9322,,3.8613999999999997,1.91655
83106,Y123,Ba2Ca0.05Y0.95Cu3O6.755,3.83785,3.88301,11.73958,2.3496,1.9361,,3.86043,1.918925
69310,Y123,Ba2Y1Cu2.92Au0.08O7.04,3.8197,3.8888,11.7121,2.2967,1.9292,,3.85425,1.90985
67058,Y123,Ba2Y1Cu3O6.67,3.8349,3.8851,11.7279,2.3655,1.9329,,3.8600000000000003,1.91745
80743,Y123,Ba2Y1Fe0.6Cu2.4O7.26,3.874,3.874,11.637,2.3285,1.937,,3.874,1.937
69309,Y123,Ba2Y1Cu3O6.98,3.8229,3.8865,11.6821,2.3048,1.9299,,3.8547000000000002,1.91145
82694,Y123,Ba2Y1Cu3O6.62,3.8275,3.8814,11.7231,2.3481,1.931,,3.85445,1.91375
68393,Y123,Ba2Y1Cu3O6.91,3.8203,3.88548,11.68349,2.297,1.93595,,3.85289,1.91015
82696,Y123,Ba2Ca0.2Y0.8Cu3O6.49,3.8393,3.868,11.7637,2.4083,1.9332,,3.85365,1.91965
87093,Y123,Ba1.5Sr0.5Y1Cu3O6.978,3.79976,3.87028,11.62145,2.2632,1.9204,,3.83502,1.89988
65613,Y123,Ba2Y1Fe0.23Cu2.77O7.128,3.8674,3.8674,11.6687,2.3226,1.9337,,3.8674,1.9337
67061,Y123,Ba2Y1Cu3O6.49,3.8433,3.8764,11.7512,2.3984,1.9355,,3.85985,1.92165
62465,Y123,Ba2Y1Cu3O7,3.8198,3.8849,11.6762,2.2955,1.9357,,3.85235,1.9099
87095,Y123,Ba0.75Sr1.25Y1Cu3O7.07,3.78397,3.84516,11.53996,2.2425,1.9087,,3.814565,1.891985
75700,Y123,Ba2Y1Co0.38Cu2.62O6.91,3.8772,3.8772,11.7352,2.4761,1.94425,,3.8772,1.9386
78725,Y123,Ba2Y0.85V0.19Cu2.81O6.79,3.8191,3.8777,11.6669,2.2377,1.93775,,3.8484,1.90955
69949,Y123,Ba2Ca0.24Y0.76Fe0.24Cu2.76O7.07,3.8263,3.8263,11.6643,2.2768,1.92135,,3.8263,1.91315
94219,Y123,Ba2Y1Cu2.85Re0.15O7.135,3.84411,3.87984,11.70437,2.3351,1.9388,,3.861975,1.922055
69326,Y123,Ba2Y1Cu3O6.72F0.18,3.8114,3.8694,11.655,2.3181,1.9224,,3.8404,1.9057
65603,Y123,Ba2Y1Cu3O6.83,3.819,3.88,11.66,2.2503,1.9376,,3.8495,1.9095
68406,Y123,Ba2Y1Fe0.16Cu2.8O6.92,3.863,3.863,11.626,2.3263,1.9315,,3.863,1.9315
63688,Y123,Ba2Y1Cu3O6.9,3.824,3.8879,11.6901,2.3087,1.9372500000000001,,3.85595,1.912
80741,Y123,Ba2Y1Fe0.46Cu2.54O7.18,3.872,3.872,11.64,2.314,1.936,,3.872,1.936
75699,Y123,Ba2Y1Co0.57Cu2.43O7.34,3.8865,3.8865,11.6425,2.3762,1.9432,,3.8865,1.94325
91981,Y123,Ba2Li0.09Y1Cu2.91O6.89,3.8198,3.8847,11.6734,2.3113,1.927,,3.8522499999999997,1.9099
97066,Y123,Ba2Y1Cu3O6.97,3.8163,3.8659,11.6531,2.1954,1.92455,,3.8411,1.90815
63326,Y123,Ba2Y1Cu3O7.1,3.8132,3.8774,11.653,2.3107,1.9282,,3.8453,1.9066
82693,Y123,Ba2Ca0.2Y0.8Cu3O6.83,3.8249,3.8791,11.6928,2.3051,1.9296,,3.8520000000000003,1.91245
87099,Y123,Ba1Sr1Y1Cu3O6.741,3.81728,3.84103,11.58458,2.2801,1.9253,,3.829155,1.90864
83139,Y123,Ba2Ca0.2Y0.8Cu2.87C0.13O6.91,3.8478,3.8681,11.646,2.3222,1.9343,,3.8579499999999998,1.9239
80739,Y123,Ba2Y1Fe0.3Cu2.7O7.09,3.867,3.867,11.676,2.3351,1.9335,,3.867,1.9335
83138,Y123,Ba2Ca0.2Y0.8Cu2.66C0.34O6.93,3.8687,3.8687,11.608,2.2345,1.9442,,3.8687,1.93435
68665,Y123,Ba1.912Y0.904Mg0.28Cu2.72O6.68,3.827,3.882,11.67,2.2569,1.9325,,3.8545,1.9135
67060,Y123,Ba2Y1Cu3O6.58,3.8415,3.8778,11.747,2.3893,1.935,,3.8596500000000002,1.92075
65378,Y123,Ba1.99Y1.01Cu3O6.2,3.8644,3.8644,11.7881,2.4424,1.9322,,3.8644,1.9322
63691,Y123,Ba2Y1Cu3O6.71,3.8336,3.8844,11.7126,2.3425,1.93735,,3.859,1.9168
63324,Y123,Ba2Y1Cu3O6.7,3.8282,3.8897,11.6944,2.3318,1.93735,,3.85895,1.9141
63350,Y123,Ba2Y1Cu3O7.01,3.8192,3.873,11.656,2.2962,1.9294,,3.8461,1.9096
78599,Y123,Ba2Na0.09Y0.91Cu3O7.044,3.82075,3.8847,11.6763,2.3049,1.9291,,3.852725,1.910375
67063,Y123,Ba2Y1Cu3O6.42,3.851,3.87,11.7711,2.4248,1.935,,3.8605,1.9255
83063,Y123,Ba2Y1Cu3O6.96,3.8227,3.8872,11.6802,2.2909,1.9372,,3.85495,1.91135
83060,Y123,Ba2Y1Cu3O6.51,3.8392,3.8791,11.7391,2.3602,1.9376,,3.85915,1.9196
93532,Y123,Ba1.286Ca0.4286La1.0714Y0.214Fe0.114Cu2.886O7.032,3.869,3.869,11.6697,2.3042,1.943,,3.869,1.9345
93534,Y123,Ba1.286Ca0.4286La1.0714Y0.214Fe0.302Cu2.698O7.292,3.8772,3.8772,11.6318,2.258,1.9485,,3.8772,1.9386
65081,Y123,Ba2Y1Zn0.21Cu2.79O6.8,3.8316,3.8899,11.6674,2.2833,1.9335,,3.86075,1.9158
83070,Y123,Ba2Pr0.4Y0.6Cu3O6.96,3.8334,3.9034,11.6862,2.2682,1.94355,,3.8684000000000003,1.9167
92604,Y123,Ba2Y1Co0.207Cu2.793O7.16,3.8675,3.8675,11.6948,2.3448,1.9337,,3.8675,1.93375
69818,Y123,Ba1.6Sr0.4Y1Cu3O6.94,3.7984,3.865,11.596,2.2345,1.9285,,3.8317,1.8992
80735,Y123,Ba2Y1Fe0.15Cu2.85O7.01,3.864,3.864,11.682,2.3387,1.932,,3.864,1.932
75701,Y123,Ba2Y1Co0.554Cu2.446O7.12,3.885,3.885,11.7055,2.4195,1.94835,,3.885,1.9425
94218,Y123,Ba2Y1Cu2.85Re0.15O6.999,3.84602,3.87911,11.73153,2.36,1.93125,,3.862565,1.92301
65352,Y123,Ba2Y1Cu3O6.898,3.8198,3.8849,11.6762,2.2928,1.93475,,3.85235,1.9099
69327,Y123,Ba2Y1Cu3O6.72F0.27,3.8236,3.8804,11.6687,2.3069,1.9254,,3.852,1.9118
63448,Y123,Ba2Y1Cu3O6.81,3.8231,3.8864,11.6807,2.3034,1.9357,,3.85475,1.91155
68639,Y123,Ba2Y1Cu3O6.91,3.8835,3.8194,11.6671,2.303,1.9282,,3.85145,1.94175
71426,Y123,Ba2Y1Fe0.58Cu2.42O7.19,3.842,3.842,11.563,2.2432,1.921,,3.842,1.921
63455,Y123,Ba1.5La0.75Y0.75Cu3O6.998,3.8746,3.8746,11.588,2.2422,1.9373,,3.8746,1.9373
74282,Y123,Ba2Ca0.27Y0.73Co0.36Cu2.64O7.05,3.8666,3.8666,11.6726,2.359,1.9438,,3.8666,1.9333
72826,Y123,Ba2Y1Cu2.79Ni0.21O6.93,3.829,3.888,11.668,2.2869,1.9332,,3.8585000000000003,1.9145
92607,Y123,Ba2Y1Co0.815Cu2.185O7.32,3.8888,3.8888,11.6679,2.3895,1.9444,,3.8888,1.9444
69812,Y123,Ba2Y1Cu3O6.948,3.8133,3.88,11.651,2.2731,1.9314,,3.84665,1.90665
65596,Y123,Ba2Y1Cu3O6.86,3.818,3.8835,11.6726,2.2971,1.93675,,3.85075,1.909
69816,Y123,Ba1.7Sr0.3Y1Cu3O6.95,3.8085,3.8675,11.606,2.2411,1.9337,,3.838,1.90425
90761,Y123,Ba2Y1Co0.17Cu2.83O6.54,3.87619,3.87619,11.6929,2.3315,1.938,,3.87619,1.938095
80745,Y123,Ba2Y1Fe0.7Cu2.3O7.21,3.872,3.872,11.646,2.3373,1.936,,3.872,1.936
90758,Y123,Ba2Y1Co0.033Cu2.967O6.94,3.8197,3.88279,11.6509,2.1996,1.9387,,3.851245,1.90985
85246,Y123,Ba2Y1Fe0.06Cu2.94O6.36,3.8577,3.8577,11.794,2.4496,1.93865,,3.8577,1.92885
66214,Y123,Ba2Y1Zn0.15Cu2.85O6.94,3.8273,3.8924,11.6737,2.302,1.9303,,3.85985,1.91365
65424,Y123,Ba2Y1Cu3O6.71,3.8274,3.8904,11.7177,2.3587,1.93805,,3.8589,1.9137
78600,Y123,Ba2Na0.07Y0.93Cu3O7.006,3.82074,3.88469,11.6762,2.3048,1.9291,,3.852715,1.91037
74280,Y123,Ba2Ca0.15Y0.85Co0.36Cu2.64O7.05,3.869,3.869,11.6982,2.4226,1.9476499999999999,,3.869,1.9345
62943,Y123,Ba2Y1Cu3O6.84,3.8187,3.8833,11.6687,2.3045,1.9351500000000001,,3.851,1.90935
66419,Y123,Ba2Y1Fe0.39Cu2.59O7.388,3.87004,3.87004,11.6857,2.3277,1.935,,3.87004,1.93502
44116,Y123,Ba2Y1Cu3O6.971,3.819,3.885,11.68,2.2885,1.9355,,3.852,1.9095
65913,Y123,Ba2Y1Fe0.3Cu2.7O7.152,3.8655,3.8655,11.674,2.3219,1.9402,,3.8655,1.93275
66215,Y123,Ba2Y1Cu3O6.967,3.8282,3.8874,11.6647,2.3002,1.9307,,3.8578,1.9141
66216,Y123,Ba2Y1Cu2.85Ni0.15O6.94,3.8282,3.8874,11.6647,2.3002,1.9307,,3.8578,1.9141
74278,Y123,Ba2Ca0.18Y0.82Co0.24Cu2.76O7,3.8649,3.8649,11.7053,2.3925,1.9437,,3.8649,1.93245
67059,Y123,Ba2Y1Cu3O6.6,3.8362,3.8808,11.7286,2.3691,1.9335,,3.8585,1.9181
39359,Y123,Ba2Y1Cu3O6.9,3.821,3.8826,11.672,2.2842,1.9344000000000001,,3.8518,1.9105
65601,Y123,Ba2Y1Cu3O6.86,3.818,3.8835,11.6726,2.2971,1.9341,,3.85075,1.909
63488,Y123,Ba2Y1Cu3O7,3.8206,3.8851,11.6757,2.2977,1.93575,,3.85285,1.9103
78602,Y123,Ba2Na0.09Y0.91Cu3O7,3.82077,3.88471,11.6763,2.3084,1.93555,,3.85274,1.910385
72825,Y123,Ba2Y1Cu3O6.98,3.823,3.885,11.673,2.3112,1.9286,,3.854,1.9115
67057,Y123,Ba2Y1Cu3O6.77,3.8275,3.8875,11.7063,2.3377,1.9308,,3.8575,1.91375
65422,Y123,Ba2Y1Cu3O6.79,3.8193,3.8852,11.6873,2.3023,1.9362,,3.85225,1.90965
202840,Y123,Ba1.48La0.52Y0.92Cu3O7.224,3.859,3.859,11.572,2.2495,1.9295,,3.859,1.9295
90760,Y123,Ba2Y1Co0.115Cu2.885O6.66,3.87491,3.87491,11.7135,2.3403,1.9374,,3.87491,1.937455
78724,Y123,Ba2Y0.9V0.13Cu2.87O6.94,3.8177,3.876,11.6598,2.2561,1.93715,,3.84685,1.90885
65400,Y123,Ba2Y1Cu3O6.04,3.8588,3.8588,11.771,2.3541,1.9294,,3.8588,1.9294
65379,Y123,Ba2Y1Co0.3Cu2.7O6.82,3.8752,3.8752,11.6851,2.3732,1.9376,,3.8752,1.9376
67207,Y123,Ba2Y1Cu3O6.35,3.8471,3.8721,11.752,2.4256,1.936,,3.8596000000000004,1.92355
66495,Y123,Ba2Y1Cu3O7,3.8234,3.8888,11.6918,2.3126,1.9298,,3.8560999999999996,1.9117
202775,Y123,Ba2Y1Cu3O7,3.8226,3.8863,11.663,2.2649,1.9374500000000001,,3.85445,1.9113
69945,Y123,Ba2Ca0.24Y0.76Fe0.24Cu2.76O7.04,3.8637,3.8637,11.6899,2.3812,1.9318,,3.8637,1.93185
69325,Y123,Ba2Y1Cu3O6.72,3.8196,3.8741,11.6852,2.3241,1.9286,,3.84685,1.9098
65605,Y123,Ba2Y1Cu3O6.5,3.83,3.87,11.69,2.373,1.9351500000000001,,3.85,1.915
67065,Y123,Ba2Y1Cu3O6.26,3.8621,3.8621,11.7961,2.4535,1.931,,3.8621,1.93105
71409,Y123,Ba2Y1Cu2.85Ni0.15O6.93,3.829,3.888,11.668,2.2869,1.9332,,3.8585000000000003,1.9145
83058,Y123,Ba2Y1Cu3O6.25,3.8586,3.8586,11.7961,2.435,1.9293,,3.8586,1.9293
80746,Y123,Ba2Y1Fe0.7Cu2.3O6.48,3.874,3.874,11.785,2.4866,1.94375,,3.874,1.937
62944,Y123,Ba2Y1Cu3O6.69,3.8829,3.8223,11.69,2.3017,1.9304,,3.8526,1.94145
91980,Y123,Ba2Li0.09Y1Cu2.91O6.96,3.8198,3.8847,11.6734,2.3101,1.927,,3.8522499999999997,1.9099
87280,Y123,Ba2Ca0.16Y0.84Cu3O6.9416,3.8323,3.8731,11.6843,2.3233,1.9312,,3.8527,1.91615
93533,Y123,Ba1.286Ca0.4286La1.0714Y0.214Fe0.236Cu2.764O7.24,3.8707,3.8707,11.6225,2.2574,1.9451,,3.8707,1.93535
92605,Y123,Ba2Y1Co0.391Cu2.609O7.23,3.8778,3.8778,11.6873,2.3631,1.9389,,3.8778,1.9389
66360,Y123,Ba2Y1Al0.1Cu2.874O6.308,3.8614,3.8614,11.736,2.4207,1.9307,,3.8614,1.9307
82692,Y123,Ba2Ca0.1Y0.9Cu3O6.92,3.8169,3.8777,11.6788,2.3037,1.9259,,3.8472999999999997,1.90845
69943,Y123,Ba2Ca0.12Y0.88Fe0.12Cu2.88O6.98,3.8604,3.8604,11.6725,2.3263,1.9302,,3.8604,1.9302
69820,Y123,Ba1.4Sr0.6Y1Cu3O6.948,3.7944,3.8579,11.572,2.2241,1.9262,,3.82615,1.8972
44113,Y123,Ba2Y1Cu3O6.986,3.82,3.886,11.696,2.2963,1.9361000000000002,,3.8529999999999998,1.91
68434,Y123,Ba1.7La0.8Y0.5Cu3O7.191,3.8837,3.8774,11.6737,2.246,1.95,,3.8805500000000004,1.94185
65399,Y123,Ba2Y1Cu3O6.75,3.818,3.889,11.668,2.3219,1.9378,,3.8535,1.909
66217,Y123,Ba2Y1Cu2.85Ni0.15O6.94,3.8282,3.8874,11.6647,2.3002,1.9307,,3.8578,1.9141
91982,Y123,Ba2Li0.18Y0.98Cu2.82O6.77,3.8281,3.8871,11.6646,2.3247,1.9289,,3.8576,1.91405
68399,Y123,Ba2Y1Co0.84Cu2.16O7.32,3.8879,3.8879,11.636,2.3586,1.9548,,3.8879,1.94395
66212,Y123,Ba2Y1Cu3O6.958,3.8273,3.8924,11.6737,2.302,1.9303,,3.85985,1.91365
92603,Y123,Ba2Y1Cu3O6.92,3.8164,3.8818,11.6736,2.2961,1.9271,,3.8491,1.9082
90759,Y123,Ba2Y1Co0.084Cu2.916O7.01,3.83422,3.89409,11.6706,2.257,1.947,,3.8641550000000002,1.91711
83033,Y123,Sr2Y1Cu2.772Re0.136O7.36,3.8001,3.8001,11.483,2.2058,1.90915,,3.8001,1.90005
83140,Y123,Ba2Ca0.2Y0.8Cu3O6.89,3.8341,3.8735,11.668,2.3371,1.9328,,3.8537999999999997,1.91705
74281,Y123,Ba2Ca0.15Y0.85Co0.12Cu2.88O7.01,3.8424,3.881,11.6821,2.3224,1.9338,,3.8617,1.9212
83108,Y123,Ba2Ca0.15Y0.85Cu3O6.5941,3.8469,3.87775,11.7505,2.3982,1.94005,,3.8623250000000002,1.92345
87096,Y123,Ba1Sr1Y1Cu3O6.968,3.78409,3.85374,11.56279,2.2321,1.9127,,3.818915,1.892045
65317,Y123,Ba2Y1Cu2.98O6.92,3.863,3.863,11.626,2.3263,1.9315,,3.863,1.9315
68402,Y123,Ba1.99Y1.01Cu3O6.2,3.8644,3.8644,11.7881,2.4424,1.9322,,3.8644,1.9322
71410,Y123,Ba2Y1Cu2.82Ni0.18O6.96,3.822,3.885,11.669,2.2987,1.9281,,3.8535,1.911
68666,Y123,Ba1.968Y0.944Zn0.128Cu2.872O6.904,3.819,3.883,11.668,2.2612,1.9265,,3.851,1.9095
50254,Y123,Sr2Y1Cu2.8Mo0.2O7.284,3.8013,3.8013,11.4861,2.2053,1.90835,,3.8013,1.90065
87279,Y123,Ba2Ca0.09Y0.91Cu3O6.956,3.828,3.8763,11.6825,2.3131,1.9308,,3.85215,1.914
202839,Y123,Ba1.776La0.224Y0.936Cu3O7.048,3.825,3.885,11.626,2.2949,1.9275,,3.855,1.9125
65606,Y123,Ba2Y1Cu3O6.67,3.806,3.872,11.61,2.2407,1.93685,,3.839,1.903
203116,Y123,Ba2Y1Cu3O6,3.866,3.866,11.777,2.4449,1.9447,,3.866,1.933
67056,Y123,Ba2Y1Cu3O6.93,3.8227,3.8872,11.6802,2.2963,1.929,,3.85495,1.91135
83059,Y123,Ba2Y1Cu3O6.36,3.8563,3.8658,11.7755,2.3986,1.9377,,3.86105,1.92815
69948,Y123,Ba2Ca0.09Y0.91Fe0.09Cu2.91O7.05,3.8227,3.8227,11.6689,2.2894,1.92005,,3.8227,1.91135
66213,Y123,Ba2Y1Zn0.15Cu2.85O6.94,3.8273,3.8924,11.6737,2.302,1.9303,,3.85985,1.91365
69814,Y123,Ba1.8Sr0.2Y1Cu3O6.95,3.807,3.8734,11.625,2.2447,1.9317,,3.8402000000000003,1.9035
87098,Y123,Ba1Sr1Y1Cu3O6.821,3.80174,3.85009,11.5739,2.2801,1.9182,,3.825915,1.90087
75690,Y123,Ba2Y1Co0.34Cu2.66O7.02,3.8755,3.8755,11.6884,2.3645,1.9487,,3.8755,1.93775
72827,Y123,Ba2Y1Cu2.68Ni0.32O6.98,3.827,3.888,11.663,2.2859,1.9291,,3.8575,1.9135
63339,Y123,Ba2Y1Cu3O6.9,3.81,3.883,11.674,2.3231,1.9196,,3.8465,1.905
66418,Y123,Ba2Y1Fe0.255Cu2.742O7.294,3.86644,3.86644,11.6749,2.3314,1.9332,,3.86644,1.93322
44117,Y123,Ba2Y1Cu3O6.517,3.833,3.871,11.742,2.3662,1.93385,,3.8520000000000003,1.9165
74279,Y123,Ba2Ca0.27Y0.73Co0.3Cu2.7O7,3.8646,3.8646,11.7257,2.4201,1.9416,,3.8646,1.9323
62945,Y123,Ba2Y1Cu3O6.32,3.8571,3.8571,11.775,2.395,1.9285,,3.8571,1.92855
68288,Y123,Ba2Y1Cu3O6.8,3.868,3.825,11.69,2.1977,1.92325,,3.8465,1.934
63421,Y123,Ba2Y1Cu3O7.34,3.8657,3.8657,11.6015,2.311,1.9328,,3.8657,1.93285
83061,Y123,Ba2Y1Cu3O6.55,3.8362,3.8808,11.7286,2.3515,1.9373999999999998,,3.8585,1.9181
63344,Y123,Ba2Y1Cu3O6.26,3.8573,3.8573,11.7913,2.4349,1.9286,,3.8573,1.92865
66416,Y123,Ba2Y1Fe0.239Cu2.758O7.26,3.86433,3.86433,11.6726,2.3368,1.9321,,3.86433,1.932165
63335,Y123,Ba2Y1Cu3O7,3.8152,3.8812,11.67,2.3421,1.93395,,3.8482000000000003,1.9076
66421,Y123,Ba2Y1Fe0.228Cu2.702O7.264,3.8653,3.8653,11.6749,2.3069,1.9326,,3.8653,1.93265
63429,Y123,Ba2Y1Cu3O6.92,3.8179,3.8801,11.6655,2.2981,1.927,,3.849,1.90895
83105,Y123,Ba2Y1Cu3O6.76,3.83832,3.88848,11.72843,2.3445,1.938,,3.8634,1.91916
80737,Y123,Ba2Y1Fe0.21Cu2.79O7.02,3.864,3.864,11.679,2.2937,1.932,,3.864,1.932
202432,Y123,Ba2Y1Cu3O6.5,3.8468,3.8747,11.7466,2.4291,1.9373,,3.86075,1.9234
87278,Y123,Ba2Y1Cu3O7.004,3.8215,3.885,11.6844,2.3008,1.9289,,3.85325,1.91075
63456,Y123,Ba1.5La0.75Y0.75Cu3O6.736,3.8693,3.8693,11.6061,2.255,1.9346,,3.8693,1.93465
75692,Y123,Ba2Y1Co0.29Cu2.71O7.05,3.8516,3.887,11.6674,2.3148,1.9396,,3.8693,1.9258
69942,Y123,Ba2Ca0.09Y0.91Fe0.09Cu2.91O7.01,3.8602,3.8602,11.6646,2.3177,1.9301,,3.8602,1.9301
78598,Y123,Ba2Y1Cu3O7,3.8207,3.8847,11.6761,2.306,1.93555,,3.8527,1.91035
94217,Y123,Ba2Y1Cu2.9Re0.1O7.049,3.84192,3.87655,11.69134,2.3219,1.9373,,3.859235,1.92096
67062,Y123,Ba2Y1Cu3O6.51,3.8468,3.8736,11.7601,2.4096,1.9368,,3.8602,1.9234
65315,Y123,Ba2Y1Cu3O6.39,3.8401,3.8729,11.758,2.4045,1.93525,,3.8565,1.92005
168188,Tl1212,Sr2Ca0.85Nd0.15Tl0.5Cu2Pb0.5O7,3.8111,3.8111,12.1306,2.4346,1.906,,3.8111,1.90555
168189,Tl1212,Sr2Ca0.8Nd0.2Tl0.5Cu2Pb0.5O7,3.8163,3.8163,12.1216,2.4328,1.9082,,3.8163,1.90815
72587,Tl1212,Sr2Y1Tl1Cu2O7,3.8157,3.8157,11.9963,2.2888,1.9154,,3.8157,1.90785
84026,Tl1212,Ba0.4Sr1.56Ca0.93Tl0.61Cu2Pb0.5O7,3.8045,3.8045,12.1874,2.4374,1.9037,,3.8045,1.90225
74164,Tl1212,Sr2Y1Tl1Cu2O7,3.816,3.816,11.971,2.1188,1.9614,,3.816,1.908
87150,Tl1212,Sr2Ca0.88Tl0.62Cu2Pb0.5O7,3.7991,3.7991,12.1347,2.3978,1.9003,,3.7991,1.89955
82343,Tl1212,Ba2Pr1Tl0.94Cu2O6.93,3.91836,3.91836,12.5498,2.4547,1.9706,,3.91836,1.95918
41965,Tl1212,Sr2Ca0.79Tl1.21Cu2O6.966,3.78331,3.78331,12.12041,2.3542,1.8951,,3.78331,1.891655
87152,Tl1212,Ba0.4Sr1.56Ca0.93Tl0.61Cu2Pb0.5O7,3.8045,3.8045,12.1874,2.4374,1.9037,,3.8045,1.90225
75902,Tl1212,Sr2Pr1Tl0.864Cu2O6.75,3.85404,3.85404,12.1046,2.2284,1.9308,,3.85404,1.92702
86961,Tl1212,Sr2Ca0.9Tl0.9Cr0.2Cu2O7,3.8158,3.8158,12.014,2.3559,1.9084,,3.8158,1.9079
80154,Tl1212,Sr2Ca0.81Tl1.19Cu2O7,3.7966,3.7966,12.092,2.3966,1.9002,,3.7966,1.8983
87023,Tl1212,Rb0.146Ba2Ca0.815Tl1.039Cu2O6.61,3.8575,3.8575,12.6978,2.7824,1.9297,,3.8575,1.92875
68576,Tl1212,Ba2Ca0.87Tl1.13Cu2O7,3.8472,3.8472,12.721,2.7451,1.9249,,3.8472,1.9236
85251,Tl1212,Ba2Ca0.831Tl1.1688Cu2O6.423,3.851,3.851,12.714,2.736,1.9263,,3.851,1.9255
75751,Tl1212,Sr2Pr1Tl0.899Cu2O6.77,3.85396,3.85396,12.1044,2.2538,1.9305,,3.85396,1.92698
74165,Tl1212,Sr2Ca1Tl1Cu2O7,3.783,3.783,12.066,2.0753,1.9281,,3.783,1.8915
203007,Tl1212,Sr1.86Ca1Tl0.3Cu2Pb0.7O7,3.794,3.794,12.084,2.4192,1.8992,,3.794,1.897
168190,Tl1212,Sr2Ca0.75Nd0.25Tl0.5Cu2Pb0.5O7,3.8219,3.8219,12.1149,2.4581,1.9109,,3.8219,1.91095
72731,Tl1212,Sr1.768Ca0.502Yb0.696Tl1Cu2O7.174,3.795,3.795,12.023,2.1773,1.9077,,3.795,1.8975
67105,Tl1212,Sr2Ca0.5Sm0.5Tl1Cu2O6.7858,3.817,3.817,12.054,2.4107,1.9085,,3.817,1.9085
87020,Tl1212,Ba2Ca0.841Tl1.159Cu2O6.5,3.8571,3.8571,12.7177,2.778,1.9288,,3.8571,1.92855
39670,Tl1212,Ba2La1Tl1Cu2O7,3.944,3.944,12.607,2.451,1.9799,,3.944,1.972
69923,Tl1212,Sr1.93Y1.054Tl0.754Cu2Pb0.246O7,3.83,3.83,12.031,2.2522,1.9251,,3.83,1.915
86964,Tl1212,Ba0.404Sr1.55Ca0.939Tl0.607Cu2Pb0.5O7,3.80452,3.80452,12.1874,2.4374,1.9037,,3.80452,1.90226
86963,Tl1212,Ba0.204Sr1.78Ca0.909Tl0.607Cu2Pb0.5O7,3.80052,3.80052,12.1439,2.4275,1.9015,,3.80052,1.90026
85250,Tl1212,Ba2Ca0.843Tl1.156Cu2O6.534,3.8528,3.8528,12.717,2.7565,1.927,,3.8528,1.9264
74163,Tl1212,Ba2Y1Tl1Cu2O7,3.866,3.866,12.457,2.8651,1.933,,3.866,1.933
65859,Tl1212,Sr2Ca0.91Tl0.59Cu2Pb0.5O7,3.795,3.795,12.094,2.0559,1.8975,,3.795,1.8975
79775,Tl1212,Ba1.04Sr0.96Ca0.78Tl1.22Cu2O7,3.8234,3.8234,12.384,2.5201,1.9138,,3.8234,1.9117
83809,Tl1212,Ba2Ca0.424Pr0.576Tl1Cu2O7,3.88416,3.88416,12.543,2.5474,1.9474,,3.88416,1.94208
69919,Tl1212,Ba2Ca0.8Nd0.2Tl0.96Cu2O6.86,3.85638,3.85638,12.6534,2.6863,1.9297,,3.85638,1.92819
75745,Tl1212,Ba2Pr1Tl0.936Cu2O7,3.9183,3.9183,12.5473,2.4266,1.9754,,3.9183,1.95915
74166,Tl1212,Sr2Ca1Tl0.5Cu2Pb0.5O7,3.785,3.785,12.059,2.0259,1.9267,,3.785,1.8925
41699,Tl1212,Sr2Ca0.37Lu0.63Tl0.992Cu2O7,3.78708,3.78708,12.0243,2.3074,1.9022,,3.78708,1.89354
41695,Tl1212,Sr2Ca0.19Lu0.81Tl0.98Cu2O6.96,3.79633,3.79633,11.9986,2.3217,1.907,,3.79633,1.898165
81156,Tl1212,Sr2Ca0.8Tl1.2Cu2O6.862,3.79333,3.79333,12.1259,2.3875,1.899,,3.79333,1.896665
41701,Tl1212,Sr2Ca0.82Tl1.152Cu2O6.93,3.78443,3.78443,12.119,2.3571,1.8956,,3.78443,1.892215
75749,Tl1212,Ba0.8Sr1.2Pr1Tl0.938Cu2O6.9,3.88199,3.88199,12.2737,2.3381,1.9462,,3.88199,1.940995
74274,Tl1212,Sr2.41Nd0.58Tl1Cu2O7,3.842,3.842,12.129,2.1832,1.9295,,3.842,1.921
75867,Tl1212,Sr2Ca0.89Tl0.78Cu2Bi0.33O7,3.7922,3.7922,12.0661,2.3915,1.897,,3.7922,1.8961
87022,Tl1212,Rb0.117Ba2Ca0.787Tl1.0958Cu2O6.8,3.8571,3.8571,12.7231,2.752,1.9299,,3.8571,1.92855
80155,Tl1212,Sr2Ca0.81Tl1.19Cu2O7,3.7808,3.7808,12.0855,2.3627,1.8933,,3.7808,1.8904
79774,Tl1212,Ba1.04Sr0.96Ca0.78Tl1.22Cu2O7,3.8356,3.8356,12.39,2.5734,1.9186,,3.8356,1.9178
75746,Tl1212,Ba1.6Sr0.4Pr1Tl0.9Cu2O6.64,3.90741,3.90741,12.4874,2.4412,1.9649,,3.90741,1.953705
202629,Tl1212,Ba2Ca0.9Tl1.1Cu1.9O7,3.833,3.833,12.68,2.4472,1.9175,,3.833,1.9165
75707,Tl1212,Sr2Ca0.9Tl0.5644Cu2Pb0.5O6.9628,3.80137,3.80137,12.12517,2.4055,1.9015,,3.80137,1.900685
83811,Tl1212,Sr2Ca0.48Pr0.52Tl0.94Cu2O6.96,3.8262,3.8262,12.1262,2.2833,1.918,,3.8262,1.9131
75748,Tl1212,Ba1Sr1Pr1Tl0.937Cu2O6.67,3.8887,3.8887,12.3084,2.3472,1.9516,,3.8887,1.94435
168191,Tl1212,Sr2Ca0.7Nd0.3Tl0.5Cu2Pb0.5O7,3.8261,3.8261,12.1101,2.4086,1.913,,3.8261,1.91305
87151,Tl1212,Ba0.2Sr1.78Ca0.9Tl0.62Cu2Pb0.5O7,3.8005,3.8005,12.1439,2.4275,1.9015,,3.8005,1.90025
81161,Tl1212,Sr2Ca0.8Tl1.2Cu2O6.934,3.78416,3.78416,12.1177,2.3536,1.8957,,3.78416,1.89208
69920,Tl1212,Ba2Ca0.5Nd0.5Tl0.948Cu2O6.86,3.87677,3.87677,12.6045,2.6255,1.9412,,3.87677,1.938385
75706,Tl1212,Sr2Ca0.9Tl0.5664Cu2Pb0.5O6.9956,3.80124,3.80124,12.12533,2.404,1.9015,,3.80124,1.90062
83810,Tl1212,Ba1Sr1Ca0.432Pr0.568Tl0.964Cu2O6.98,3.85262,3.85262,12.2813,2.3825,1.932,,3.85262,1.92631
67300,Tl1212,Sr2Ca0.5Er0.5Tl1Cu2O6.7501,3.798,3.798,12.014,2.4028,1.899,,3.798,1.899
74168,Tl1212,Sr2Ca0.8Y0.2Tl0.4Cu2Sn0.2Pb0.4O7,3.795,3.795,12.008,2.1254,1.927,,3.795,1.8975
72585,Tl1212,Sr2Nd1Tl1Cu2O7,3.8503,3.8503,12.0724,2.1983,1.9275,,3.8503,1.92515
69921,Tl1212,Ba2Nd1Tl0.96Cu2O6.96,3.91021,3.91021,12.4916,2.462,1.9643,,3.91021,1.955105
41698,Tl1212,Sr2Ca0.4Lu0.6Tl0.972Cu2O6.94,3.79601,3.79601,12.0251,2.3424,1.9044,,3.79601,1.898005
168187,Tl1212,Sr2Ca0.9Nd0.1Tl0.5Cu2Pb0.5O7,3.8036,3.8036,12.1496,2.4323,1.9031,,3.8036,1.9018
75705,Tl1212,Sr2Ca0.9Tl0.5496Cu2Pb0.5O7.0028,3.80063,3.80063,12.12478,2.4015,1.9012,,3.80063,1.900315
74275,Tl1212,Sr2.29Pr0.674Tl1Cu2O7,3.856,3.856,12.196,2.1952,1.9304,,3.856,1.928
69243,Tl1212,Sr1.3Ca1Nd0.7Tl1Cu2O6.91,3.8282,3.8282,11.9872,2.2851,1.917,,3.8282,1.9141
86962,Tl1212,Sr2Ca0.881Tl0.619Cu2Pb0.5O7,3.79906,3.79906,12.1347,2.3978,1.9003,,3.79906,1.89953
41697,Tl1212,Sr2Ca0.37Lu0.63Tl0.972Cu2O6.92,3.79896,3.79896,12.0301,2.3494,1.9057,,3.79896,1.89948
85252,Tl1212,Ba2Ca0.831Tl1.169Cu2O6.71,3.8499,3.8499,12.71,2.7222,1.9258,,3.8499,1.92495
41963,Tl1212,Sr2Ca0.8Tl1.2Cu2O6.862,3.79395,3.79395,12.1208,2.3965,1.899,,3.79395,1.896975
41964,Tl1212,Sr2Ca0.81Tl1.19Cu2O6.934,3.78443,3.78443,12.11899,2.3596,1.8955,,3.78443,1.892215
79773,Tl1212,Ba1.04Sr0.96Ca0.78Tl1.22Cu2O7,3.8271,3.8271,12.385,2.5463,1.9155,,3.8271,1.91355
84025,Tl1212,Ba0.2Sr1.78Ca0.9Tl0.62Cu2Pb0.5O7,3.8005,3.8005,12.1439,2.4275,1.9015,,3.8005,1.90025
74167,Tl1212,Sr2Ca0.8Y0.2Tl0.5Cu2Pb0.5O7,3.803,3.803,12.01,2.0537,1.9289,,3.803,1.9015
41700,Tl1212,Sr2Ca0.82Tl1.152Cu2O6.85,3.79395,3.79395,12.1281,2.3965,1.899,,3.79395,1.896975
72586,Tl1212,Ba1Sr1Y1Tl1Cu2O7,3.8421,3.8421,12.2064,2.2557,1.9495,,3.8421,1.92105
72584,Tl1212,Ba1Sr1Nd1Tl1Cu2O7,3.8798,3.8798,12.2573,2.2908,1.9487,,3.8798,1.9399
41696,Tl1212,Sr2Ca0.21Lu0.79Tl0.972Cu2O7,3.79322,3.79322,11.9985,2.3061,1.9069,,3.79322,1.89661
75747,Tl1212,Ba1.2Sr0.8Pr1Tl0.898Cu2O6.93,3.89526,3.89526,12.3821,2.36,1.9547,,3.89526,1.94763
75750,Tl1212,Ba0.4Sr1.6Pr1Tl0.899Cu2O6.87,3.86815,3.86815,12.1941,2.279,1.9383,,3.86815,1.934075
78597,Tl1212,Sr2Ca0.93Tl0.97Cr0.1Cu2O7,3.8155,3.8155,12.0222,2.4128,1.9097,,3.8155,1.90775
84024,Tl1212,Sr2Ca0.88Tl0.62Cu2Pb0.5O7,3.7991,3.7991,12.1347,2.3978,1.9003,,3.7991,1.89955
168186,Tl1212,Sr2Ca0.95Nd0.05Tl0.5Cu2Pb0.5O7,3.8054,3.8054,12.134,2.4437,1.9054,,3.8054,1.9027
87019,Tl1212,Ba2Ca0.86Tl1.14Cu2O6.41,3.8572,3.8572,12.7707,2.7966,1.929,,3.8572,1.9286
68577,Tl1212,Sr2Ca0.5La0.5Tl1Cu2O7,3.8,3.8,12.002,2.4003,1.9,,3.8,1.9
65330,Tl1212,Ba2Ca0.831Tl1.169Cu2O6.747,3.8566,3.8566,12.754,2.7612,1.9291,,3.8566,1.9283
83031,Y124,Ba4Ca0.18Ce0.18Y1.42Cu7.76O15.16,3.834,3.86,27.165,2.2193,1.9393,,3.847,1.917
94266,Y124,Ba3.56Sr0.44Y2Cu8O16,3.8299,3.8676,27.1707,2.2669,1.9318,,3.84875,1.91495
69698,Y124,Ba4Y2Cu8O16,3.8402,3.8708,27.2309,2.2939,1.9351,,3.8555,1.9201
94265,Y124,Ba4Y2Cu8O16,3.8402,3.8702,27.2283,2.2848,1.9364,,3.8552,1.9201
67631,Y124,Ba4Y2Cu8O16,3.8419,3.8715,27.241,2.2827,1.9355,,3.8567,1.92095
400274,Y124,Ba3.976Ca0.086Y1.938Cu8O16,3.8445,3.8721,27.2714,2.2847,1.9374,,3.8583,1.92225
400280,Y124,Ba4Y2Cu8O16,3.8386,3.8689,27.201,2.2775,1.935,,3.85375,1.9193
83920,Y124,Ba4Y2Cu8O16,3.8452,3.8666,27.2417,2.297,1.9362,,3.8559,1.9226
87014,Y124,Ba3.6848Y1.9168Fe0.2256Cu7.5056O16.7088,3.8466,3.8737,27.14919,2.085,1.93885,,3.86015,1.9233
71417,Y124,Ba4Y2Cu8O16,3.8408,3.8717,27.231,2.1512,1.9442,,3.85625,1.9204
85273,Y124,Ba4Y2Cu8O16,3.8453,3.8752,27.29,2.205,1.9375,,3.8602499999999997,1.92265
85276,Y124,Ba4Y2Cu8O12,3.8467,3.8778,27.258,2.2869,1.9139,,3.86225,1.92335
85279,Y124,Ba4Y2Cu8O16,3.8446,3.8762,27.23,2.2791,1.9396,,3.8604,1.9223
75713,Y124,Ba4Pr0.2Y1.8Cu8O16,3.8405,3.871,27.206,2.2064,1.9426,,3.85575,1.92025
75712,Y124,Ba4Y2Cu8O16,3.837,3.8678,27.203,2.1571,1.9381,,3.8524000000000003,1.9185
74261,Y124,Ba4Pr0.8Y1.2Cu8O16,3.85434,3.88261,27.2354,2.127,1.9429,,3.868475,1.92717
74426,Y124,Ba4Ce0.174Y1.566Cu7.56O15.32,3.829,3.86,27.152,2.3214,1.9322,,3.8445,1.9145
400273,Y124,Ba4Y2Cu8O16,3.8407,3.8746,27.2337,2.2789,1.9376,,3.85765,1.92035
97052,Y124,Ba4Y2Cu8O16,3.8436,3.8721,27.259,2.3006,1.9347,,3.85785,1.9218
74427,Y124,Ba3.96Y1.8Cu7.76O15.88,3.845,3.869,27.265,2.2657,1.937,,3.857,1.9225
83032,Y124,Ba3.96Y1.8Cu7.76O15.88,3.845,3.869,27.265,2.2657,1.937,,3.857,1.9225
88873,Y124,Ba4Y2Cu8O16,3.84,3.8704,27.225,2.283,1.9365,,3.8552,1.92
72263,Y124,Ba4Pr1.6Y0.4Cu8O16,3.8797,3.8919,27.296,2.2382,1.9488,,3.8858,1.93985
400276,Y124,Ba4Y2Cu8O16,3.842,3.873,27.242,2.2809,1.9373,,3.8575,1.921
75717,Y124,Ba4Pr1Y1Cu8O16,3.8585,3.8854,27.236,2.2306,1.9549500000000002,,3.87195,1.92925
72258,Y124,Ba4Y2Cu8O16,3.8374,3.8704,27.213,2.2796,1.9357,,3.8539000000000003,1.9187
83924,Y124,Ba4Y1.52Lu0.48Cu8O16,3.8409,3.864,27.21078,2.3047,1.9309,,3.85245,1.92045
94268,Y124,Ba2.76Sr1.24Y2Cu8O16,3.8086,3.8601,27.0588,2.2343,1.9221,,3.83435,1.9043
74262,Y124,Ba4Pr1.2Y0.8Cu8O16,3.86351,3.88967,27.2577,2.1506,1.9422,,3.87659,1.931755
72261,Y124,Ba4Y2Cu8O16,3.8448,3.8682,27.242,2.2992,1.935,,3.8565,1.9224
75714,Y124,Ba4Pr0.4Y1.6Cu8O16,3.845,3.8754,27.214,2.2288,1.9489,,3.8602,1.9225
85281,Y124,Ba4Y2Cu8O16,3.843,3.8768,27.176,2.2691,1.9425,,3.8598999999999997,1.9215
83925,Y124,Ba3.5Sr0.5Y2Cu8O16,3.8376,3.8643,27.18829,2.2675,1.9293,,3.85095,1.9188
83922,Y124,Ba4Ce0.2Y1.8Cu8O16,3.8456,3.8747,27.21909,2.2853,1.9384,,3.86015,1.9228
85272,Y124,Ba4Y2Cu8O16,3.843,3.873,27.252,2.3164,1.937,,3.858,1.9215
97055,Y124,Ba4Nd1.25Y0.75Cu8O16,3.8759,3.8864,27.308,2.2256,1.9444,,3.88115,1.93795
83030,Y124,Ba4Ca0.2Ce0.2Y1.6Cu7.72O15.52,3.847,3.868,27.265,2.2248,1.9364,,3.8575,1.9235
97054,Y124,Ba4Nd1Y1Cu8O16,3.8652,3.884,27.295,2.2736,1.9452,,3.8746,1.9326
75718,Y124,Ba4Pr1.2Y0.8Cu8O16,3.8629,3.8891,27.248,2.2125,1.9521,,3.876,1.93145
72262,Y124,Ba4Pr0.8Y1.2Cu8O16,3.8614,3.8807,27.26,2.2571,1.9435,,3.8710500000000003,1.9307
75689,Y124,Ba4Y2Cu8O16,3.8398,3.8693,27.237,2.2851,1.9351,,3.8545499999999997,1.9199
97053,Y124,Ba4Nd0.75Y1.25Cu8O16,3.8578,3.8803,27.26,2.2653,1.9353,,3.86905,1.9289
85280,Y124,Ba4Y2Cu8O16,3.8476,3.8816,27.23,2.2709,1.9433,,3.8646000000000003,1.9238
83923,Y124,Ba4Pr0.2Y1.8Cu8O16,3.8446,3.8696,27.23209,2.288,1.9367,,3.8571,1.9223
75715,Y124,Ba4Pr0.6Y1.4Cu8O16,3.8485,3.8786,27.215,2.2506,1.9445,,3.86355,1.92425
75716,Y124,Ba4Pr0.8Y1.2Cu8O16,3.8531,3.8819,27.227,2.2217,1.9472,,3.8674999999999997,1.92655
94267,Y124,Ba3.36Sr0.64Y2Cu8O16,3.8232,3.8644,27.1387,2.2594,1.9285,,3.8438,1.9116
83926,Y124,Ba3.5Sr0.5Y1.04Lu0.96Cu8O16,3.824,3.8601,27.1662,2.2876,1.9262,,3.84205,1.912
85274,Y124,Ba4Y2Cu8O16,3.8316,3.8599,27.151,2.3132,1.9241,,3.84575,1.9158
74425,Y124,Ba3.4Y1.76Cu7.52O15.32,3.839,3.871,27.259,2.1998,1.9391,,3.855,1.9195
75719,Y124,Ba4Pr1.4Y0.6Cu8O16,3.8667,3.8918,27.251,2.1855,1.9377,,3.87925,1.93335
85278,Y124,Ba4Y2Cu8O16,3.8455,3.8762,27.26,2.2898,1.9393,,3.86085,1.92275
400278,Y124,Ba4Ca0.12Y1.88Cu8O16,3.837,3.8672,27.2237,2.2862,1.9332,,3.8521,1.9185
400279,Y124,Ba4Y2Cu8O16,3.8403,3.8698,27.248,2.2809,1.9357,,3.8550500000000003,1.92015
400282,Y124,Ba4Ca0.082Y1.918Cu8O16,3.8421,3.8718,27.2565,2.284,1.9354,,3.85695,1.92105
400277,Y124,Ba4Y2Cu8O16,3.8385,3.8733,27.2,2.2801,1.9353,,3.8559,1.91925
85275,Y124,Ba4Y2Cu8O16,3.8438,3.874,27.233,2.2848,1.9403,,3.8589,1.9219
75813,Y124,Ba4Ca0.2Y1.8Cu8O16,3.8389,3.8677,27.239,2.2869,1.9362,,3.8533,1.91945
85277,Y124,Ba4Y2Cu8O16,3.8519,3.8836,27.316,2.2836,1.9574,,3.86775,1.92595
67633,Y124,Ba3.8Sr0.2Y2Cu8O16,3.8363,3.8699,27.215,2.3105,1.9281,,3.8531,1.91815
74259,Y124,Ba4Y2Cu8O16,3.83996,3.86971,27.2314,2.154,1.9388,,3.854835,1.91998
74260,Y124,Ba4Pr0.4Y1.6Cu8O16,3.84614,3.87629,27.2268,2.1835,1.9379,,3.861215,1.92307
83921,Y124,Ba4Tb0.2Y1.8Cu8O16,3.8459,3.8702,27.25209,2.2938,1.937,,3.85805,1.92295
67635,Y124,Ba3.6Sr0.4Y2Cu8O16,3.836,3.8675,27.196,2.2926,1.9291,,3.85175,1.918
155035,Hg1201,Sr2Cu1Hg0.748Mo0.252O4.604,3.7794,3.7794,8.86,2.4586,1.8897,,3.7794,1.8897
50092,Hg1201,Ba2Cu1Hg1O4.12,3.882,3.882,9.527,2.7837,1.941,,3.882,1.941
41637,Hg1201,Ba2Cu1Hg1O4.08,3.8928,3.8928,9.5451,2.8005,1.9464,,3.8928,1.9464
89374,Hg1201,Ba2Cu1Hg1O4.194,3.87923,3.87923,9.5244,2.7782,1.9396,,3.87923,1.939615
89371,Hg1201,Ba2Cu1Hg1O4.054,3.8891,3.8891,9.5407,2.7925,1.9445,,3.8891,1.94455
79057,Hg1201,Ba2Cu1Hg0.98O4.34,3.86586,3.86586,9.4764,2.8144,1.9329,,3.86586,1.93293
87307,Hg1201,Ba2Cu1Hg0.94O4.07,3.8862,3.8862,9.5319,2.7966,1.9431,,3.8862,1.9431
83047,Hg1201,Sr2Cu1Hg0.5Bi0.5O4.92,3.7652,3.7652,8.9428,2.4539,1.8826,,3.7652,1.8826
41639,Hg1201,Ba2Cu1Hg1O4.18,3.8806,3.8806,9.5279,2.7878,1.9403,,3.8806,1.9403
79035,Hg1201,Sr2Cr0.44Cu1Hg0.56O4.89,3.8412,3.8412,8.7009,2.4536,1.9206,,3.8412,1.9206
151731,Hg1201,Ba2Cu1Hg1O4.136,3.8837,3.8837,9.5298,2.7846,1.9418,,3.8837,1.94185
87306,Hg1201,Ba2Cu1Hg0.97O4.057,3.8864,3.8864,9.5316,2.8032,1.9432,,3.8864,1.9432
41633,Hg1201,Ba2Cu1Hg1O4.18,3.8805,3.8805,9.5288,2.7862,1.9402,,3.8805,1.94025
89370,Hg1201,Ba2Cu1Hg1O4.05,3.88723,3.88723,9.5372,2.7877,1.9436,,3.88723,1.943615
87309,Hg1201,Ba2Cu1Hg0.94O4.19,3.8795,3.8795,9.5237,2.7713,1.9397,,3.8795,1.93975
50260,Hg1201,Ba2Cu1Hg0.968O4.063,3.8907,3.8907,9.5563,2.799,1.9453,,3.8907,1.94535
89375,Hg1201,Ba2Cu1Hg1O4.176,3.879,3.879,9.5237,2.7809,1.9395,,3.879,1.9395
98400,Hg1201,Sr2Cu1Hg0.748Mo0.252O4.604,3.7794,3.7794,8.86,2.4586,1.8897,,3.7794,1.8897
85396,Hg1201,Ba2Cu1Hg1O4.31,3.8784,3.8784,9.4903,2.7806,1.9392,,3.8784,1.9392
50117,Hg1201,Ba2Cr0.284Cu1Hg0.635O4.6344,3.94066,3.94066,9.24,2.6518,1.9703,,3.94066,1.97033
87250,Hg1201,Sr2Cr0.47Cu0.81Hg0.53O4.6,3.85,3.85,8.715,2.5639,1.925,,3.85,1.925
50115,Hg1201,Ba2Cr0.228Cu1Hg0.706O4.496,3.92575,3.92575,9.3049,2.6742,1.9628,,3.92575,1.962875
88782,Hg1201,Ba2Cu1Hg1O4.09,3.8755,3.8755,9.4994,2.7709,1.9377,,3.8755,1.93775
85391,Hg1201,Ba2Cu1Hg1O4.34,3.8816,3.8816,9.5163,2.7216,1.9408,,3.8816,1.9408
89231,Hg1201,Ba2Cu1Hg0.752Mo0.252O4.584,3.883,3.883,9.3547,2.724,1.9415,,3.883,1.9415
83113,Hg1201,Ba2Cu1Hg0.78Bi0.22O4.28,3.88,3.88,9.492,2.7621,1.94,,3.88,1.94
87311,Hg1201,Ba2Cu1Hg0.96O4.124,3.8851,3.8851,9.5263,2.7873,1.9425,,3.8851,1.94255
85392,Hg1201,Ba2Cu1Hg1O4.27,3.8792,3.8792,9.5117,2.7393,1.9396,,3.8792,1.9396
86531,Hg1201,Ba2Cu1Hg0.955O4.114,3.8832,3.8832,9.528,2.7936,1.9416,,3.8832,1.9416
291054,Hg1201,Ba2Cu1Hg1O4.15,3.88,3.88,9.527,2.7761,1.94,,3.88,1.94
50261,Hg1201,Ba2Cu1Hg0.938Pb0.108O4.292,3.8836,3.8836,9.5532,2.7857,1.9418,,3.8836,1.9418
83048,Hg1201,Sr1.5La0.5Cu1Hg0.5Bi0.5O5,3.7769,3.7769,8.8252,2.4004,1.8884,,3.7769,1.88845
85395,Hg1201,Ba2Cu1Hg1O4.24,3.8751,3.8751,9.4852,2.7791,1.9375,,3.8751,1.93755
151730,Hg1201,Ba2Cu1Hg0.96O4.124,3.8851,3.8851,9.5263,2.7873,1.9425,,3.8851,1.94255
151729,Hg1201,Ba2Cu1Hg1O4.194,3.8792,3.8792,9.5244,2.7782,1.9396,,3.8792,1.9396
87335,Hg1201,Ba2Cu1Hg0.992O4.0388,3.8839,3.8839,9.538,2.89,1.9419,,3.8839,1.94195
79041,Hg1201,Ba2Cu1Hg1O4.23,3.8731,3.8731,9.4829,2.75,1.9365,,3.8731,1.93655
82055,Hg1201,Ba2Cu1Hg0.99O4.1,3.8888,3.8888,9.5464,2.8123,1.9444,,3.8888,1.9444
85394,Hg1201,Ba2Cu1Hg1O4.27,3.8793,3.8793,9.505,2.7374,1.9396,,3.8793,1.93965
74085,Hg1201,Sr1.5La0.5Cu1Hg0.5Bi0.5O5,3.7753,3.7753,8.8765,2.4144,1.8876,,3.7753,1.88765
82921,Hg1201,Ba2Ce0.15Cu1Hg0.85O4.15,3.8801,3.8801,9.495,2.8295,1.94,,3.8801,1.94005
291056,Hg1201,Ba2Cu1Re0.14Hg0.86O5.62,3.872,3.872,9.42,2.7421,1.936,,3.872,1.936
74094,Hg1201,Sr1.2La0.8Cu1Hg0.5Pb0.5O5,3.7908,3.7908,8.6915,2.0077,1.8954,,3.7908,1.8954
79056,Hg1201,Ba2Cu1Hg0.96O4.34,3.8639,3.8639,9.4771,2.7388,1.9319,,3.8639,1.93195
75720,Hg1201,Ba2Cu1Hg1O4,3.8791,3.8791,9.5159,2.7891,1.9395,,3.8791,1.93955
88783,Hg1201,Ba2Cu1Hg1O4.09,3.8777,3.8777,9.5054,2.7565,1.9388,,3.8777,1.93885
87312,Hg1201,Ba2Cu1Hg0.91O4.12,3.8851,3.8851,9.5202,2.7798,1.9425,,3.8851,1.94255
291057,Hg1201,Ba2Cu1Re0.15Hg0.817O6.29,3.876,3.876,9.39,2.7324,1.938,,3.876,1.938
50113,Hg1201,Ba2Cu1Hg1O4.139,3.88407,3.88407,9.5425,2.794,1.942,,3.88407,1.942035
86993,Hg1201,Ba2Tl0.21Cu1Hg0.78O4.21,3.876,3.876,9.4937,2.7151,1.938,,3.876,1.938
41642,Hg1201,Ba2Cu1Hg1O4.21,3.8762,3.8762,9.5217,2.7803,1.9381,,3.8762,1.9381
82021,Hg1201,Ba2Cu1Hg0.743S0.184O4.486,3.8986,3.8986,9.2966,2.6467,1.9493,,3.8986,1.9493
41640,Hg1201,Ba2Cu1Hg1O4.04,3.8955,3.8955,9.5331,2.7998,1.9477,,3.8955,1.94775
85393,Hg1201,Ba2Cu1Hg1O4.01,3.8776,3.8776,9.5005,2.7456,1.9388,,3.8776,1.9388
50114,Hg1201,Ba2Cr0.088Cu1Hg0.822O4.267,3.90671,3.90671,9.4237,2.7517,1.9533,,3.90671,1.953355
41641,Hg1201,Ba2Cu1Hg1O4.23,3.8751,3.8751,9.5175,2.7667,1.9375,,3.8751,1.93755
81062,Hg1201,Ba2Cu1Hg1O4.12,3.8732,3.8732,9.48088,2.7797,1.9366,,3.8732,1.9366
83153,Hg1201,Ba2Cu1Hg1O4.066,3.874,3.874,9.504,2.7637,1.937,,3.874,1.937
50116,Hg1201,Ba2Cr0.284Cu1Hg0.633O4.6314,3.93882,3.93882,9.25,2.6519,1.9694,,3.93882,1.96941
50264,Hg1201,Ba1Sr1V0.332Cu1Hg0.67O4.66,3.8523,3.8523,9.077,2.5778,1.9261,,3.8523,1.92615
79043,Hg1201,Ba2Cu1Hg0.92C0.084O4.19,3.873,3.873,9.4829,2.7272,1.9365,,3.873,1.9365
79042,Hg1201,Ba2Cu1Hg0.93C0.074O4.288,3.8731,3.8731,9.4829,2.7462,1.9365,,3.8731,1.93655
89369,Hg1201,Ba2Cu1Hg1O4.136,3.88367,3.88367,9.5298,2.7846,1.9418,,3.88367,1.941835
77477,Hg1201,Ba2Cu1Hg1O4.1,3.87766,3.87766,9.5073,2.7951,1.9388,,3.87766,1.93883
87066,Hg1201,Ba2V0.2268Cu1Hg0.773O4.5692,3.8895,3.8895,9.3451,2.7334,1.9447,,3.8895,1.94475
86524,Hg1201,Ba2Cu1Hg0.969O4.08,3.8907,3.8907,9.5563,2.7999,1.9453,,3.8907,1.94535
86992,Hg1201,Ba2Tl0.1Cu1Hg0.9O4.1,3.8771,3.8771,9.4885,2.6947,1.9385,,3.8771,1.93855
74075,Hg1201,Ba2Cu1Hg1O4.063,3.8829,3.8829,9.5129,2.7844,1.9414,,3.8829,1.94145
63317,T,Sr0.3La3.7Cu2O8,3.7793,3.7793,13.226,2.4124,1.8896,3.6911,3.7793,1.88965
92375,T,Sr0.3La3.7Zn0.2Cu1.8O8,3.7932,3.7932,13.1147,2.3632,1.8966,3.6353,3.7932,1.8966
65875,T,K0.4La3.6Cu2O8,3.7833,3.7833,13.1918,2.414,1.8916,3.6699,3.7833,1.89165
75780,T,Rb0.11La3.89Cu2O8,3.7858,3.7858,13.2759,2.4427,1.8929,3.7103,3.7858,1.8929
84446,T,Sr0.3La3.7Mg0.4Cu1.6O8,3.78587,3.78587,13.1918,2.4338,1.8929,3.691,3.78587,1.892935
259585,T,Sr0.3La3.7Cu1.7Ni0.3O8,3.788999,3.788999,13.1436,2.3527,1.8944,3.646,3.788999,1.8944995
68378,T,Ba0.3La3.7Cu2O8,3.7873,3.7873,13.2883,2.4291,1.8936,3.7039,3.7873,1.89365
68892,T,Ca0.2La3.8Cu2O8,3.8015,3.8015,13.2176,2.4373,1.9007,3.7934,3.8015,1.90075
68893,T,Ca0.4La3.6Cu2O8,3.8013,3.8013,13.2325,2.4228,1.9006,3.7183,3.8013,1.90065
92378,T,Sr0.3La3.7Cu1.98Ni0.02O8,3.7701,3.7701,13.2003,2.5621,1.885,3.6696,3.7701,1.88505
92383,T,Sr0.3La3.7Mg0.1Cu1.9O8,3.7771,3.7771,13.1981,2.464,1.8885,3.6637,3.7771,1.88855
62608,T,Sr0.3La3.7Cu2O8,3.7966,3.7966,13.186,2.4064,1.8983,3.6672,3.7966,1.8983
184668,T,Sr0.66La3.34Ti0.12Cu1.88O8,3.7749,3.7749,13.222,2.4064,1.8874,3.6757,3.7749,1.88745
90704,T,Sr0.3La3.16Cu2Pb0.54O8,3.7802,3.7802,13.212,2.4151,1.8901,3.6544,3.7802,1.8901
83123,T,Sr0.3La3.7Zn0.2Cu1.8O8,3.79346,3.79346,13.1533,2.3649,1.8967,3.6487,3.79346,1.89673
259583,T,Sr0.3La3.7Cu1.78Ni0.22O8,3.78515,3.78515,13.1706,2.3838,1.8925,3.6561,3.78515,1.892575
74148,T,Sr0.34La3.66Cu2O8,3.7712,3.7712,13.2196,2.4086,1.8856,3.6882,3.7712,1.8856
184666,T,Sr0.54La3.46Ti0.12Cu1.88O8,3.7784,3.7784,13.208,2.4038,1.8892,3.6718,3.7784,1.8892
85269,T,Sr0.3La3.7Cu2O8,3.7752,3.7752,13.2274,2.4153,1.8876,3.6798,3.7752,1.8876
84444,T,Sr0.3La3.7Mg0.1Cu1.9O8,3.7769,3.7769,13.1979,2.4244,1.8884,3.661,3.7769,1.88845
236446,T,Sr1.6844La2.3152Cu2O6.9552,3.759,3.759,13.007,2.1974,1.8795,3.7077,3.759,1.8795
65383,T,Sr0.3La3.7Cu2O7.92,3.7749,3.7749,13.2231,2.4145,1.8874,3.6866,3.7749,1.88745
68894,T,La4Cu1Ni1O8,3.8512,3.8512,13.001,2.3323,1.9256,3.6454,3.8512,1.9256
65804,T,Sr0.192La3.736Cu2O7.56,3.789,3.789,13.207,2.4063,1.8945,3.6699,3.789,1.8945
65848,T,Sr0.4La3.6Co0.03Cu1.97O8,3.77547,3.77547,13.2463,2.4028,1.8877,3.6983,3.77547,1.887735
69247,T,Sr0.3La3.7Cu2O8,3.7745,3.7745,13.2404,2.4044,1.8872,3.694,3.7745,1.88725
259587,T,Sr0.3La3.7Cu1.62Ni0.38O8,3.79253,3.79253,13.1202,2.3485,1.8962,3.6342,3.79253,1.896265
10252,T,Sr2La2Cu2O8,3.765,3.765,13.27,2.2426,1.8825,3.7155,3.765,1.8825
41643,T,La4Cu2O8,3.7817,3.7817,13.2487,2.4165,1.8908,3.6884,3.7817,1.89085
84443,T,Sr0.3La3.7Cu2O8,3.77081,3.77081,13.2174,2.4068,1.8854,3.6797,3.77081,1.885405
90707,T,Sr0.3La3.7Zn0.32Cu1.68O7.88,3.8213,3.8213,13.242,2.4299,1.9106,3.6759,3.8213,1.91065
65851,T,Sr0.4La3.6Co0.2Cu1.8O8,3.78493,3.78493,13.1718,2.384,1.8924,3.6538,3.78493,1.892465
92382,T,Sr0.3La3.7Cu1.4Ni0.6O8,3.8025,3.8025,13.0655,2.374,1.9012,3.6034,3.8025,1.90125
85370,T,Sr1.3La2.7Cu1.8Ru0.2O8,3.7846,3.7846,13.1921,2.3178,1.8923,3.7017,3.7846,1.8923
85374,T,Sr1.76La2.24Cu1.4Ru0.6O8,3.8318,3.8318,13.084,2.3184,1.9159,3.6844,3.8318,1.9159
65850,T,Sr0.4La3.6Co0.07Cu1.93O8,3.77682,3.77682,13.2382,2.4027,1.8884,3.6934,3.77682,1.88841
259574,T,Sr0.3La3.7Cu2O8,3.77709,3.77709,13.2368,2.4024,1.8885,3.6904,3.77709,1.888545
92380,T,Sr0.3La3.7Cu1.8Ni0.2O8,3.7803,3.7803,13.1576,2.4552,1.8901,3.6604,3.7803,1.89015
83122,T,Sr0.3La3.7Zn0.1Cu1.9O8,3.78001,3.78001,13.19528,2.3883,1.89,3.663,3.78001,1.890005
184665,T,Sr0.3La3.7Ti0.12Cu1.88O8,3.7958,3.7958,13.165,2.396,1.8979,3.6598,3.7958,1.8979
68891,T,Ba0.4La3.6Cu2O8,3.8008,3.8008,13.3608,2.4022,1.9004,3.765,3.8008,1.9004
74147,T,Sr0.2La3.8Cu2O8,3.779,3.779,13.1962,2.4096,1.8895,3.6685,3.779,1.8895
74152,T,Sr0.34La3.66Cu2O8,3.8059,3.8059,13.2516,2.4263,1.9029,3.7236,3.8059,1.90295
172823,T,Sr1La3Mn1Cu1O8,3.7927,3.7927,13.2003,2.343,1.8963,3.7356,3.7927,1.89635
259582,T,Sr0.3La3.7Cu1.82Ni0.18O8,3.78365,3.78365,13.1825,2.386,1.8918,3.662,3.78365,1.891825
69280,T,Sr0.16La3.84Cu2O8,3.7825,3.7825,13.152,2.3884,1.8912,3.6486,3.7825,1.89125
92381,T,Sr0.3La3.7Cu1.6Ni0.4O8,3.7823,3.7823,13.0848,2.4337,1.8911,3.6297,3.7823,1.89115
74151,T,Sr0.34La3.66Cu2O8,3.7769,3.7769,13.23,2.4078,1.8884,3.6938,3.7769,1.88845
259581,T,Sr0.3La3.7Cu1.86Ni0.14O8,3.7825,3.7825,13.1939,2.4012,1.8912,3.6679,3.7825,1.89125
84447,T,Sr0.3La3.7Mg0.6Cu1.4O8,3.8124,3.8124,13.0817,2.3376,1.9062,3.6157,3.8124,1.9062
184669,T,Sr0.78La3.22Ti0.12Cu1.88O8,3.7724,3.7724,13.224,2.4067,1.8862,3.6762,3.7724,1.8862
89107,T,K0.4La3.6Cu2O8,3.7683,3.7683,13.259,2.4091,1.8841,3.7072,3.7683,1.88415
74153,T,Sr0.34La3.66Cu2O8,3.8363,3.8363,13.2708,2.4829,1.9181,3.7662,3.8363,1.91815
90706,T,Sr0.3La3.7Zn0.26Cu1.74O7.82,3.815,3.815,13.305,2.4121,1.9075,3.6987,3.815,1.9075
92373,T,Sr0.3La3.7Cu2O8,3.7798,3.7798,13.2452,2.4304,1.8899,3.6795,3.7798,1.8899
62948,T,Sr0.4La3.6Cu2O8,3.774,3.774,13.221,2.1814,1.887,3.7812,3.774,1.887
92374,T,Sr0.3La3.7Zn0.1Cu1.9O8,3.7775,3.7775,13.1942,2.5108,1.8887,3.6627,3.7775,1.88875
202492,T,Sr0.3La3.7Cu2O7.2,3.7748,3.7748,13.2213,2.4049,1.8874,3.6728,3.7748,1.8874
259584,T,Sr0.3La3.7Cu1.74Ni0.26O8,3.78745,3.78745,13.1548,2.3547,1.8937,3.6465,3.78745,1.893725
259579,T,Sr0.3La3.7Cu1.9Ni0.1O8,3.78088,3.78088,13.2068,2.4036,1.8904,3.6714,3.78088,1.89044
68039,T,Sr0.3La3.7Cu2O8,3.787,3.787,13.225,2.4115,1.8935,3.6834,3.787,1.8935
74149,T,Sr0.4La3.6Cu2O8,3.7653,3.7653,13.2361,2.4089,1.8826,3.7008,3.7653,1.88265
85369,T,Sr0.4La3.6Cu1.8Ru0.2O8,3.8078,3.8078,13.1608,2.3821,1.9039,3.656,3.8078,1.9039
92386,T,Sr0.3La3.7Mg0.6Cu1.4O8,3.8125,3.8125,13.0821,2.377,1.9062,3.608,3.8125,1.90625
259575,T,Sr0.3La3.7Cu1.984Ni0.016O8,3.77767,3.77767,13.2321,2.395,1.8888,3.6891,3.77767,1.888835
92379,T,Sr0.3La3.7Cu1.92Ni0.08O8,3.7706,3.7706,13.1801,2.4607,1.8853,3.6587,3.7706,1.8853
39313,T,Sr0.4La3.6Cu2O7.8,3.764,3.764,13.17,2.3969,1.882,3.6612,3.764,1.882
83121,T,Sr0.3La3.7Cu2O8,3.77785,3.77785,13.246,2.412,1.8889,3.6876,3.77785,1.888925
69279,T,Sr0.16La3.84Cu2O8,3.7866,3.7866,13.128,2.3932,1.8933,3.6406,3.7866,1.8933
84445,T,Sr0.3La3.7Mg0.2Cu1.8O8,3.77903,3.77903,13.1604,2.4386,1.8895,3.6691,3.77903,1.889515
65847,T,Sr0.4La3.6Cu2O8,3.77409,3.77409,13.2579,2.4089,1.887,3.7042,3.77409,1.887045
92385,T,Sr0.3La3.7Mg0.4Cu1.6O8,3.7861,3.7861,13.1926,2.4538,1.893,3.6596,3.7861,1.89305
62958,T,Sr0.24La3.76Cu2O8,3.7798,3.7798,13.216,2.392,1.8899,3.6896,3.7798,1.8899
62947,T,Ba0.4La3.6Cu2O8,3.779,3.779,13.171,2.1732,1.8895,3.7669,3.779,1.8895
87977,T,Ba0.26La3.74Cu2O8,3.7782,3.7782,13.242,2.4299,1.8891,3.6759,3.7782,1.8891
63337,T,Sr0.3La3.7Cu2O7.88,3.778,3.778,13.237,2.4117,1.889,3.6931,3.778,1.889
239894,T,Ca0.3La3.7Cu1.8Ni0.2O8,3.7855,3.7855,13.1246,2.4254,1.8927,3.6512,3.7855,1.89275
87973,T,Sr0.212La3.788Cu2O8,3.7802,3.7802,13.218,2.4255,1.8901,3.6746,3.7802,1.8901
180516,T,Sr1.2La2.8Cu2O7.76,3.76265,3.76265,13.2329,2.3898,1.8813,3.7237,3.76265,1.881325
65873,T,Na0.12La3.88Cu2O8,3.7796,3.7796,13.1871,2.4132,1.8898,3.6712,3.7796,1.8898
69281,T,Sr0.16La3.84Cu2O8,3.7812,3.7812,13.155,2.3757,1.8906,3.6505,3.7812,1.8906
65849,T,Sr0.4La3.6Co0.05Cu1.95O8,3.77664,3.77664,13.2386,2.4001,1.8883,3.6935,3.77664,1.88832
84491,T,Sr0.2La3.8Cu2O8,3.7838,3.7838,13.2302,2.4171,1.8919,3.6859,3.7838,1.8919
259577,T,Sr0.3La3.7Cu1.94Ni0.06O8,3.77939,3.77939,13.2181,2.4189,1.8896,3.6825,3.77939,1.889695
239893,T,Ca0.3La3.7Cu2O8,3.7815,3.7815,13.1728,2.4251,1.8907,3.6673,3.7815,1.89075
85371,T,Sr1.84La2.16Cu1.8Ru0.2O8,3.7908,3.7908,13.0594,2.2331,1.8954,3.6879,3.7908,1.8954
108997,T,Li1La4Cu1O8,3.731,3.731,13.2,2.0196,1.8655,3.8076,3.731,1.8655
180519,T,Sr2La2Cu2O7.28,3.76215,3.76215,13.0373,2.1889,1.881,3.6947,3.76215,1.881075
90705,T,Sr0.3La3.62Cu2O7.7,3.7985,3.7985,13.312,2.4281,1.8992,3.714,3.7985,1.89925
259578,T,Sr0.3La3.7Cu1.92Ni0.08O8,3.78014,3.78014,13.213,2.4047,1.89,3.6784,3.78014,1.89007
259580,T,Sr0.3La3.7Cu1.88Ni0.12O8,3.78131,3.78131,13.2006,2.4025,1.8906,3.6671,3.78131,1.890655
239895,T,Ca0.3La3.7Cu1.6Ni0.4O8,3.7945,3.7945,13.0753,2.394,1.8972,3.627,3.7945,1.89725
85373,T,Sr1.48La2.52Cu1.4Ru0.6O8,3.8333,3.8333,13.0743,2.3246,1.9166,3.6555,3.8333,1.91665
180517,T,Sr1.2La2.8Cu2O8,3.7601,3.7601,13.1881,2.263,1.88,3.69,3.7601,1.88005
92384,T,Sr0.3La3.7Mg0.2Cu1.8O8,3.7789,3.7789,13.1599,2.4556,1.8894,3.661,3.7789,1.88945
259576,T,Sr0.3La3.7Cu1.96Ni0.04O8,3.77858,3.77858,13.2245,2.3936,1.8892,3.679,3.77858,1.88929
259586,T,Sr0.3La3.7Cu1.66Ni0.34O8,3.79104,3.79104,13.1302,2.3503,1.8955,3.637,3.79104,1.89552
184667,T,Sr0.62La3.38Ti0.12Cu1.88O8,3.7754,3.7754,13.221,2.4062,1.8877,3.6754,3.7754,1.8877
80071,Hg2212,Ba4Ca0.8Y1.2Cu4Hg4O15.52,3.8545,3.8545,29.034,2.5085,1.9343,,3.8545,1.92725
91265,Hg2212,Sr4Ce1Dy3Cu4Hg1.5W0.5O18,3.8161,3.8161,29.087,2.1058,1.9095,,3.8161,1.90805
55653,Hg2212,Ba1.2Sr2.8Y2.68Cu4Hg3.32O15.76,3.83195,3.83195,28.4176,2.3131,1.9304,,3.83195,1.915975
96049,Hg2212,Ba4Ca0.52Y1.48Cu4Hg3.5Pb0.5O15.968,3.85742,3.85742,28.8228,2.4435,1.9375,,3.85742,1.92871
91267,Hg2212,Sr4Ce1Er3Cu4Hg1.5W0.5O18,3.8058,3.8058,29.008,2.1465,1.9037,,3.8058,1.9029
91266,Hg2212,Sr4Ce1Ho3Cu4Hg1.5W0.5O18,3.8124,3.8124,29.043,2.1578,1.9078,,3.8124,1.9062
87039,Hg2212,Ba4Tl3.9Cu4Hg2.1O16,3.889,3.889,29.04,2.4393,1.9479,,3.889,1.9445
85227,Hg2212,Ba4Ca0.4Y1.6Tl1.2Cu4Hg2.8O16.016,3.86253,3.86253,28.9629,2.4627,1.9423,,3.86253,1.931265
89135,Hg2212,Ba4Ca0.4Y1.6Tl1.2Cu4Hg2.8O16,3.86436,3.86436,29.0078,2.3061,1.9413,,3.86436,1.93218
96048,Hg2212,Ba4Y2Cu4Hg3.5Pb0.5O16.048,3.86716,3.86716,28.8433,2.441,1.9445,,3.86716,1.93358
78315,Hg2212,Ba4Y2Cu4Hg4O15.1008,3.8606,3.8606,28.915,2.4693,1.9394,,3.8606,1.9303
91158,Hg2212,Ba1.28Sr3.28Ca1.44Tl2.6Cu4Hg1.4O16,3.81884,3.81884,28.86649,2.2342,1.9148,,3.81884,1.90942
83183,Hg2212,Ba4Ca0.6Y1.4Tl1.2Cu4Hg2.8O15.04,3.8607,3.8607,29.04259,2.3175,1.9387,,3.8607,1.93035
83182,Hg2212,Ba4Ca0.34Y1.66Tl1.2Cu4Hg2.8O15.52,3.8632,3.8632,28.97899,2.4342,1.935,,3.8632,1.9316
89133,Hg2212,Ba4Ca0.4Y1.6Tl1.2Cu4Hg2.8O16,3.86436,3.86436,28.9881,2.3857,1.9525,,3.86436,1.93218
50651,Hg2212,Ba2Ca6Cu7.192Re0.0803Hg0.922O16.2,3.8514,3.8514,28.388,2.404,1.9258,,3.8514,1.9257
80069,Hg2212,Ba4Pr0.58Y2Cu4Hg3.42O16.2992,3.8746,3.8746,28.894,2.4791,1.9497,,3.8746,1.9373
96050,Hg2212,Ba4Ca0.84Y1.16Cu4Hg3Pb1O16,3.85554,3.85554,28.9314,2.4892,1.9343,,3.85554,1.92777
85239,Hg2212,Ba4Ca0.4Y1.6Tl1.2Cu4Hg2.8O16.016,3.86264,3.86264,28.9639,2.4619,1.9423,,3.86264,1.93132
91157,Hg2212,Ba1.48Sr2.7Ca1.82Tl2.6Cu4Hg1.4O15.8,3.81766,3.81766,28.911,2.4776,1.911,,3.81766,1.90883
83181,Hg2212,Ba4Ca0.18Y1.82Tl1.2Cu4Hg2.8O15.52,3.86607,3.86607,28.95239,2.2988,1.9455,,3.86607,1.933035
89134,Hg2212,Ba4Ca0.4Y1.6Tl1.2Cu4Hg2.8O16,3.86433,3.86433,29.00809,2.251,1.941,,3.86433,1.932165
55654,Hg2212,Sr4Y2.96Cu4Hg3.04O15.6,3.8112,3.8112,28.136,2.2733,1.9172,,3.8112,1.9056
89136,Hg2212,Ba4Ca0.4Y1.6Tl1.2Cu4Hg2.8O16,3.86575,3.86575,29.01849,2.2228,1.9392,,3.86575,1.932875
80070,Hg2212,Ba4Y2Cu4Hg4O15.0992,3.8606,3.8606,28.915,2.4693,1.9394,,3.8606,1.9303
84286,Hg1212,Ba1.59Sr0.51Ca0.9V0.31Cu2Hg0.69O7,3.8628,3.8628,12.407,2.7729,1.9314,,3.8628,1.9314
84285,Hg1212,Ba1.7Sr0.3Ca1V0.33Cu2Hg0.67O7,3.8643,3.8643,12.445,2.8163,1.9324,,3.8643,1.93215
86533,Hg1212,Ba2Ca1Cu2.15Hg0.62O6.15,3.8684,3.8684,12.235,2.7736,1.9344000000000001,,3.8684,1.9342
79279,Hg1212,Sr2Ca0.67Y0.33Cu2Hg0.7Pb0.3O6.79,3.80806,3.80806,12.0048,2.2929,1.9083,,3.80806,1.90403
82057,Hg1212,Ba2Ca1Cu2Hg0.9O6.21,3.8623,3.8623,12.7104,2.8255,1.9311,,3.8623,1.93115
85284,Hg1212,Ba2Ca1Cu2Re0.163Hg0.77O6.652,3.85807,3.85807,12.5524,2.7238,1.9293,,3.85807,1.929035
78590,Hg1212,Ba2Sm1Cu2Hg0.83O6.5,3.9002,3.9002,12.5135,2.4651,1.9603,,3.9002,1.9501
74096,Hg1212,Sr2Ca0.5Pr1.1Cu2Hg0.4O7,3.8463,3.8018,12.154,2.2399,1.9203000000000001,,3.8240499999999997,1.92315
74137,Hg1212,Ba2Ca1Cu2Hg1O6.28,3.8543,3.8543,12.6416,2.7988,1.9271,,3.8543,1.92715
86534,Hg1212,Ba2Ca0.347Y0.653Cu2Hg0.624Pb0.376O6.1948,3.8619,3.8619,12.434,2.5937,1.9351,,3.8619,1.93095
75853,Hg1212,Ba2Sr0.14Ca0.86Cu2Hg0.91O6.11,3.8584,3.8584,12.6646,2.8115,1.9306,,3.8584,1.9292
74104,Hg1212,Ba2Ca1Cu2Hg0.96O6.24,3.8552,3.8552,12.6651,2.7749,1.9276,,3.8552,1.9276
74103,Hg1212,Ba2Ca1Cu2Hg0.96O6.08,3.863,3.863,12.6978,2.8239,1.9315,,3.863,1.9315
82056,Hg1212,Ba2Ca1Cu2Hg0.87O6.32,3.8586,3.8586,12.697,2.8123,1.9293,,3.8586,1.9293
74135,Hg1212,Ba2Ca1Cu2Hg1O6.35,3.8526,3.8526,12.6367,2.7863,1.9263,,3.8526,1.9263
78591,Hg1212,Ba2Ca0.52Sm0.48Cu2Hg0.86O6.4,3.8857,3.8857,12.559,2.6876,1.9443,,3.8857,1.94285
75725,Hg1212,Ba2Ca1Cu2Hg1O6,3.8493,3.8493,12.6461,2.7872,1.9246,,3.8493,1.92465
74143,Hg1212,Ba2Ca1Cu2Hg1O6.355,3.8554,3.8554,12.6836,2.7751,1.9277,,3.8554,1.9277
86535,Hg1212,Ba1.31Sr0.69Ca0.491Y0.509Cu2Hg0.7408O6.35,3.8565,3.8565,12.199,2.5054,1.9314,,3.8565,1.92825
74105,Hg1212,Ba2Ca1Cu2Hg1O6.26,3.85766,3.85766,12.6562,2.7388,1.9364,,3.85766,1.92883
75742,Hg1212,Sr2Ca0.77Nd0.23Cu2Hg0.3Pb0.7O7,3.8116,3.8116,12.1337,2.3405,1.9097,,3.8116,1.9058
80716,Hg1212,Ba2Ca1Cu2Hg1O6.22,3.858,3.858,12.6812,2.7987,1.929,,3.858,1.929
87589,Hg1212,Ba2Ca1Cu2Hg0.87O6.32,3.8586,3.8586,12.697,2.8123,1.9293,,3.8586,1.9293
88531,Hg1212,Sr2.45La0.55Cu2Hg0.62Mo0.38O6.928,3.8665,3.8665,12.0802,2.2324,1.9371,,3.8665,1.93325
86525,Hg1212,Ba2Ca0.5Y0.5Cu2Hg0.813Pb0.1872O6.27,3.863,3.863,12.4683,2.6189,1.9341,,3.863,1.9315
84287,Hg1212,Ba1.33Sr0.8Ca0.87V0.31Cu2Hg0.69O7,3.8601,3.8601,12.35,2.7034,1.9301,,3.8601,1.93005
74095,Hg1212,Sr2Ca0.4Nd0.6Cu2Hg0.5Bi0.5O6.6,3.8259,3.8259,12.0029,2.3069,1.9201,,3.8259,1.91295
154993,Hg1212,Sr2Ca0.44Tb1.08Cu2Hg0.48O6.89,3.8053,3.8053,12.007,2.2501,1.9118,,3.8053,1.90265
56693,Hg1212,Ba2Ca1Cu2Hg0.75Bi0.25O6.56,3.8565,3.8565,12.711,2.7671,1.9283,,3.8565,1.92825
74139,Hg1212,Ba2Ca1Cu2Hg1O6.221,3.8594,3.8594,12.6946,2.7991,1.9297,,3.8594,1.9297
40614,Hg1212,Ba2Ca0.4Eu0.6Cu2Hg1O7,3.8905,3.8905,12.546,2.735,1.9789,,3.8905,1.94525
84284,Hg1212,Ba1.95Sr0.05Ca1V0.31Cu2Hg0.69O7,3.8687,3.8687,12.496,2.8603,1.9343,,3.8687,1.93435
74078,Hg1212,Ba2Ca0.4Y0.6Cu2Hg0.73O6.6,3.87,3.87,12.537,2.6302,1.941,,3.87,1.935
87286,Hg1212,Sr2Ca1Cu2Re0.38Hg0.62O7.1496,3.8152,3.8152,12.0621,2.4679,1.9076,,3.8152,1.9076
85265,RE123,Ba2Ca0.289Lu0.676Cu2.98O6.87,3.806,3.861,11.653,2.3142,1.9252500000000001,,3.8335,1.903
248514,RE123,Ba1.42La0.58Pr1Cu3O7.186,3.8922,3.8922,11.621,2.2354,1.9604,,3.8922,1.9461
66633,RE123,Ba2Er1Cu3O6.122,3.8328,3.892,11.717,2.3387,1.933,,3.8624,1.9164
66432,RE123,Ba2Sm1Fe0.22Cu2.74O7.24,3.89169,3.89169,11.7165,2.3022,1.9458,,3.89169,1.945845
63430,RE123,Ba2Er1Cu3O6.99,3.8123,3.8756,11.6576,2.293,1.9245,,3.84395,1.90615
89198,RE123,Ba1.5Ca0.5La1Cu3O6.96,3.88498,3.88498,11.73878,2.3104,1.9424,,3.88498,1.94249
67080,RE123,Ba2Nd1Cu3O6.77,3.8649,3.9243,11.783,2.2965,1.9473,,3.8946,1.93245
96693,RE123,Ba1.428Ca0.143La1.358Nd0.071Cu3O7.242,3.8978,3.8978,11.6951,2.2185,1.9489,,3.8978,1.9489
74122,RE123,Ba2Dy1Cu3O6.9,3.84215,3.88721,11.67772,2.2923,1.9392,,3.86468,1.921075
89205,RE123,Ba1.5Ca0.5La1Cu3O6.64,3.88537,3.88537,11.77323,2.37,1.9455,,3.88537,1.942685
41365,RE123,Ba2Er1Cu3O6.53,3.8354,3.8788,11.751,2.4312,1.9319,,3.8571,1.9177
96696,RE123,Ba1.2Ca0.6La0.9Nd0.3Cu3O7.166,3.8742,3.8742,11.6569,2.2264,1.9371,,3.8742,1.9371
164700,RE123,Ba1.6La0.4Nd1Cu3O7.066,3.89505,3.89505,11.6897,2.2542,1.9475,,3.89505,1.947525
89162,RE123,Ba1Ca1La1Cu3O7.06,3.8692,3.8692,11.6525,2.2699,1.9346,,3.8692,1.9346
89203,RE123,Ba1.5Ca0.5La1Cu3O6.78,3.88606,3.88606,11.76158,2.3366,1.943,,3.88606,1.94303
67195,RE123,Ba0.2626La0.9974Cu3O7.05,3.8971,3.9304,11.772,2.2413,1.9624,,3.9137500000000003,1.94855
65395,RE123,Ba2Ho1Cu3O6.96,3.8851,3.8205,11.6822,2.2791,1.9305,,3.8528000000000002,1.94255
56619,RE123,Ba1.5Ca0.5La1Cu3O7.1,3.88098,3.88098,11.71047,2.2426,1.9404,,3.88098,1.94049
67190,RE123,Ba0.683La1.137Cu3O7.13,3.9143,3.9143,11.718,2.2568,1.9571,,3.9143,1.95715
63214,RE123,Ba1.5La1.5Cu3O7.02,3.9098,3.9098,11.7058,2.1948,1.9549,,3.9098,1.9549
291031,RE123,Ba1.78Pr1.22Cu3O7,3.8789,3.9114,11.6752,2.2311,1.9581,,3.89515,1.93945
67196,RE123,Ba0.3188La1.0012Cu3O7.13,3.9153,3.9153,11.764,2.2469,1.9576,,3.9153,1.95765
41366,RE123,Ba2Er1Cu3O6.45,3.8379,3.8697,11.7558,2.4122,1.9249,,3.8537999999999997,1.91895
96695,RE123,Ba1.304Ca0.39La1.11Nd0.196Cu3O7.136,3.8735,3.8735,11.6686,2.2508,1.9367,,3.8735,1.93675
68900,RE123,Ba1Ca1La1Cu3O6.38,3.9076,3.8912,11.7127,2.2757,1.9502000000000002,,3.8994,1.9538
75679,RE123,Ba1.658Nd1.342Cu3O7,3.8641,3.9189,11.764,2.2622,1.95385,,3.8914999999999997,1.93205
75681,RE123,Ba1.7Nd1.3Cu3O7.032,3.8673,3.9165,11.7475,2.2508,1.9484,,3.8919,1.93365
151742,RE123,Ba2Pr0.049Nd0.951Cu3O7.035,3.8617,3.9145,11.7453,2.2515,1.9482,,3.8880999999999997,1.93085
75852,RE123,Ba1Sr1Nd1Cu3O6.86,3.8676,3.8676,11.6537,2.22,1.9465,,3.8676,1.9338
80703,RE123,Ba2Er1Zn0.136Cu2.864O7.008,3.8102,3.8806,11.629,2.2897,1.9228,,3.8453999999999997,1.9051
83072,RE123,Ba2Pr1Cu3O6.85,3.8656,3.9306,11.7279,2.2517,1.957,,3.8981000000000003,1.9328
89201,RE123,Ba1.5Ca0.5La1Cu3O6.82,3.88588,3.88588,11.7502,2.3265,1.9429,,3.88588,1.94294
62956,RE123,Ba1.5La1.5Cu3O7.058,3.9051,3.9051,11.714,2.2155,1.9525,,3.9051,1.95255
71384,RE123,Ba1.9La1.1Fe1Cu2O7.32,3.936,3.936,11.756,2.0925,1.9415,,3.936,1.968
66420,RE123,Ba2Sm1Fe0.25Cu2.75O7.2,3.89134,3.89134,11.7165,2.3116,1.9456,,3.89134,1.94567
89210,RE123,Ba1.5Ca0.5La1Cu3O6.58,3.88962,3.88962,11.776,2.3801,1.94725,,3.88962,1.94481
89392,RE123,Ba1.6Sr0.4Yb1Cu3O6.201,3.8342,3.8342,11.743,2.3675,1.9171,,3.8342,1.9171
91998,RE123,Ba1.7Eu1.3Cu3O7.02,3.8651,3.8651,11.626,2.2693,1.9325,,3.8651,1.93255
67082,RE123,Ba2Nd1Cu3O6.58,3.8851,3.916,11.8067,2.3459,1.9553,,3.90055,1.94255
74131,RE123,Ba1Ca1La1Cu3O6.94,3.8679,3.8679,11.623,2.1618,1.9339,,3.8679,1.93395
65320,RE123,Ba2La1Cu2.9O6.82,3.8982,3.9355,11.8222,2.2367,1.9631,,3.91685,1.9491
67081,RE123,Ba2Nd1Cu3O6.63,3.8736,3.9219,11.7945,2.3211,1.9506,,3.8977500000000003,1.9368
41362,RE123,Ba2Er1Cu3O6.98,3.8213,3.8876,11.6955,2.3086,1.9191500000000001,,3.85445,1.91065
65388,RE123,Ba2Er1Cu3O6.95,3.8785,3.8127,11.6656,2.2782,1.9283,,3.8456,1.93925
89209,RE123,Ba1.5Ca0.5La1Cu3O6.66,3.88845,3.88845,11.7632,2.3642,1.9468,,3.88845,1.944225
157542,RE123,Ba1.2Sr0.8Pr1Cu3O7.01,3.8754,3.8754,11.633,2.2079,1.9377,,3.8754,1.9377
248513,RE123,Ba1.64La0.36Pr1Cu3O7.1682,3.8964,3.8981,11.6731,2.2737,1.9607,,3.8972499999999997,1.9482
91990,RE123,Ba1.9Pr0.1Eu1Cu3O6.93,3.8429,3.9015,11.7,2.2662,1.9393,,3.8722000000000003,1.92145
67188,RE123,Ba0.84La1.25Cu3O7.2,3.9112,3.9112,11.701,2.2079,1.9556,,3.9112,1.9556
67193,RE123,Ba0.281La1.009Cu3O6.99,3.9147,3.9325,11.783,2.2646,1.9662,,3.9236,1.95735
91996,RE123,Ba1.9Eu1.1Cu3O7,3.8406,3.8954,11.695,2.2793,1.9377,,3.868,1.9203
67079,RE123,Ba2Nd1Cu3O6.9,3.8622,3.918,11.7711,2.2659,1.947,,3.8901000000000003,1.9311
65922,RE123,Ba1.44La1.56Cu2.86O6.93,3.9182,3.9277,11.742,2.2262,1.9638,,3.92295,1.9591
71719,RE123,Ba2Sm1Cu3O7,3.85408,3.9085,11.7334,2.288,1.94735,,3.88129,1.92704
164701,RE123,Ba1.6Ca0.099La0.401Nd0.9Cu3O6.95,3.88827,3.88827,11.7196,2.2936,1.9441,,3.88827,1.944135
246633,RE123,Ba2Pr1Cu2.8O6.4,3.908,3.908,11.844,2.3581,1.954,,3.908,1.954
66415,RE123,Ba2Sm1Fe0.22Cu2.74O7.24,3.89169,3.89169,11.7165,2.2964,1.9458,,3.89169,1.945845
157543,RE123,Ba1Sr1Pr1Cu3O7.01,3.8714,3.8714,11.624,2.2062,1.9357,,3.8714,1.9357
71382,RE123,Ba2La1Fe0.1Cu2.9O6.96,3.911,3.927,11.784,2.2095,1.9635,,3.919,1.9555
151746,RE123,Ba2Pr0.299Nd0.701Cu3O7.022,3.8579,3.9183,11.7324,2.242,1.9483,,3.8880999999999997,1.92895
89207,RE123,Ba1.5Ca0.5La1Cu3O6.86,3.88627,3.88627,11.73328,2.3244,1.9431,,3.88627,1.943135
63422,RE123,Ba1.5La1.5Cu3O7.36,3.9024,3.9024,11.6908,2.2247,1.9512,,3.9024,1.9512
68134,RE123,Ba1.94La1.06Cu3O7.04,3.9,3.931,11.787,2.2065,1.9655,,3.9154999999999998,1.95
157540,RE123,Ba1.6Sr0.4Pr1Cu3O6.94,3.8609,3.9116,11.684,2.2117,1.9492,,3.88625,1.93045
66361,RE123,Ba2Ho1Al0.11Cu2.89O6.536,3.8587,3.8587,11.719,2.3944,1.9293,,3.8587,1.92935
83084,RE123,Ba1.5Sr0.5Nd1Cu3O6.96,3.8852,3.8852,11.7021,2.2608,1.9426,,3.8852,1.9426
80704,RE123,Ba2Er1Cu2.84Ni0.16O6.968,3.8123,3.8744,11.601,2.29,1.9222,,3.84335,1.90615
75851,RE123,Ba1Sr1Nd1Cu3O6.848,3.8676,3.8676,11.6537,2.2281,1.9453,,3.8676,1.9338
89202,RE123,Ba1.5Ca0.5La1Cu3O6.82,3.88497,3.88497,11.75387,2.3267,1.9424,,3.88497,1.942485
89395,RE123,Ba1.6Sr0.4Yb1Cu3O6.817,3.804,3.8583,11.637,2.3033,1.92435,,3.83115,1.902
164706,RE123,Ba1.6Ca0.599La0.401Nd0.4Cu3O6.932,3.8823,3.8823,11.7205,2.3248,1.9462000000000002,,3.8823,1.94115
85266,RE123,Ba2Ca0.3Lu0.7Cu2.97O6.26,3.829,3.829,11.728,2.4546,1.9145,,3.829,1.9145
68897,RE123,Ba1Sr1Nd1Cu3O6.86,3.8935,3.8687,11.7074,2.1775,1.9488500000000002,,3.8811,1.94675
68133,RE123,Ba2.03La0.92Cu3O7.04,3.916,3.916,11.797,2.2095,1.958,,3.916,1.958
68135,RE123,Ba1.91La1.09Cu3O7.056,3.917,3.917,11.768,2.2194,1.9585,,3.917,1.9585
248512,RE123,Ba1.72La0.28Pr1Cu3O7.1354,3.8908,3.9027,11.684,2.2505,1.9585,,3.89675,1.9454
71381,RE123,Ba2La1Zn0.82Cu2.18O6.6,3.954,3.954,11.717,2.1992,1.977,,3.954,1.977
151744,RE123,Ba2Pr0.149Nd0.851Cu3O7.02,3.8584,3.9156,11.7342,2.2447,1.9468,,3.887,1.9292
246632,RE123,Ba1.986Pr0.998Cu2.75O6.732,3.873,3.928,11.71,2.309,1.9567999999999999,,3.9005,1.9365
151743,RE123,Ba2Pr0.098Nd0.902Cu3O7,3.8602,3.916,11.7434,2.2465,1.9482,,3.8880999999999997,1.9301
95600,RE123,Ba1.73Nd1.27Cu3O6.86,3.8989,3.8989,11.7227,2.2917,1.9494,,3.8989,1.94945
71380,RE123,Ba2La1Zn0.5Cu2.5O6.73,3.943,3.943,11.744,2.1914,1.9715,,3.943,1.9715
65921,RE123,Ba2La1Cu2.9O6.82,3.8938,3.9374,11.8155,2.2354,1.9609,,3.9156,1.9469
91997,RE123,Ba1.8Eu1.2Cu3O7.01,3.8584,3.8742,11.665,2.2781,1.9371,,3.8663,1.9292
81154,RE123,Ba2.028La0.972Co0.247Cu2.753O6.684,3.921,3.921,11.788,2.2467,1.9605,,3.921,1.9605
89204,RE123,Ba1.5Ca0.5La1Cu3O6.76,3.88521,3.88521,11.76224,2.3419,1.9426,,3.88521,1.942605
75684,RE123,Ba1.59Nd1.41Cu3O7.12,3.8907,3.8907,11.7102,2.246,1.9453,,3.8907,1.94535
91992,RE123,Ba1.7Pr0.3Eu1Cu3O6.96,3.8747,3.8747,11.642,2.2678,1.9373,,3.8747,1.93735
67192,RE123,Ba0.385La1.035Cu3O6.98,3.919,3.919,11.742,2.2568,1.9595,,3.919,1.9595
91995,RE123,Ba2Eu1Cu3O6.99,3.8407,3.9001,11.72,2.2818,1.9405,,3.8704,1.92035
164702,RE123,Ba1.6Ca0.2La0.4Nd0.8Cu3O6.912,3.88239,3.88239,11.7212,2.3074,1.9411,,3.88239,1.941195
74134,RE123,Ba1Ca1La1Cu3O6.69,3.875,3.875,11.644,2.1937,1.9375,,3.875,1.9375
65389,RE123,Ba1.8Nd1.2Cu2.95O6.78,3.8919,3.8919,11.6811,2.2649,1.9459,,3.8919,1.94595
89393,RE123,Ba1.6Sr0.4Yb1Cu3O6.248,3.8355,3.8355,11.718,2.3587,1.9177,,3.8355,1.91775
89389,RE123,Ba1.6Sr0.4Ca0.25Yb0.75Cu3O6.072,3.832,3.832,11.736,2.4314,1.916,,3.832,1.916
157538,RE123,Ba2Pr1Cu3O6.98,3.8593,3.9292,11.714,2.2315,1.9503,,3.89425,1.92965
89211,RE123,Ba1.5Ca0.5La1Cu3O6.54,3.8911,3.8911,11.78198,2.3873,1.9478499999999999,,3.8911,1.94555
92008,RE123,Ba2Ca0.291Er0.709Cu3O6.738,3.82713,3.88389,11.70076,2.3255,1.9278,,3.8555099999999998,1.913565
99515,RE123,Ba1.6Sr0.4Yb1Cu3O6.966,3.794,3.8621,11.615,2.2672,1.917,,3.82805,1.897
95599,RE123,Ba1.7Nd1.3Cu3O6.8,3.8757,3.9139,11.7455,2.2821,1.9528,,3.8948,1.93785
67191,RE123,Ba0.403La1.037Cu3O6.99,3.9136,3.9244,11.743,2.2581,1.9622,,3.919,1.9568
63459,RE123,Ba1.5La1.5Cu3O7.196,3.90018,3.90018,11.69625,2.1813,1.95,,3.90018,1.95009
91991,RE123,Ba1.8Pr0.2Eu1Cu3O6.94,3.8569,3.89,11.669,2.2824,1.9448,,3.87345,1.92845
164704,RE123,Ba1.6Ca0.401La0.399Nd0.6Cu3O6.948,3.87681,3.87681,11.7157,2.3126,1.9384,,3.87681,1.938405
202411,RE123,Ba1.5La1.5Cu3O7.33,3.9108,3.9108,11.714,2.2372,1.9667,,3.9108,1.9554
71379,RE123,Ba2La1Zn0.1Cu2.9O6.74,3.902,3.939,11.797,2.219,1.9633,,3.9205,1.951
83166,RE123,Ba2Nd0.99Cu3O6.93,3.8697,3.9181,11.763,2.2467,1.9574,,3.8939,1.93485
71378,RE123,Ba2La1Cu3O6.86,3.902,3.933,11.797,2.2142,1.9653,,3.9175,1.951
89208,RE123,Ba1.5Ca0.5La1Cu3O6.76,3.88683,3.88683,11.7437,2.3462,1.94615,,3.88683,1.943415
68285,RE123,Ba2La1Cu3O7,3.921,3.921,11.768,2.237,1.9605,,3.921,1.9605
68896,RE123,Ba1Sr1Ho1Cu3O6.24,3.846,3.8422,11.6727,2.3158,1.923,,3.8441,1.923
248511,RE123,Ba1.82La0.18Pr1Cu3O7.0466,3.8844,3.9077,11.6879,2.2435,1.9556,,3.89605,1.9422
71728,RE123,Ba2Sm1Cu3O7,3.8537,3.9079,11.7355,2.2778,1.95325,,3.8808,1.92685
83167,RE123,Ba2Ca0.025Pr0.025Nd0.944Cu3O6.95,3.8709,3.917,11.761,2.251,1.9557,,3.89395,1.93545
164703,RE123,Ba1.6Ca0.301La0.399Nd0.7Cu3O6.986,3.87895,3.87895,11.716,2.3182,1.9394,,3.87895,1.939475
89197,RE123,Ba1.5Ca0.5La1Cu3O7.02,3.88481,3.88481,11.7336,2.3068,1.9424,,3.88481,1.942405
71829,RE123,Ba1Ca1.14La0.86Zn0.1Cu2.68O6.52,3.877,3.858,11.655,2.1188,1.9404,,3.8674999999999997,1.9385
99514,RE123,Ba1.8Sr0.2Yb1Cu3O6.966,3.8008,3.858,11.634,2.2849,1.9189,,3.8294,1.9004
78341,RE123,Ba2Pr1Cu3O6.376,3.9049,3.9049,11.853,2.3741,1.9585499999999998,,3.9049,1.95245
89391,RE123,Ba1.6Sr0.4Yb1Cu3O6.225,3.8334,3.8334,11.736,2.317,1.9167,,3.8334,1.9167
91985,RE123,Ba1.9La0.1Eu1Cu3O6.85,3.8429,3.9032,11.713,2.2723,1.9394,,3.87305,1.92145
167078,RE123,Ba2Nd1Cu3O6.959,3.8636,3.9089,11.7409,2.2436,1.9435,,3.88625,1.9318
89396,RE123,Ba1.6Sr0.4Yb1Cu3O6.999,3.7934,3.8615,11.614,2.2612,1.9234,,3.82745,1.8967
89200,RE123,Ba1.5Ca0.5La1Cu3O6.84,3.88574,3.88574,11.75597,2.3258,1.9428,,3.88574,1.94287
67084,RE123,Ba2Nd1Cu3O6.23,3.9015,3.9015,11.8539,2.3921,1.9507,,3.9015,1.95075
89213,RE123,Ba1.5Ca0.5La1Cu3O7.02,3.89255,3.89255,11.7554,2.297,1.9462,,3.89255,1.946275
66637,RE123,Ba2Er1Cu3O6.16,3.8548,3.8548,11.857,2.4935,1.9274,,3.8548,1.9274
74124,RE123,Ba2Er1Cu3O6.95,3.82239,3.88247,11.66664,2.3146,1.9301,,3.85243,1.911195
62955,RE123,Ba1.5La1.5Cu3O7.196,3.90018,3.90018,11.69265,2.1813,1.95,,3.90018,1.95009
75680,RE123,Ba1.7Nd1.3Cu3O6.956,3.8697,3.9171,11.755,2.2792,1.95,,3.8933999999999997,1.93485
65923,RE123,Ba2La1Cu3O6.85,3.893,3.938,11.818,2.2241,1.9575,,3.9154999999999998,1.9465
89394,RE123,Ba1.6Sr0.4Yb1Cu3O6.35,3.8172,3.8465,11.667,2.3596,1.92395,,3.83185,1.9086
151551,RE123,Ba1.15Ca0.6La1.25Cu3O7,3.8634,3.8634,11.6143,2.209,1.9381,,3.8634,1.9317
164705,RE123,Ba1.6Ca0.5La0.4Nd0.5Cu3O6.996,3.88249,3.88249,11.7254,2.3213,1.9412,,3.88249,1.941245
92006,RE123,Ba2Ca0.092Er0.908Cu3O6.916,3.8261,3.88536,11.69967,2.2994,1.9316,,3.85573,1.91305
68898,RE123,Ba1Sr1La1Cu3O6.8,3.913,3.9023,11.7688,2.289,1.9552,,3.90765,1.9565
91987,RE123,Ba1.7La0.3Eu1Cu3O7.06,3.8742,3.8742,11.644,2.2344,1.9371,,3.8742,1.9371
89387,RE123,Ba1.6Sr0.4Ca0.1Yb0.9Cu3O6.104,3.8314,3.8314,11.745,2.4005,1.9157,,3.8314,1.9157
67194,RE123,Ba0.2438La1.0062Cu3O6.99,3.9236,3.9236,11.78,2.2652,1.9618,,3.9236,1.9618
91988,RE123,Ba1.6La0.4Eu1Cu3O7.16,3.8747,3.8747,11.611,2.2339,1.9373,,3.8747,1.93735
63457,RE123,Ba1.5La0.75Dy0.75Cu3O6.878,3.872,3.872,11.6067,2.2586,1.936,,3.872,1.936
246625,RE123,Ba2Nd1Cu3O7.06,3.871,3.9162,11.738,2.249,1.9509,,3.8936,1.9355
202410,RE123,Ba1.5La1.5Cu3O7.39,3.9106,3.9106,11.715,2.2293,1.9553,,3.9106,1.9553
67189,RE123,Ba0.618La1.122Cu3O7.081,3.911,3.917,11.718,2.2604,1.9585,,3.9139999999999997,1.9555
74132,RE123,Ba1Ca1La1Cu3O6.85,3.8726,3.8726,11.617,2.1758,1.9363,,3.8726,1.9363
89206,RE123,Ba1.5Ca0.5La1Cu3O6.5,3.88743,3.88743,11.7895,2.5223,1.94375,,3.88743,1.943715
41452,RE123,Ba2Pr1Cu3O7,3.8654,3.9309,11.725,2.2324,1.96045,,3.8981500000000002,1.9327
151741,RE123,Ba2Nd1Cu3O7.006,3.8628,3.9134,11.7525,2.2494,1.948,,3.8881,1.9314
56621,RE123,Ba1.5Ca0.5La1Cu3O7.14,3.87873,3.87873,11.69815,2.2396,1.9393,,3.87873,1.939365
95601,RE123,Ba1.5Nd1.5Cu3O6.96,3.8813,3.8813,11.6074,2.2495,1.9406,,3.8813,1.94065
81155,RE123,Ba1.907La1.093Co1Cu2O7.232,3.945,3.955,11.698,2.2857,1.9775,,3.95,1.9725
96692,RE123,Ba1.5La1.5Cu3O7.306,3.9067,3.9067,11.6985,2.2004,1.9533,,3.9067,1.95335
167077,RE123,Ba2Nd1Cu3O6.873,3.8636,3.9089,11.741,2.2448,1.94875,,3.88625,1.9318
71383,RE123,Ba1.9La1.1Fe0.5Cu2.5O7.13,3.928,3.928,11.751,2.1833,1.9144,,3.928,1.964
99513,RE123,Ba2Yb1Cu3O6.961,3.8037,3.8712,11.657,2.2917,1.9213,,3.83745,1.90185
63428,RE123,Ba2Nd1Cu3O6.85,3.8687,9.915,11.7477,2.2861,1.9343,,6.89185,1.93435
153700,RE123,Ba1.499La1.501Co1.5Cu1.5O8.413,3.92231,3.93597,11.7073,2.0452,1.96465,,3.9291400000000003,1.961155
157541,RE123,Ba1.4Sr0.6Pr1Cu3O7.01,3.8728,3.8845,11.641,2.2141,1.9422,,3.87865,1.9364
68899,RE123,Ba1Ca1Nd1Cu3O6.29,3.8944,3.8837,11.6559,2.274,1.9435,,3.88905,1.9472
66417,RE123,Ba2Sm1Fe0.202Cu2.798O7.28,3.8881,3.8881,11.6875,2.2743,1.944,,3.8881,1.94405
89388,RE123,Ba1.6Sr0.4Ca0.2Yb0.8Cu3O6.166,3.8272,3.8272,11.735,2.4059,1.9136,,3.8272,1.9136
74123,RE123,Ba2Ho1Cu3O6.95,3.83002,3.88582,11.67888,2.3217,1.9335,,3.85792,1.91501
56620,RE123,Ba1.5Ca0.5La1Cu3O7.14,3.88001,3.88001,11.70345,2.2419,1.94,,3.88001,1.940005
74133,RE123,Ba1Ca1La1Cu3O6.76,3.8739,3.8739,11.633,2.1939,1.9369,,3.8739,1.93695
63458,RE123,Ba1.5La1.5Cu3O7.058,3.9051,3.9051,11.714,2.3029,1.9525,,3.9051,1.95255
78316,RE123,Ba2Pr1Cu3O6.901,3.8602,3.9248,11.7011,2.2325,1.9545,,3.8925,1.9301
71828,RE123,Ba1Ca1.42La0.58Cu2.64O6.41,3.886,3.85,11.66,2.1081,1.9444,,3.8680000000000003,1.943
89199,RE123,Ba1.5Ca0.5La1Cu3O6.9,3.88528,3.88528,11.74576,2.3188,1.9426,,3.88528,1.94264
91993,RE123,Ba1.6Pr0.4Eu1Cu3O7.02,3.8732,3.8732,11.61,2.2535,1.9366,,3.8732,1.9366
92007,RE123,Ba2Ca0.152Er0.848Cu3O6.794,3.82713,3.88389,11.70076,2.2947,1.9311,,3.8555099999999998,1.913565
157539,RE123,Ba1.8Sr0.2Pr1Cu3O6.94,3.8546,3.9226,11.698,2.2191,1.9471,,3.8886000000000003,1.9273
92005,RE123,Ba2Er1Cu3O7.03,3.82192,3.88434,11.67983,2.3023,1.9296,,3.85313,1.91096
151550,RE123,Ba1.25Ca0.5La1.25Cu3O7,3.866,3.866,11.6325,2.2229,1.9403,,3.866,1.933
75683,RE123,Ba1.55Nd1.45Cu3O7.16,3.8923,3.8923,11.7145,2.2901,1.9461,,3.8923,1.94615
91986,RE123,Ba1.8La0.2Eu1Cu3O7.05,3.8509,3.8941,11.688,2.2698,1.9464,,3.8725,1.92545
75682,RE123,Ba1.698Nd1.302Cu3O7.003,3.8732,3.9149,11.7397,2.2657,1.9519,,3.89405,1.9366
151745,RE123,Ba2Pr0.198Nd0.802Cu3O7.031,3.8602,3.9188,11.7368,2.2499,1.9485,,3.8895,1.9301
291032,RE123,Ba1.52Pr1.48Cu3O7,3.8897,3.8897,11.6222,2.2134,1.9582,,3.8897,1.94485
41364,RE123,Ba2Er1Cu3O6.78,3.8259,3.8861,11.7197,2.3544,1.9205,,3.856,1.91295
89390,RE123,Ba1.6Sr0.4Ca0.35Yb0.65Cu3O6.075,3.8334,3.8334,11.734,2.4317,1.9167,,3.8334,1.9167
246626,RE123,Ba2Nd1Cu3O7.18,3.8446,3.8923,11.68,2.2156,1.9342,,3.86845,1.9223
67083,RE123,Ba2Nd1Cu3O6.52,3.9035,3.9035,11.8164,2.3573,1.9517,,3.9035,1.95175
68396,Tl2212,Ba4Ca2Tl4Cu4O16,3.8559,3.8559,29.4199,2.7036,1.9281,,3.8559,1.92795
72235,Tl2212,Ba4Ca2Tl3.72Cu4O15.808,3.86049,3.86049,29.33734,2.6462,1.9319,,3.86049,1.930245
65325,Tl2212,Ba3.92Ca1.87Tl4.01Cu3.92O16.336,3.8558,3.8558,29.2596,2.6216,1.929,,3.8558,1.9279
75703,Tl2212,Ba4Ca2.04Tl3.96Cu4O15.376,3.85549,3.85549,29.36819,2.6901,1.9281,,3.85549,1.927745
75702,Tl2212,Ba4Ca2Tl4Cu4O15.36,3.8565,3.8565,29.3546,2.6888,1.9288,,3.8565,1.92825
65323,Tl2212,Ba4Ca1.856Tl3.62Cu4O15.776,3.852,3.852,29.21,2.8158,1.926,,3.852,1.926
65324,Tl2212,K2.24Ba4Ca1.856Tl1.76Cu4O16.928,3.847,3.847,29.22,2.8168,1.9251,,3.847,1.9235
78100,Tl2212,Ba4Ca2Tl3.988Cu4O15.68,3.85582,3.85582,29.40889,2.7056,1.9282,,3.85582,1.92791
72234,Tl2212,Ba4Ca2Tl3.72Cu4O16.032,3.85972,3.85972,29.293,2.6061,1.932,,3.85972,1.92986
75704,Tl2212,Ba4Ca2Tl4Cu4O15.536,3.85618,3.85618,29.33939,2.6904,1.9285,,3.85618,1.92809
68543,Tl2212,Ba3.6Ca1.96Tl3.44Cu3.52O15.24,3.8549,3.8549,29.388,2.7066,1.9274,,3.8549,1.92745
72236,Tl2212,Ba4Ca2Tl3.72Cu4O15.744,3.8604,3.8604,29.33717,2.6558,1.9318,,3.8604,1.9302
78101,Tl2212,Ba4Ca2Tl3.988Cu4O15.52,3.85385,3.85385,29.31689,2.6795,1.9275,,3.85385,1.926925
74125,RE124,Ba4Dy2Cu8O16,3.84891,3.87549,27.23726,2.2721,1.9399,,3.8622,1.924455
74127,RE124,Ba4Er2Cu8O16,3.83716,3.87031,27.20901,2.2836,1.9353,,3.853735,1.91858
75850,RE124,Ba4Pr2Cu8O16,3.8853,3.9016,27.308,2.1546,1.9578,,3.89345,1.94265
75686,RE124,Ba4Tm2Cu8O16,3.8305,3.8645,27.212,2.2885,1.9301,,3.8475,1.91525
72230,RE124,Ba3.2Sr0.8Ca0.2Yb1.8Cu8O16,3.805,3.851,27.076,2.1498,1.9297,,3.8280000000000003,1.9025
75687,RE124,Ba4Er2Cu8O16,3.8357,3.8668,27.221,2.2892,1.9334,,3.8512500000000003,1.91785
74126,RE124,Ba4Ho2Cu8O16,3.84305,3.87304,27.2269,2.2734,1.9372,,3.8580449999999997,1.921525
75688,RE124,Ba4Ho2Cu8O16,3.8411,3.8694,27.231,2.2656,1.9354,,3.85525,1.92055
67642,RE124,Ba4Er2Cu8O16,3.8351,3.8672,27.207,2.318,1.9314,,3.85115,1.91755
75815,RE124,Ba4Pr2Cu8O16,3.8859,3.9031,27.32059,2.2238,1.9598,,3.8945,1.94295
87033,RE124,Ba4Pr2Cu8O16,3.8834,3.9026,27.308,2.2119,1.9546,,3.893,1.9417
90748,RE124,Ba4Pr2Cu8O16,3.8837,3.90269,27.293,2.2336,1.9552,,3.8931950000000004,1.94185
74120,Bi2201,Sr4.8La3.2Cu4Bi8O23.84,5.413,5.423,24.088,2.4103,1.9161,,5.418,1.913784503281391
74036,Bi2201,Ba4La4Cu4Bi4Pb4O24,5.4071,5.4895,24.549,2.5491,1.9263,,5.4483,1.9116985382768903
79254,Bi2201,Ca5.2Nd2.8Cu3.52Bi7.6O20.96,5.357,5.374,23.832,2.1015,1.9768,,5.3655,1.8939855134081676
71910,Bi2201,Sr7.36Cu4Bi7.6632O21.928,5.3791,5.3811,24.589,2.477,1.9026,,5.3801000000000005,1.901799043340279
73654,Bi2201,Ba4La4Cu4Bi4Pb4O24,5.4028,5.4745,24.515,2.373,1.9228,,5.43865,1.9101782586973393
68947,Bi2201,Sr4.064Ca1.608Cu4Bi8.56Pb0.76O24,5.3312,5.3686,24.365,2.4897,1.9937,,5.3499,1.884863835930861
63216,Bi2201,Sr6.4Ca1.6Cu4Bi8O24,5.3826,5.3761,24.384,2.578,1.9118,,5.3793500000000005,1.9030364802073552
74119,Bi2201,Sr5.6La2.4Cu4Bi8.64O25.04,5.384,5.4,24.172,2.3215,1.9283,,5.392,1.903531454954186
79061,Bi2201,Sr6.8La1.2Cu4Bi8O24,5.4015,5.3781,24.501,2.4979,1.9245,,5.3898,1.9097186392895682
67426,Bi2201,Sr8Cu4Bi8O24,5.362,5.374,24.622,2.5885,1.9004,,5.368,1.8957532803611339
74121,Bi2201,Sr4La4Cu4Bi8.32O24.4,5.439,5.447,24.055,2.5054,1.9281,,5.443,1.922976891436816
74118,Bi2201,Sr6.4La1.6Cu4Bi8.24O23.616,5.388,5.398,24.399,2.5405,1.9255,,5.393,1.9049456685165589
69883,Bi2201,Sr8Cu4Bi7.2Pb0.8O24,5.2757,5.3797,24.558,2.5703,1.8846500000000002,,5.3277,1.865241622752934
41961,Tl2201,Ba4Tl4Cu2O12.704,3.86628,3.86628,23.15929,2.7075,1.9331,,3.86628,1.93314
68395,Tl2201,Ba4Tl4Cu2O12,3.866,3.866,23.239,2.7143,1.933,,3.866,1.933
41960,Tl2201,Ba4Tl4Cu2O12.208,3.86726,3.86726,23.23399,2.7202,1.9336,,3.86726,1.93363
65326,Tl2201,Ba3.964Tl4.016Cu1.988O12,3.85944,3.85944,23.1272,2.6365,1.9297,,3.85944,1.92972
68582,Tl2201,Ba4Tl4Cu2O12,3.847,3.847,23.23,2.0907,1.9235,,3.847,1.9235
41962,Tl2201,Ba4Tl4Cu2O12.944,3.86712,3.86712,23.14828,2.7053,1.9335,,3.86712,1.93356
80723,Tl1201,Sr2Tl0.98Cu1O4.49,3.6598,3.7844,8.9649,2.295,1.86105,,3.7221,1.8299
69936,Tl1201,Sr1La1Tl1Cu1O5,3.7796,3.7796,8.8466,2.3266,1.8898,,3.7796,1.8898
246694,Tl1201,Ba0.986La0.986Tl0.98Cu1O5.174,3.845,3.845,8.993,2.4712,1.9225,,3.845,1.9225
91292,Tl1201,Ba0.8908Sr5.1092Tl2.25Cu3N0.75O13.686,3.7526,11.6016,9.1898,2.5366,1.92,,7.677099999999999,1.8763
86427,Tl1201,Sr2Tl1Cu1O5,3.661,3.793,8.99,2.4848,1.8635000000000002,,3.7270000000000003,1.8305
246653,Tl1201,Ba1.2La0.8Tl1Cu0.99O5,3.84025,3.84025,9.1136,2.4606,1.9201,,3.84025,1.920125
69937,Tl1201,Sr1.4La0.6Tl1Cu1O5,3.7535,3.7535,8.9038,2.306,1.8767,,3.7535,1.87675
69234,Tl1201,Ba1.2La0.8Tl0.92Cu1O4.864,3.8479,3.8479,9.0909,2.4999,1.9239,,3.8479,1.92395
69906,Tl1201,Sr1.5La0.5Tl1Cu1O5.148,3.7525,3.7525,8.9301,2.3379,1.8762,,3.7525,1.87625
69909,Tl1201,Sr2Tl0.5Cu1Pb0.5O4.914,3.7382,3.7382,9.0256,2.5343,1.8691,,3.7382,1.8691
202898,Tl1201,Sr1.6Pr0.6Tl0.8Cu1O5,3.741,3.741,8.875,2.2986,1.8705,,3.741,1.8705
69908,Tl1201,Sr1La1Tl1Cu1O5.046,3.7849,3.7849,8.8542,2.2843,1.8924,,3.7849,1.89245
69907,Tl1201,Sr1.25La0.75Tl1Cu1O5.02,3.77,3.77,8.8879,2.3072,1.885,,3.77,1.885
167104,Tl1201,Sr1.93Tl0.5Cu1Pb0.57O5,3.738,3.738,9.01,2.4597,1.869,,3.738,1.869
203138,Tl1201,Sr2Tl1Cu1O5.24,3.7344,3.7344,9.007,2.4895,1.8672,,3.7344,1.8672
69804,Tl1201,Sr2Tl0.928Fe0.587Cu0.391O4.85,3.76941,3.76941,8.83992,2.3241,1.8847,,3.76941,1.884705
69938,Tl1201,Sr1La0.7Tl1.3Cu1O5,3.7713,3.7713,8.8676,2.4917,1.8856,,3.7713,1.88565
246696,Tl1201,Ba0.298Sr0.694La0.99Tl0.99Cu1O5.12,3.787,3.787,8.853,2.4009,1.8935,,3.787,1.8935
80656,Tl1201,Sr2Tl0.5Cu1Bi0.5O5,3.7526,3.7526,9.0279,2.4194,1.8763,,3.7526,1.8763
246695,Tl1201,Ba0.6Sr0.4La0.998Tl0.99Cu1O5.154,3.805,3.805,8.915,2.4239,1.9025,,3.805,1.9025
84637,Tl1201,Ba6Sr10.0Tl10Cu6O38,3.7536,30.631,9.219,2.4245,1.8768,,17.1923,1.8768
81165,Tl1201,Sr2Tl0.8Cu1Mo0.2O5,3.7511,3.7511,8.939,2.485,1.8755,,3.7511,1.87555
80710,Bi2212,Ba9.2La2.8Cu8Bi8O32,5.571,5.583,31.104,2.3016,1.9717,,5.577,1.969645938995128
66488,Bi2212,Sr7Ca3.84Cu8Bi7.92O32.576,5.415,5.4149,30.861,2.4829,1.915,,5.41495,1.9144916100625773
202921,Bi2212,Sr8Y4Cu8Bi4Pb4O32,5.385,5.424,30.316,2.3525,1.9206,,5.4045000000000005,1.903885008344779
63217,Bi2212,Sr6.8Ca4.96Cu8Bi8.24O32,5.3946,5.3895,30.649,2.4639,1.9184,,5.392049999999999,1.9072791208944744
68672,Bi2212,Sr9.52Ca2Cu8Bi7.2O32,5.408,5.413,30.871,2.3118,1.9167,,5.410500000000001,1.9120167363284244
39751,Bi2212,Sr7.36Ca0.92Cu7.44Bi7.808O32,5.407,5.412,30.771,2.429,1.9131,,5.4094999999999995,1.9116631829378312
71824,Bi2212,Sr8Ca4Cu8Bi8O36.4,5.423,5.376,30.72,2.4862,1.95365,,5.3995,1.9173200371873236
71748,Bi2212,Sr8Ca1.6Y2.4Cu8Bi4.8Pb3.2O32,5.374,5.421,30.397,2.4006,1.9183,,5.3975,1.8999959210482529
74258,Bi2212,Sr9.6Y2.4Cu8Bi8O34,5.461,5.456,30.48,2.3378,1.9440499999999998,,5.458500000000001,1.930755066029868
41442,Bi2212,Sr8Ca4Cu8Bi8O36,5.3957,5.3971,30.649,2.4304,1.9079,,5.3964,1.907668029624127
91466,Bi2212,Sr8Pr4Cu8Bi8O34,5.487,5.507,30.33,2.026,1.9460000000000002,,5.497,1.939947454185293
72212,Bi2212,Sr8Ca2Y2Cu8Bi4Pb4O32,5.3702,5.4248,30.3291,2.5993,1.9123,,5.3975,1.8986524181639985
63210,Bi2212,Sr10Ca2Cu8Bi8O33.6,5.395,5.393,30.62799,2.2542,1.9073,,5.394,1.9074205422507116
67428,Bi2212,Sr8Ca4Cu8Bi8O32,5.4054,5.4016,30.7152,2.5094,1.9149,,5.4035,1.9110974975128818
66487,Bi2212,Sr7.28Ca3.2Cu8Bi8.24O32.576,5.408,5.413,30.871,2.4837,1.91345,,5.410500000000001,1.9120167363284244
151806,Bi2212,Sr8Ca3.6Cu8Bi6.8Pb1.6O32,5.3852,5.4286,30.997,2.5302,1.9189,,5.4069,1.9039557190228977
69885,Bi2212,Sr7.44Ca4Cu8Bi6.4Pb1.6O33.552,5.324,5.391,30.6,2.4726,1.9119,,5.3575,1.8823182515185892
174156,Bi2212,Sr8Ca3.2Cu8Bi8.8O32,5.414,5.418,30.89,2.0294,1.9175,,5.416,1.914138056671984
66211,Bi2212,Sr7.64Ca3Cu8Bi8.56O32,5.408,5.413,30.871,2.4993,1.91365,,5.410500000000001,1.9120167363284244
65862,Bi2212,Sr8Ca4Cu8Bi8O36.304,5.423,5.376,30.72,2.4862,1.96185,,5.3995,1.9173200371873236
71853,Bi2212,Sr7.4196Ca4.5804Cu8Bi8O32,5.378,5.361,30.622,2.6855,1.9126,,5.3695,1.9014101346106262
