num :,composition :,str3 :,tc :,lata :,latb :,latc :,refno :,lata ,lata* :,layers :,types :,cu-o_a :,cid :,cu-o_p :
43,La1.825Sr0.175Cu1.0O4.0,T,37.5,3.778,,13.243,CL19870547,3.778,3.778,One,RE,2.4146429058597825,0.0,1.889
128,Y1.0Ba2.0Cu3.0O7.0,Y123,92.0,3.821,3.885,11.675999999999998,PRB0363920,3.853,3.821,Two,RE,2.305939028967005,0.0,1.9105
180,Y1.0Ba2.0Cu3.0O7.0,Y123,91.6,3.824,3.887,11.657,PRB0368393,3.8555,3.824,Two,RE,2.29336015567673,0.0,1.912
184,Y1.0Ba2.0Cu3.0O7.0,Y123,92.0,3.8510000000000004,3.8510000000000004,11.672,PRB0368365,3.8510000000000004,3.8510000000000004,Two,RE,2.325139723803277,0.0,1.9255000000000002
187,La1.85Sr0.15Cu1.0O4.0,T,39.3,3.7769999999999997,,13.225999999999999,PRB0368393,3.7769999999999997,3.7769999999999997,One,RE,2.410606118723836,0.0,1.8884999999999998
208,Eu1.0Ba2.0Cu3.0O7.1,RE123,94.9,3.845,3.9010000000000002,11.704,PRB0360226,3.873,3.845,Two,RE,2.2985606935456873,0.0,1.9225
209,Gd1.0Ba2.0Cu3.0O7.08,RE123,93.8,3.84,3.8989999999999996,11.703,PRB0360226,3.8695,3.84,Two,RE,2.303217507397543,0.0,1.92
210,Dy1.0Ba2.0Cu3.0O6.82,RE123,92.7,3.8280000000000003,3.889,11.668,PRB0360226,3.8585,3.8280000000000003,Two,RE,2.294663232278819,1.0,1.9140000000000001
211,Ho1.0Ba2.0Cu3.0O6.71,RE123,92.9,3.822,3.888,11.67,PRB0360226,3.855,3.822,Two,RE,2.302188157697433,1.0,1.911
222,Er1.0Ba2.0Cu3.0O6.82,RE123,92.4,3.815,3.885,11.659,PRB0360226,3.85,3.815,Two,RE,2.302897450700876,1.0,1.9075
223,Tm1.0Ba2.0Cu3.0O6.65,RE123,92.5,3.81,3.8819999999999997,11.655999999999999,PRB0360226,3.846,3.81,Two,RE,2.306343796554989,1.0,1.905
224,Yb1.0Ba2.0Cu3.0O6.71,RE123,87.0,3.799,3.873,11.65,PRB0360226,3.836,3.799,Two,RE,2.3142888978333667,1.0,1.8995
226,Y1.0Ba2.0Cu3.0O6.72,Y123,93.4,3.824,3.887,11.657,PRB0360226,3.8555,3.824,Two,RE,2.29336015567673,0.0,1.912
228,Nd1.0Ba2.0Cu3.0O7.16,RE123,95.3,3.855,3.9139999999999997,11.735999999999999,PRB0360226,3.8845,3.855,Two,RE,2.307404085808089,0.0,1.9275
229,Sm1.0Ba2.0Cu3.0O7.11,RE123,93.5,3.855,3.8989999999999996,11.720999999999998,PRB0360226,3.877,3.855,Two,RE,2.298325575825031,0.0,1.9275
299,Y1.0Ba2.0Cu2.98Fe0.02O6.93,Y123,91.8,3.819,3.884,11.667,PRB0377458,3.8515,3.819,Two,RE,2.2974354950260505,0.0,1.9095
300,Y1.0Ba2.0Cu2.95Fe0.05O6.92,Y123,91.8,3.83,3.878,11.665999999999999,PRB0377458,3.8539999999999996,3.83,Two,RE,2.3048395225571134,0.0,1.915
308,Y1.0Ba2.0Cu2.9Al0.1O6.93,Y123,92.0,3.86,3.866,11.675,PRB0377458,3.863,3.86,Two,RE,2.334173887074071,0.0,1.93
314,Y1.0Ba2.0Cu2.98Co0.02O6.9,Y123,93.4,3.82,3.883,11.667,PRB0377458,3.8515,3.82,Two,RE,2.2981794532609072,0.0,1.91
315,Y1.0Ba2.0Cu2.95Co0.05O6.92,Y123,94.3,3.8289999999999997,3.88,11.67,PRB0377458,3.8545,3.8289999999999997,Two,RE,2.3072136165316994,0.0,1.9144999999999999
327,Y1.0Ba2.0Cu3.0O6.85,Y123,92.0,3.815,3.8819999999999997,11.67,PRB0377458,3.8485,3.815,Two,RE,2.2967982012437016,0.0,1.9075
352,Er1.0Ba2.0Cu3.0O7.0,RE123,90.0,3.8110000000000004,3.878,11.645999999999999,JJP0262091,3.8445,3.8110000000000004,Two,RE,2.299239046996139,1.0,1.9055000000000002
353,Er0.75Yb0.25Ba2.0Cu3.0O7.0,RE123,87.6,3.8169999999999997,3.887,11.659,JJP0262091,3.852,3.8169999999999997,Two,RE,2.3007926315605856,1.0,1.9084999999999999
354,Er0.62Yb0.38Ba2.0Cu3.0O7.0,RE123,88.3,3.815,3.883,11.675,JJP0262091,3.8489999999999998,3.815,Two,RE,2.3125811946828034,1.0,1.9075
355,Er0.5Yb0.5Ba2.0Cu3.0O7.0,RE123,89.3,3.812,3.883,11.674000000000001,JJP0262091,3.8475,3.812,Two,RE,2.3151331893943694,1.0,1.906
356,Er0.37Yb0.63Ba2.0Cu3.0O7.0,RE123,87.8,3.8089999999999997,3.8789999999999996,11.664000000000001,JJP0262091,3.844,3.8089999999999997,Two,RE,2.3122380781161005,1.0,1.9044999999999999
358,Yb1.0Ba2.0Cu3.0O7.0,RE123,88.5,3.8110000000000004,3.8710000000000004,11.635,JJP0262091,3.841,3.8110000000000004,Two,RE,2.2925814730085636,1.0,1.9055000000000002
379,Y1.0Ba2.0Cu3.0O7.0,Y123,92.0,3.823,3.887,11.684000000000001,JJP0261997,3.855,3.823,Two,RE,2.313663049855604,0.0,1.9115
417,Y1.0Ba2.0Cu3.0O7.0,Y123,92.5,3.83,3.89,11.67,JJP0261956,3.86,3.83,Two,RE,2.307957574766556,0.0,1.915
420,Eu1.0Ba2.0Cu3.0O7.0,RE123,92.0,3.84,3.9,11.704,JJP0261956,3.87,3.84,Two,RE,2.3038227413964143,0.0,1.92
422,Dy1.0Ba2.0Cu3.0O7.0,RE123,92.0,3.8289999999999997,3.895,11.68,JJP0261956,3.862,3.8289999999999997,Two,RE,2.300873630695121,1.0,1.9144999999999999
423,Ho1.0Ba2.0Cu3.0O7.0,RE123,91.0,3.824,3.89,11.664000000000001,JJP0261956,3.8569999999999998,3.824,Two,RE,2.2964519345639203,1.0,1.912
424,Er1.0Ba2.0Cu3.0O7.0,RE123,91.0,3.8289999999999997,3.884,11.652000000000001,JJP0261956,3.8565,3.8289999999999997,Two,RE,2.283927078726748,1.0,1.9144999999999999
425,Tm1.0Ba2.0Cu3.0O7.0,RE123,92.0,3.82,3.88,11.66,JJP0261956,3.85,3.82,Two,RE,2.2982406368490187,1.0,1.91
444,Eu1.0Ba2.0Cu3.0O7.0,RE123,92.0,3.821,3.884,11.61,PRB0375820,3.8525,3.821,Two,RE,2.266926527335348,1.0,1.9105
446,Gd1.0Ba2.0Cu3.0O7.0,RE123,92.0,3.844,3.897,11.7,PRB0375820,3.8705,3.844,Two,RE,2.2971921671203503,0.0,1.922
447,Gd1.0Ba2.0Cu3.0S1.0O6.0,RE123,92.0,3.887,3.911,11.72,PRB0375820,3.8989999999999996,3.887,Two,RE,2.2640432355815117,0.0,1.9435
501,Y2.0La0.2Ba3.8Cu6.0O13.92,Y123,93.0,3.81,3.8760000000000003,11.64,PHF0180095,3.843,3.81,Two,RE,2.2696930184986055,0.0,1.905
504,Y2.0Ba4.0Cu6.0O13.9,Y123,93.0,3.8169999999999997,3.884,11.665999999999999,PHF0180095,3.8505,3.8169999999999997,Two,RE,2.2951680655039723,0.0,1.9084999999999999
505,Y1.0Ba2.0Cu3.0O6.94,Y123,97.0,3.824,3.89,11.679,PRB0373734,3.8569999999999998,3.824,Two,RE,2.3105094428286588,0.0,1.912
506,Y1.0Ba1.975La0.025Cu3.0O6.95,Y123,99.0,3.82,3.889,11.67,PRB0373734,3.8545,3.82,Two,RE,2.300517992417987,0.0,1.91
507,Y1.0Ba1.95La0.05Cu3.0O6.9,Y123,99.0,3.821,3.889,11.672,PRB0373734,3.855,3.821,Two,RE,2.302820976757566,0.0,1.9105
508,Y1.0Ba1.925La0.075Cu3.0O6.9,Y123,99.0,3.827,3.885,11.659,PRB0373734,3.8560000000000003,3.827,Two,RE,2.2971510564860225,0.0,1.9135
509,Y1.0Ba1.9La0.1Cu3.0O6.9,Y123,95.0,3.83,3.883,11.652999999999999,PRB0373734,3.8565,3.83,Two,RE,2.2947058528764295,0.0,1.915
536,Y1.0Ba2.0Cu3.0O7.0,Y123,92.0,3.822,3.892,11.674000000000001,PRB0382432,3.8569999999999998,3.822,Two,RE,2.3051239610971432,0.0,1.911
537,Y1.0Ba2.0Cu2.97Co0.03O6.96,Y123,92.0,3.824,3.889,11.677,PRB0382432,3.8565,3.824,Two,RE,2.3089504167239365,0.0,1.912
579,La1.85Sr0.15Cu1.0O3.98,T,37.9,3.773,,13.224,JJP0271449,3.773,3.773,One,RE,2.4110397081528006,0.0,1.8865
634,Y1.0Ba1.48Sr0.52Cu3.0O7.0,Y123,95.0,3.79,3.84,11.52,PRB0392788,3.815,3.79,Two,RE,2.161272287518221,1.0,1.895
635,Y1.0Ba1.48Sr0.52Cu3.0O7.0,Y123,85.0,3.812,3.862,11.585999999999999,PRB0392788,3.837,3.812,Two,RE,2.229087230140861,1.0,1.906
637,Sm1.0Ba2.0Cu3.0O6.85,RE123,92.8,3.858,3.909,11.754000000000001,JJP0272274,3.8835,3.858,Two,RE,2.3151410690773235,0.0,1.929
697,Y1.0Ba2.0Cu3.0O6.9,Y123,91.0,3.8169999999999997,3.884,11.671,PRB0399069,3.8505,3.8169999999999997,Two,RE,2.299065630765776,0.0,1.9084999999999999
720,Tl1.0Ba1.2La0.8Cu1.0O5.0,Tl1201,41.1,3.8339999999999996,,9.107000000000001,PHC1580143,3.8339999999999996,3.8339999999999996,One,Tl,2.4537494043085486,1.0,1.9169999999999998
724,Y1.0Ba2.0Cu3.0O6.86,Y123,91.0,3.818,3.891,11.674000000000001,PHC1530026,3.8545,3.818,Two,RE,2.3021481281577163,0.0,1.909
761,Er1.0Ba2.0Cu3.0O6.91,RE123,92.0,3.8139999999999996,3.887,11.661,PRB0399099,3.8505,3.8139999999999996,Two,RE,2.3051603282687614,1.0,1.9069999999999998
784,Y1.0Ba2.0Cu3.0O6.9620000000000015,Y123,92.2,3.82,3.886,11.68,PHC1570083,3.853,3.82,Two,RE,2.308313122941591,0.0,1.91
786,Y1.0Ba1.92La0.08Cu3.0O6.965,Y123,92.6,3.8169999999999997,3.887,11.664000000000001,PHC1570083,3.852,3.8169999999999997,Two,RE,2.2936090393992554,0.0,1.9084999999999999
787,Y1.0Ba1.9La0.1Cu3.0O6.975,Y123,93.9,3.8160000000000003,3.887,11.664000000000001,PHC1570083,3.8515,3.8160000000000003,Two,RE,2.2928650811643987,0.0,1.9080000000000001
795,Y1.0Ba2.0Cu2.95Co0.05O6.88,Y123,91.2,3.832,3.884,11.687000000000001,PHC1590141,3.858,3.832,Two,RE,2.322697213126398,0.0,1.916
853,Gd1.0Ba2.0Cu3.0O6.99,RE123,94.0,3.84,3.904,11.71,PHC1590173,3.872,3.84,Two,RE,2.3074541453896376,0.0,1.92
870,Bi2.0Sr2.0Ca0.8Lu0.2Cu2.0O8.0,Bi2212,89.5,5.407,,30.69,PHC1590105,5.407,3.8233263658756624,Two,Bi,2.448514931789359,0.0,1.9116631829378312
918,Y1.0Ba2.0Cu3.0O7.0,Y123,92.0,3.819,,11.677999999999999,PRB0404453,3.819,3.819,Two,RE,2.306010138602014,0.0,1.9095
934,Er1.0Ba2.0Cu3.0O6.87,RE123,94.5,3.812,3.877,11.65,PRB0404472,3.8445,3.812,Two,RE,2.3006075734214773,1.0,1.906
935,Er1.0Ba2.0Cu3.0O7.0,RE123,92.5,3.803,3.873,11.62,PRB0404472,3.838,3.803,Two,RE,2.2919222395866687,1.0,1.9015
979,La1.0Ba2.0Cu3.0O6.85,RE123,93.0,3.8930000000000002,3.938,11.818,PRB0406771,3.9155,3.8930000000000002,Two,RE,2.317041710049948,0.0,1.9465000000000001
1025,Y1.0Ba2.0Cu3.0O7.0,Y123,92.6,3.8280000000000003,3.8960000000000004,11.7,PHC1480342,3.862,3.8280000000000003,Two,RE,2.3298550498676533,0.0,1.9140000000000001
1040,Y1.0Ba2.0Cu3.0O7.1,Y123,92.0,3.824,3.888,11.679,PR0365602,3.8560000000000003,3.824,Two,RE,2.3105094428286588,0.0,1.912
1044,Y1.0Ba2.0Cu3.0O7.0,Y123,92.2,3.82,3.885,11.675,PRB0387084,3.8525,3.82,Two,RE,2.304415557679791,0.0,1.91
1053,La1.0Ba2.0Cu3.0O7.0,RE123,92.0,3.885,3.938,11.817,PRB0387080,3.9115,3.885,Two,RE,2.3248557526122404,0.0,1.9425
1058,Y1.0Ba2.0Cu3.0O6.94,Y123,95.0,3.825,3.889,11.674000000000001,PRB0387200,3.8569999999999998,3.825,Two,RE,2.307355835801715,0.0,1.9125
1064,Y1.0Ba2.0Cu3.0O7.0,Y123,91.8,3.822,3.891,11.677,PRB0365719,3.8565,3.822,Two,RE,2.307462500254223,0.0,1.911
1075,La1.85Sr0.15Cu1.0O4.0,T,37.8,3.7760000000000002,,13.237,PRB0390315,3.7760000000000002,3.7760000000000002,One,RE,2.4136035840611774,0.0,1.8880000000000001
1102,Y1.0Ba2.0Cu3.0O7.0,Y123,91.25,3.83,3.89,11.68,JJP0272342,3.86,3.83,Two,RE,2.3157527052901603,0.0,1.915
1103,Y1.0Ba2.0Cu3.0S0.001O7.0,Y123,92.0,3.83,3.87,11.67,JJP0272342,3.85,3.83,Two,RE,2.307957574766556,0.0,1.915
1104,Y1.0Ba2.0Cu3.0S0.05O7.0,Y123,93.5,3.84,3.87,11.62,JJP0272342,3.855,3.84,Two,RE,2.276421504497108,0.0,1.92
1154,Y1.0Ba2.0Cu3.0O7.0,Y123,92.11,3.82,3.889,11.668,SSC0670057,3.8545,3.82,Two,RE,2.2989589663132666,0.0,1.91
1155,Y0.96Tb0.04Ba2.0Cu3.0O7.0,Y123,92.01,3.819,3.889,11.677,SSC0670057,3.8539999999999996,3.819,Two,RE,2.305230625549653,0.0,1.9095
1156,Y0.92Tb0.08Ba2.0Cu3.0O7.0,Y123,92.01,3.82,3.889,11.672,SSC0670057,3.8545,3.82,Two,RE,2.3020770185227093,0.0,1.91
1157,Y0.88Tb0.12Ba2.0Cu3.0O7.0,Y123,92.1,3.8310000000000004,3.891,11.665999999999999,SSC0670057,3.861,3.8310000000000004,Two,RE,2.305583480791972,0.0,1.9155000000000002
1158,Y1.0Ba2.0Cu3.0O7.0,Y123,91.06,3.822,3.888,11.681,PRL0601446,3.855,3.822,Two,RE,2.310580552463664,0.0,1.911
1391,Y1.0Ba2.0Cu3.0O7.0,Y123,91.4,3.818,3.887,11.675999999999998,PHC1520495,3.8525,3.818,Two,RE,2.303707154262435,0.0,1.909
1392,Y1.0Ba2.0Cu2.97Fe0.03O7.0,Y123,91.2,3.825,3.885,11.683,PHC1520495,3.855,3.825,Two,RE,2.3143714532729582,0.0,1.9125
1422,Y1.0Ba2.0Cu3.0O6.95,Y123,91.0,3.824,3.886,11.675999999999998,PHB1480442,3.855,3.824,Two,RE,2.3081709036715754,0.0,1.912
1510,Y1.0Ba2.0Cu3.0O6.8,Y123,93.9,3.82,3.884,11.697000000000001,JJP0280368,3.852,3.82,Two,RE,2.321564844831718,0.0,1.91
1511,Y1.0Ba2.0Cu3.0O6.87,Y123,93.2,3.818,3.885,11.684000000000001,JJP0280368,3.8515,3.818,Two,RE,2.3099432586813204,0.0,1.909
1609,Tl2.0Ba2.0Ca1.0Cu2.0O8.0,Tl2212,113.1,3.847,,29.43,PHC1560113,3.847,3.847,Two,Tl,2.7728227261012064,1.0,1.9235
1624,Bi2.0Sr2.0Ca0.9Y0.1Cu2.0O8.23,Bi2212,90.0,5.407,5.416,30.807,PHC1650055,5.4115,3.8233263658756624,Two,Bi,2.47399657760581,0.0,1.9116631829378312
1652,Y1.0Ba2.0Cu3.0O6.9,Y123,92.5,3.823,3.892,11.684000000000001,PR04111209,3.8575,3.823,Two,RE,2.313663049855604,0.0,1.9115
1656,Y0.95Ca0.05Ba1.6Sr0.4Cu4.0O7.8,Y124,82.0,3.813,3.861,27.13,PR04111209,3.8369999999999997,3.813,Two,RE,2.301861476137862,0.0,1.9065
1657,Y0.9Ca0.1Ba1.6Sr0.4Cu4.0O7.8,Y124,85.5,3.812,3.859,27.155,PR04111209,3.8355,3.812,Two,RE,2.3147077364985953,0.0,1.906
1659,Y1.0Ba1.4Sr0.6Cu3.0O6.8,Y123,86.0,3.803,3.8689999999999998,11.61,PR04111209,3.836,3.803,Two,RE,2.241099919283796,1.0,1.9015
1660,Y1.0Ba1.2Sr0.8Cu3.0O6.8,Y123,86.0,3.792,3.859,11.578,PR04111209,3.8255,3.792,Two,RE,2.207971961024837,1.0,1.896
1661,Y1.0Ba1.0Sr1.0Cu3.0O6.8,Y123,83.5,3.792,3.85,11.552999999999999,PR04111209,3.821,3.792,Two,RE,2.1884841347158286,1.0,1.896
1747,Ho1.0Ba2.0Cu3.0O7.0,RE123,95.0,3.818,3.89,11.669,SSC0640727,3.8539999999999996,3.818,Two,RE,2.305792561979144,1.0,1.909
1853,Bi2.0Sr2.0Ca1.0Cu1.0O8.0,Bi2212,77.0,3.8139999999999996,,30.52,PHC1680493,3.8139999999999996,3.8139999999999996,Two,Bi,2.421460414710521,1.0,1.9069999999999998
1958,Tl1.0Ba2.0Ca0.65Y0.35Cu2.0O7.0,Tl1212,102.0,3.865,,12.649000000000001,PHC1680057,3.865,3.865,Two,Tl,2.7174763918210196,1.0,1.9325
1993,Y1.0Ba2.0Cu4.0O8.0,Y124,80.4,3.84,3.87,27.230999999999998,PRB0397347,3.855,3.84,Two,RE,2.2793841703183637,1.0,1.92
1997,Y1.0Ba2.0Cu4.0O8.045,Y124,81.4,3.84,3.8689999999999998,27.23,PHC1680047,3.8545,3.84,Two,RE,2.2789661655194986,1.0,1.92
1999,Y1.0Ba2.0Cu4.0O8.0,Y124,80.6,3.843,3.872,27.237,PHC1680047,3.8575,3.843,Two,RE,2.2747037779443415,1.0,1.9215
2003,Y1.0Ba2.0Cu4.0O8.0,Y124,82.9,3.835,3.8560000000000003,27.215,PHC1650391,3.8455,3.835,Two,RE,2.284676795481874,1.0,1.9175
2015,La2.0Cu1.0O4.32,T,37.5,3.79,3.813,13.181,PHC1580183,3.8015,3.79,One,RE,2.3962589529949065,0.0,1.895
2047,Er1.0Ba2.0Cu3.0O7.0,RE123,92.5,3.819,3.891,11.672,JJP0261231,3.855,3.819,Two,RE,2.3065558544056106,1.0,1.9095
2077,Y1.0Ba2.0Cu4.0O8.0,Y124,83.0,3.842,3.863,27.19,JJP0291079,3.8525,3.842,Two,RE,2.2574536927866977,1.0,1.921
2078,Y0.9Ca0.1Ba2.0Cu4.0O8.0,Y124,91.0,3.841,3.864,27.21,JJP0291079,3.8525,3.841,Two,RE,2.2682099291530986,1.0,1.9205
2086,Y1.0Ba2.0Cu4.0O8.0,Y124,82.5,3.842,3.863,27.19,PHC1600541,3.8525,3.842,Two,RE,2.2574536927866977,1.0,1.921
2149,Y1.0Ba2.0Cu3.0O6.9,Y123,92.0,3.821,3.887,11.665999999999999,SSC0681011,3.8539999999999996,3.821,Two,RE,2.298143898443401,0.0,1.9105
2165,Er1.0Ba2.0Cu3.0O7.0,RE123,91.1,3.821,3.895,11.705,PRB0372285,3.858,3.821,Two,RE,2.3244237572280455,0.0,1.9105
2166,Tm1.0Ba2.0Cu3.0O7.0,RE123,92.1,3.844,3.915,11.783,PRB0372285,3.8795,3.844,Two,RE,2.347426589026602,0.0,1.922
2167,Yb1.0Ba2.0Cu3.0O7.0,RE123,96.1,3.8280000000000003,3.906,11.745999999999999,PRB0372285,3.867,3.8280000000000003,Two,RE,2.341871484190718,0.0,1.9140000000000001
2168,Lu1.0Ba2.0Cu3.0O7.0,RE123,92.4,3.7969999999999997,3.8789999999999996,11.663,PRB0372285,3.838,3.7969999999999997,Two,RE,2.3242617589589734,1.0,1.8984999999999999
2169,Y1.0Ba2.0Cu3.0O7.0,Y123,94.0,3.815,3.891,11.673,PRB0372285,3.853,3.815,Two,RE,2.299136740400783,0.0,1.9075
2171,Nd1.0Ba2.0Cu3.0O7.0,RE123,93.5,3.8689999999999998,3.92,11.78,PRB0372285,3.8945,3.8689999999999998,Two,RE,2.319300647776357,0.0,1.9344999999999999
2173,Gd1.0Ba2.0Cu3.0O7.0,RE123,95.7,3.84,3.9139999999999997,11.743,PRB0372285,3.877,3.84,Two,RE,2.3274268673523637,0.0,1.92
2174,Dy1.0Ba2.0Cu3.0O7.0,RE123,95.1,3.8339999999999996,3.905,11.725999999999999,PRB0372285,3.8695,3.8339999999999996,Two,RE,2.3234523467924366,0.0,1.9169999999999998
2175,Ho1.0Ba2.0Cu3.0O7.0,RE123,91.3,3.8310000000000004,3.897,11.7,PRB0372285,3.864,3.8310000000000004,Two,RE,2.310873491532239,0.0,1.9155000000000002
2235,Y1.0Ba2.0Cu3.0O7.0,Y123,92.0,3.82,3.89,11.68,IJM0030409,3.855,3.82,Two,RE,2.308313122941591,0.0,1.91
2309,Y1.0Ba2.0Cu4.0O8.0,Y124,80.4,3.84,3.87,27.231,PRB0397347,3.855,3.84,Two,RE,2.2793841703183655,1.0,1.92
2327,Y1.0Ba2.0Cu3.0O7.0,Y123,91.0,3.825,3.9,11.66,PRB0406739,3.8625,3.825,Two,RE,2.29644265306867,0.0,1.9125
2425,Y1.0Ba2.0Cu3.0O7.0,Y123,92.1,3.82,3.886,11.688,PHC1710031,3.853,3.82,Two,RE,2.314549227360475,0.0,1.91
2427,Y0.6Eu0.4Ba2.0Cu3.0O7.0,Y123,92.6,3.828,3.893,11.696,PHC1710031,3.8605,3.828,Two,RE,2.3267369976582124,0.0,1.914
2429,Y0.2Eu0.8Ba2.0Cu3.0O7.0,Y123,93.8,3.836,3.896,11.71,PHC1710031,3.866000000000001,3.836,Two,RE,2.343601846270115,0.0,1.918
2430,Eu1.0Ba2.0Cu3.0O7.0,RE123,95.2,3.845,3.905,11.719,PHC1710031,3.875,3.845,Two,RE,2.3076392035287445,0.0,1.9225
2431,Y1.0Ba2.0Cu3.0O6.93,Y123,91.0,3.818,3.884,11.683,PHC1710093,3.8510000000000004,3.818,Two,RE,2.3091637456289593,0.0,1.909
2448,Y1.0Ba2.0Cu4.0O8.0,Y124,81.3,3.833,3.873,27.19,PR04310364,3.853,3.833,Two,RE,2.279018956288363,1.0,1.9165
2533,Gd1.0Ba2.0Cu3.0O7.0,RE123,93.5,3.838,3.89,11.695,PHC1740071,3.864,3.838,Two,RE,2.30048045454687,0.0,1.919
2546,Y1.0Ba2.0Cu3.0O7.0,Y123,93.0,3.82,3.891,11.679,PHC1610001,3.8555,3.82,Two,RE,2.307533609889232,0.0,1.91
2561,Gd1.0Ba2.0Cu3.0O7.0,RE123,91.5,3.84,3.899,11.702,PR04310568,3.8695,3.84,Two,RE,2.302612273398673,0.0,1.92
2736,Y1.0Ba2.0Cu3.0O6.9,Y123,91.0,3.821,3.881,11.666,PHC1740316,3.8510000000000004,3.821,Two,RE,2.298143898443403,0.0,1.9105
2740,Bi2.0Sr1.6Ca1.2Lu0.2Cu2.0O8.26,Bi2212,88.6,5.397,,30.531,PHC1740359,5.397,3.8162552980637967,Two,Bi,2.421445160255042,0.0,1.9081276490318984
2741,Bi2.0Sr1.6Ca1.2Yb0.2Cu2.0O8.26,Bi2212,88.3,5.397,,30.542,PHC1740359,5.397,3.8162552980637967,Two,Bi,2.423840870545478,0.0,1.9081276490318984
2742,Bi2.0Sr1.6Ca1.2Y0.2Cu2.0O8.26,Bi2212,89.1,5.402,,30.571,PHC1740359,5.402,3.8197908319697293,Two,Bi,2.4263772681610916,0.0,1.9098954159848647
2743,Bi2.0Sr1.6Ca1.2Dy0.2Cu2.0O8.26,Bi2212,88.0,5.401,,30.596,PHC1740359,5.401,3.819083725188543,Two,Bi,2.4325779774511878,0.0,1.9095418625942715
2748,Bi2.0Sr1.8Ca1.0Lu0.2Cu2.0O8.27,Bi2212,91.1,5.398,,30.625,PHC1740359,5.398,3.816962404844983,Two,Bi,2.441161680470567,0.0,1.9084812024224915
2749,Bi2.0Sr1.8Ca1.0Yb0.2Cu2.0O8.26,Bi2212,90.1,5.398,,30.615,PHC1740359,5.398,3.816962404844983,Two,Bi,2.4389837620247166,0.0,1.9084812024224915
2750,Bi2.0Sr1.8Ca1.0Y0.2Cu2.0O8.25,Bi2212,90.4,5.404,,30.623,PHC1740359,5.404,3.8212050455321025,Two,Bi,2.436190617728572,0.0,1.9106025227660512
2751,Bi2.0Sr1.8Ca1.0Dy0.2Cu2.0O8.26,Bi2212,89.2,5.405,,30.639,PHC1740359,5.405,3.8219121523132893,Two,Bi,2.438919374066462,0.0,1.9109560761566446
2752,Bi2.0Sr1.8Ca1.0Gd0.2Cu2.0O8.26,Bi2212,88.9,5.407,,30.647,PHC1740359,5.407,3.8233263658756624,Two,Bi,2.4391498824722007,0.0,1.9116631829378312
2753,Bi2.0Sr1.8Ca1.0Eu0.2Cu2.0O8.25,Bi2212,88.9,5.41,,30.656,PHC1740359,5.41,3.825447686219222,Two,Bi,2.4388422695470546,0.0,1.912723843109611
2755,Bi2.0Sr1.8Ca1.0La0.2Cu2.0O8.27,Bi2212,87.8,5.416,,30.727,PHC1740359,5.416,3.8296903269063414,Two,Bi,2.4497700114597696,0.0,1.9148451634531707
2756,Bi2.0Sr2.0Ca0.8Lu0.2Cu2.0O8.27,Bi2212,92.5,5.4,,30.666,PHC1740359,5.4,3.8183766184073566,Two,Bi,2.448579319747612,0.0,1.9091883092036783
2757,Bi2.0Sr2.0Ca0.8Yb0.2Cu2.0O8.26,Bi2212,92.1,5.403,,30.658,PHC1740359,5.403,3.8204979387509157,Two,Bi,2.4445692454645203,0.0,1.9102489693754579
2758,Bi2.0Sr2.0Ca0.8Y0.2Cu2.0O8.27,Bi2212,92.6,5.408,,30.677,PHC1740359,5.408,3.824033472656849,Two,Bi,2.4449277246342827,0.0,1.9120167363284244
2759,Bi2.0Sr2.0Ca0.8Dy0.2Cu2.0O8.26,Bi2212,91.7,5.408,,30.683000000000003,PHC1740359,5.408,3.824033472656849,Two,Bi,2.4462344757017935,0.0,1.9120167363284244
2760,Bi2.0Sr2.0Ca0.8Gd0.2Cu2.0O8.27,Bi2212,90.9,5.4110000000000005,,30.705,PHC1740359,5.4110000000000005,3.8261547930004087,Two,Bi,2.448758156756251,0.0,1.9130773965002044
2761,Bi2.0Sr2.0Ca0.8Eu0.2Cu2.0O8.26,Bi2212,90.9,5.412000000000001,,30.72300000000001,PHC1740359,5.412000000000001,3.8268618997815955,Two,Bi,2.4519224967833133,0.0,1.9134309498907978
2762,Bi2.0Sr2.0Ca0.8Nd0.2Cu2.0O8.26,Bi2212,89.7,5.416,,30.746,PHC1740359,5.416,3.8296903269063414,Two,Bi,2.453908056506885,0.0,1.9148451634531707
2763,Bi2.0Sr2.0Ca0.8La0.2Cu2.0O8.26,Bi2212,89.0,5.419,,30.774,PHC1740359,5.419,3.8318116472499004,Two,Bi,2.457738488628856,0.0,1.9159058236249502
2779,Y1.0Ba2.0Cu4.0O8.0,Y124,80.0,3.843,3.873,27.254,PHC1750081,3.858,3.843,Two,RE,2.2818098595250698,1.0,1.9215
2788,Tl2.0Ba2.0Ca0.8Y0.2Cu2.0O8.0,Tl2212,85.0,3.865,,29.172,PR0442757,3.865,3.865,Two,Tl,2.5315958916406673,0.0,1.9325
2790,Tl2.0Ba2.0Ca0.7Y0.3Cu2.0O8.0,Tl2212,73.2,3.868,,29.113000000000003,PR0442757,3.868,3.868,Two,Tl,2.482770256075165,0.0,1.934
2857,Tl1.0Ba2.0Ca0.8Nd0.2Cu2.0O6.86,Tl1212,100.0,3.856,,12.653,PHC1780029,3.856,3.856,Two,Tl,2.712621031094379,1.0,1.928
2917,Y1.0Ba2.0Cu3.0O7.0,Y123,91.0,3.82,3.889,11.672,SSC0700951,3.8545,3.82,Two,RE,2.3020770185227093,0.0,1.91
2931,Tl1.0Sr2.0Sr0.5Nd0.5Cu2.0O7.0,Tl1212,86.0,3.836,,12.135,PHC1770183,3.836,3.836,Two,Tl,2.4338254123698704,0.0,1.918
2979,Y1.0Ba2.0Cu3.0O9.0,Y123,93.0,3.819,3.882,11.665,PR0362305,3.8505,3.819,Two,RE,2.2958764689213282,0.0,1.9095
3043,Ba2.0Cu3.0O7.0,RE123,92.0,3.82,3.886,11.683,PRB0365694,3.853,3.82,Two,RE,2.3121610188230406,1.0,1.91
3044,Y1.0Ba2.0Cu3.0H0.13O7.0,Y123,93.5,3.821,3.887,11.688,PRB0365694,3.8539999999999996,3.821,Two,RE,2.3152931855953316,0.0,1.9105
3045,Y1.0Ba2.0Cu3.0H0.19O7.0,Y123,93.5,3.825,3.886,11.691,PRB0365694,3.8555,3.825,Two,RE,2.320607557691842,0.0,1.9125
3046,Y1.0Ba2.0Cu3.0H0.38O7.0,Y123,93.8,3.825,3.886,11.69,PRB0365694,3.8555,3.825,Two,RE,2.319828044639481,0.0,1.9125
3047,Y1.0Ba2.0Cu3.0H0.49O7.0,Y123,93.6,3.826,3.886,11.694,PRB0365694,3.8560000000000003,3.826,Two,RE,2.3236900550837802,0.0,1.913
3137,Bi2.0Sr1.4Li0.6Ca1.0Cu2.0O7.7,Bi2212,94.0,5.398,,30.806,PHC1810063,5.398,3.816962404844983,Two,Bi,2.4805820043404623,0.0,1.9084812024224915
3298,Y1.0Ba2.0Cu4.0O8.0,Y124,80.0,3.837,3.867,27.23,PHC1920103,3.852,3.837,Two,RE,2.28615458668672,1.0,1.9185
3370,Y1.0Ba2.0Cu3.0O6.99,Y123,91.4,3.818,3.885,11.682,PHC1900255,3.8515,3.818,Two,RE,2.308384232576598,0.0,1.909
3491,Eu1.0Ba2.0Cu3.0O6.97,RE123,94.77,3.843,3.902,11.714,PR0446999,3.8725,3.843,Two,RE,2.306717852674683,0.0,1.9215
3649,La2.0Cu1.0O4.11,T,45.0,5.341,5.404,13.219,PHC1970303,5.3725000000000005,3.7766573183173504,One,RE,2.408927746206319,1.0,1.8883286591586752
3653,La1.99Sr0.01Cu1.0O4.13,T,40.0,5.3370000000000015,5.395,13.198,PHC1970303,5.3660000000000005,3.773828891192605,One,RE,2.40431393427857,1.0,1.8869144455963025
3658,La1.85Sr0.15Cu1.0O4.05,T,39.0,3.775,,13.227,PHC1970303,3.775,3.775,One,RE,2.4113253600435534,0.0,1.8875
3678,Tl2.0Ba2.0Ca1.0Cu2.0O8.0,Tl2212,109.0,3.856,,29.32800000000001,PHC1960291,3.856,3.856,Two,Tl,2.6667575216957067,1.0,1.928
3683,Bi2.0Sr2.0Ca1.0Cu2.0O8.0,Bi2212,88.0,5.414,5.426,30.921,PHC1980033,5.42,3.828276113343968,Two,Bi,2.4935334556602125,0.0,1.914138056671984
3726,Yb0.9Ca0.1Ba1.8Sr0.2Cu4.0O8.0,RE124,87.0,3.814,3.854,27.128,PHC1990177,3.834,3.814,Two,RE,2.299162070445438,1.0,1.907
3730,YbCa0.2Ba1.6Sr0.4Cu4.0O8.0,RE124,86.0,3.809,3.852,27.106,PHC1990177,3.8305,3.809,Two,RE,2.3015300850534914,1.0,1.9045
3844,Ho1.0Ba2.0Cu3.0O6.9,RE123,91.5,3.819,3.9,11.669,ME0382455,3.8595,3.819,Two,RE,2.304740152408999,1.0,1.9095
3857,Eu1.0Ba2.0Cu3.0O7.01,RE123,90.0,3.859,3.904,11.709,PR0382450,3.8815,3.859,Two,RE,2.286853129558005,0.0,1.9295
4053,Bi2.0Sr2.0Ca0.9Dy0.1Cu2.0O8.0,Bi2212,93.0,5.4129999999999985,,30.871,SSC0830689,5.4129999999999985,3.8275690065627805,Two,Bi,2.483399776606431,0.0,1.9137845032813903
4054,Bi2.0Sr2.0Ca0.8Dy0.2Cu2.0O8.0,Bi2212,89.0,5.4179999999999975,,30.809,SSC0830689,5.4179999999999975,3.8311045404687123,Two,Bi,2.4661171163648055,0.0,1.9155522702343561
4055,Bi2.0Sr2.0Ca0.7Dy0.3Cu2.0O8.0,Bi2212,88.0,5.422999999999999,,30.746,SSC0830689,5.422999999999999,3.8346400743746463,Two,Bi,2.448616664278591,0.0,1.9173200371873231
4337,Y1.0Ba2.0Cu4.0O8.0,Y124,81.5,3.839,3.869,27.243,PHC2040413,3.8539999999999996,3.839,Two,RE,2.286796368293835,1.0,1.9195
4360,Bi2.0Sr2.0Ca0.9Y0.1Cu2.0O8.2,Bi2212,89.0,5.41,5.44,30.7,PHC2000215,5.425000000000002,3.825447686219222,Two,Bi,2.4484251107087975,0.0,1.912723843109611
4518,Hg1.0Ba2.0Ca1.0Cu2.0O6.0,Hg1212,128.0,3.85,,12.66,PHC2160029,3.85,3.85,Two,Hg,2.778794114865722,1.0,1.925
4526,Tl0.6Pb0.2Bi0.2Sr1.8Ba0.2Ca2.0Cu3.0O9.0,Tl1223,122.0,3.822,,15.348,PHC2220278,3.822,3.822,Three,Tl,2.4111842219151707,1.0,1.911
4537,Hg1.0Ba2.0Ca2.0Cu3.0O8.0,Hg1223,134.5,3.852,,15.83,PHC2220007,3.852,3.852,Three,Hg,2.819686731102565,0.0,1.926
4562,Bi0.33Hg0.67Sr2.0Y0.5Ca0.5Cu2.0O7.0,Hg1212,92.0,3.811,,12.0,PHC2200001,3.811,3.811,Two,Hg,2.2865192332259383,0.0,1.9055
4571,Hg1.0Ba2.0Cu1.0O4.0,Hg1201,97.0,3.879,,9.516,PHC2210001,3.879,3.879,One,Hg,2.7767922771987927,0.0,1.9395
4572,Hg1.0Ba2.0Ca1.0Cu2.0O6.0,Hg1212,128.0,3.849,,12.646,PHC2210001,3.849,3.849,Two,Hg,2.7682678872772453,1.0,1.9245
4573,Hg1.0Ba2.0Ca2.0Cu3.0O8.0,Hg1223,135.0,3.846,,15.773,PHC2210001,3.846,3.846,Three,Hg,2.7694683139359997,0.0,1.923
4585,Y1.0Ba2.0Cu4.0O8.0,Y124,80.0,3.837,3.868,27.20300000000001,PHC2200041,3.8525,3.837,Two,RE,2.2748684571173334,1.0,1.9185
4628,Y0.9Ca0.1Ba2.0Cu4.0O8.0,Y124,88.8,3.833,3.861,27.189,PHC2230051,3.847,3.833,Two,RE,2.278600951489496,1.0,1.9165
4629,Y0.85Pr0.05Ca0.1Ba2.0Cu4.0O8.0,Y124,83.8,3.83,3.86,27.169,PHC2230051,3.845,3.83,Two,RE,2.277429276679393,0.0,1.915
4630,Y0.8Pr0.1Ca0.1Ba2.0Cu4.0O8.0,Y124,80.0,3.832,3.862,27.174,PHC2230051,3.847,3.832,Two,RE,2.2747270198955767,0.0,1.916
4643,Hg0.8Pb0.2Ba2.0Cu1.0O4.0,Hg1201,96.0,3.881,,9.531,APL0630693,3.881,3.881,One,Hg,2.784152451534235,0.0,1.9405
4667,La1.85Sr0.15Cu1.0O4.0,T,37.0,3.786,,13.246,PHC2270160,3.786,3.786,One,RE,2.413524503699237,0.0,1.893
4669,La1.83Sr0.17Cu1.0O4.0,T,37.0,3.782,,13.252,PHC2270160,3.782,3.782,One,RE,2.415967879549141,0.0,1.891
4717,La2.0Cu1.0O4.0,T,41.2,5.336,5.421,13.164,PHC2230075,5.378500000000002,3.7731217844114173,One,RE,2.3959378113463825,1.0,1.8865608922057087
4778,Tl2.0Ba2.0Cu1.0O6.0,Tl2201,83.0,5.489,5.46,23.209,PHC2020199,5.4745,3.881309121932959,One,Tl,2.8377761082743405,1.0,1.9406545609664796
4823,Yb1.0Ba2.0Cu3.0O6.95,RE123,88.4,3.8,3.866,11.634,PHC2290239,3.833,3.8,Two,RE,2.303552744281293,1.0,1.9
4824,Yb0.95Pr0.05Ba2.0Cu3.0O6.9,RE123,89.1,3.801,3.87,11.64,PHC2290239,3.8355,3.801,Two,RE,2.3061317387043703,1.0,1.9005
4825,Yb0.9Pr0.1Ba2.0Cu3.0O6.92,RE123,88.0,3.803,3.878,11.655,PHC2290239,3.8405,3.803,Two,RE,2.3131054295471363,1.0,1.9015
4917,Hg1.0Ba2.0Ca1.0Cu2.0O6.24,Hg1212,126.0,3.855,,12.665,PHC2160029,3.855,3.855,Two,Hg,2.78481226710816,1.0,1.9275
4983,Nd1.0Ba2.0Cu3.0O6.81,RE123,91.7,3.863,3.916,11.745,PHC2250025,3.8895,3.863,Two,RE,2.304431915236761,0.0,1.9315
5142,Y0.9Ca0.1Ba2.0Cu4.0O8.0,Y124,83.5,3.846,3.869,27.25,PHC2170294,3.8575,3.846,Two,RE,2.272949419162382,1.0,1.923
5146,Er1.0Ba2.0Cu3.0O6.935,RE123,88.0,3.82,3.886,11.671,SSC0880629,3.853,3.82,Two,RE,2.304898210836594,1.0,1.91
5153,Y1.0Ba2.0Cu4.0O8.0,Y124,80.0,3.839,3.871,27.259,SUP0060265,3.855,3.839,Two,RE,2.293484445075696,1.0,1.9195
5155,Y1.0Ba2.2Cu4.0O8.0,Y124,80.0,3.845,3.869,27.265,SUP0060265,3.8569999999999998,3.845,Two,RE,2.28161563153445,1.0,1.9225
5254,Hg0.9Mo0.1Sr2.0Cu1.0O4.0,Hg1201,72.0,3.785,,8.841000000000003,PHC2310009,3.785,3.785,One,Hg,2.4436916849954913,1.0,1.8925
5255,Hg0.85Mo0.15Sr2.0Cu1.0O4.0,Hg1201,78.0,3.787,,8.844,PHC2310009,3.787,3.787,One,Hg,2.4459208187059516,1.0,1.8935
5256,Hg0.8Mo0.2Sr2.0Cu1.0O4.0,Hg1201,72.0,3.797,,8.818,PHC2310009,3.797,3.797,One,Hg,2.4395354317895843,1.0,1.8985
5297,Y1.0Ba2.0Cu3.0O6.8210000000000015,Y123,91.1,3.821,3.89,11.678,APJ0334583,3.8555,3.821,Two,RE,2.3074980550717274,0.0,1.9105
5315,Y0.9K0.1Ba2.0Cu3.0O6.51,Y123,92.05,3.825,3.896,11.692,JJP0330219,3.8605,3.825,Two,RE,2.3213870707442013,0.0,1.9125
5317,Y0.95Rb0.05Ba2.0Cu3.0O6.59,Y123,92.05,3.824,3.897,11.694,JJP0330219,3.8605,3.824,Two,RE,2.322202138614065,0.0,1.912
5318,Y0.9Rb0.1Ba2.0Cu3.0O6.42,Y123,92.4,3.825,3.896,11.693,JJP0330219,3.8605,3.825,Two,RE,2.3221665837965606,0.0,1.9125
5319,Y0.85Rb0.15Ba2.0Cu3.0O6.48,Y123,91.95,3.822,3.896,11.694,JJP0330219,3.859,3.822,Two,RE,2.3207142221443515,0.0,1.911
5320,Y0.95Cs0.05Ba2.0Cu3.0O6.61,Y123,92.45,3.823,3.896,11.69,JJP0330219,3.8595,3.823,Two,RE,2.3183401281697655,0.0,1.9115
5321,Y0.9Cs0.1Ba2.0Cu3.0O6.47,Y123,91.3,3.827,3.895,11.685,JJP0330219,3.861,3.827,Two,RE,2.317418395847392,0.0,1.9135
5323,Y1.0Ba1.9K0.1Cu3.0O6.61,Y123,92.7,3.829,3.896,11.693,JJP0330219,3.8625,3.829,Two,RE,2.3251424167359875,0.0,1.9145
5324,Y1.0Ba1.8K0.2Cu3.0O6.57,Y123,93.0,3.836,3.896,11.691,JJP0330219,3.866000000000001,3.836,Two,RE,2.3287910982752678,0.0,1.918
5325,Y1.0Ba1.7K0.3Cu3.0O6.54,Y123,92.85,3.828,3.895,11.687,JJP0330219,3.8615,3.828,Two,RE,2.3197213801869694,0.0,1.914
5326,Y1.0Ba1.9Rb0.1Cu3.0O6.52,Y123,93.35,3.825,3.895,11.687,JJP0330219,3.86,3.825,Two,RE,2.317489505482399,0.0,1.9125
5328,Y1.0Ba1.7Rb0.3Cu3.0O6.52,Y123,91.05,3.826,3.895,11.684,JJP0330219,3.8605,3.826,Two,RE,2.3158949245601743,0.0,1.913
5329,Y1.0Ba1.9Cs0.1Cu3.0O6.65,Y123,93.45,3.826,3.895,11.688,JJP0330219,3.8605,3.826,Two,RE,2.319012976769617,0.0,1.913
5330,Y1.0Ba1.8Cs0.2Cu3.0O6.58,Y123,93.3,3.827,3.893,11.684,JJP0330219,3.86,3.827,Two,RE,2.316638882795031,0.0,1.9135
5331,Y1.0Ba1.7Cs0.3Cu3.0O6.6,Y123,93.75,3.826,3.896,11.69,JJP0330219,3.861,3.826,Two,RE,2.3205720028743375,0.0,1.913
5332,Y0.95Sc0.05Ba2.0Cu3.0O6.63,Y123,91.7,3.831,3.895,11.69,JJP0330219,3.863,3.831,Two,RE,2.324291794048621,0.0,1.9155
5333,Y0.9Sc0.1Ba2.0Cu3.0O6.56,Y123,91.4,3.833,3.896,11.687,JJP0330219,3.864500000000001,3.833,Two,RE,2.323441171361255,0.0,1.9165
5334,Y0.95La0.05Ba2.0Cu3.0O6.58,Y123,93.65,3.829,3.896,11.7,JJP0330219,3.8625,3.829,Two,RE,2.33059900810251,0.0,1.9145
5335,Y0.9La0.1Ba2.0Cu3.0O6.62,Y123,92.35,3.834,3.896,11.69,JJP0330219,3.865,3.834,Two,RE,2.326523668753193,0.0,1.917
5338,Y1.1Ba1.9Cu3.0O6.65,Y123,91.25,3.831,3.892,11.68,JJP0330219,3.8615,3.831,Two,RE,2.316496663525017,0.0,1.9155
5339,Y1.2Ba1.8Cu3.0O6.68,Y123,92.3,3.83,3.894,11.696,JJP0330219,3.862,3.83,Two,RE,2.328224914127926,0.0,1.915
5340,Y1.0Ba1.9La0.1Cu3.0O6.73,Y123,92.85,3.836,3.888,11.668,JJP0330219,3.862,3.836,Two,RE,2.310862298070978,0.0,1.918
5341,Y1.0Ba1.8La0.2Cu3.0O6.81,Y123,91.7,3.826,3.887,11.661,JJP0330219,3.8565,3.826,Two,RE,2.297966124355886,0.0,1.913
5371,Y1.0Ba2.0Cu4.0O8.0,Y124,80.4,3.842,3.863,27.204,PHC2340361,3.8525,3.842,Two,RE,2.263305759970827,1.0,1.921
5426,Er1.0Ba2.0Cu3.0O7.0,RE123,90.5,3.82,3.89,11.63,PR05000462,3.855,3.82,Two,RE,2.280083616882904,1.0,1.91
5442,Er1.0Ba2.0Cu3.0O6.92,RE123,90.0,3.821,3.888,11.669,PHC2430134,3.8545,3.821,Two,RE,2.3026353332687077,1.0,1.9105
5497,Hg0.8Mo0.2Ba2.0Ca1.0Cu2.0O6.4,Hg1212,127.0,3.86,,12.576,PHC2430233,3.86,3.86,Two,Hg,2.7234208707999024,1.0,1.93
5500,Hg0.8Ti0.2Ba2.0Ca1.0Cu2.0O6.2,Hg1212,127.0,3.857,,12.581,PHC2430233,3.857,3.857,Two,Hg,2.725546962309817,1.0,1.9285
5523,Y1.0Ba2.0Cu3.0O7.0,Y123,92.03,3.818,3.886,11.679,PHC2410301,3.852,3.818,Two,RE,2.3060456934195184,0.0,1.909
5524,Y1.0Ba2.0Cu3.0O7.0,Y123,92.83,3.818,3.885,11.677,PHC2410301,3.8515,3.818,Two,RE,2.304486667314796,0.0,1.909
5527,Hg0.75SrBa2.0Ca2.0Cu3.0O8.0,Hg1223,133.5,3.855,,15.83,PHC2410211,3.855,3.855,Three,Hg,2.8118838914987743,0.0,1.9275
5529,Hg0.75Sr1.0Ba1.0Ca2.0Cu3.0O8.0,Hg1223,122.0,3.837,,15.552,PHC2410211,3.837,3.837,Three,Hg,2.5376641082090305,1.0,1.9185
5715,Y1.0Ba2.0Cu1.0O8.0,Y124,84.5,3.842,3.861,27.207,PHC2420373,3.8515,3.842,Two,RE,2.264559774367426,1.0,1.921
5787,La1.8K0.2Cu1.0O4.0,T,41.0,5.334,,13.324000000000002,PHC2030115,5.334,3.771707570849044,One,RE,2.436464478478778,1.0,1.885853785424522
5811,Y1.0Ba2.0Cu3.0O6.92,Y123,91.5,3.822,3.888,11.667,SUP0080373,3.855,3.822,Two,RE,2.2996673697306207,0.0,1.911
5841,Y0.98Ca0.02Ba2.0Cu4.0O8.0,Y124,87.0,3.834,3.864,27.156,PHC2520013,3.849,3.834,Two,RE,2.262410652737835,0.0,1.917
6003,Tl0.8Bi0.2Sr1.6Ba0.4Ca2.0Cu3.0O9.0,Tl1223,113.0,3.821,,15.424,PHC2530109,3.821,3.821,Three,Tl,2.472273695552127,1.0,1.9105
6014,Hg0.66Pb0.34Ba2.0Ca1.98Cu2.9O8.4,Hg1223,143.0,3.848,,15.918,PHC2460207,3.848,3.848,Three,Hg,2.9317136835729594,0.0,1.924
6030,Tl0.9Mo0.1Sr1.2La0.8Cu1.0O5.0,Tl1201,40.0,3.776,,8.841000000000003,PHC2540033,3.776,3.776,One,Tl,2.330569683780646,0.0,1.888
6055,Y1.0Ba1.0Sr1.0Cu3.0O6.9,Y123,92.0,3.8008,3.8523,11.576,PLA1960263,3.82655,3.8008,Two,RE,2.2129597673868595,1.0,1.9004
6067,Hg1.0Ba2.0Cu1.0O4.0,Hg1201,97.0,3.877,,9.498,PHC2550180,3.877,3.877,One,Hg,2.768149342707107,0.0,1.9385
6082,Tl0.9Hg0.1Ba2.0Ca2.0Cu3.0O8.0,Tl1223,132.0,3.845,,15.902,PHC2460203,3.845,3.845,Three,Tl,2.7878880950050733,0.0,1.9225
6083,Tl0.7Hg0.3Ba2.0Ca2.0Cu3.0O8.0,Tl1223,133.0,3.845,,15.89,PHC2460203,3.845,3.845,Three,Tl,2.7786000232410086,0.0,1.9225
6084,Tl0.5Hg0.5Ba2.0Ca2.0Cu3.0O8.0,Tl1223,134.0,3.845,,15.873,PHC2460203,3.845,3.845,Three,Tl,2.7654419215752477,0.0,1.9225
6085,Tl0.3Hg0.7Ba2.0Ca2.0Cu3.0O8.0,Hg1223,134.0,3.845,,15.86,PHC2460203,3.845,3.845,Three,Hg,2.872537618094287,0.0,1.9225
6086,Tl0.1Hg0.9Ba2.0Ca2.0Cu3.0O8.0,Hg1223,134.0,3.845,,15.851,PHC2460203,3.845,3.845,Three,Hg,2.862144339719424,0.0,1.9225
6088,Hg1.0Ba2.0Ca2.0Cu3.0O8.0,Hg1223,134.0,3.845,,15.829,PHC2460203,3.845,3.845,Three,Hg,2.836738548136423,0.0,1.9225
6092,Hg1.0Ba2.0Cu1.0O4.0,Hg1201,97.0,3.88,,9.521,PHC2550173,3.88,3.88,One,Hg,2.779403397569643,0.0,1.94
6186,Y1.0Ba2.0Cu3.0O6.19,Y123,93.2,3.818,3.882,11.643,SPS0312056,3.85,3.818,Two,RE,2.2779832235345445,0.0,1.909
6188,Y1.0Ba2.0Cu3.0H0.32O6.91,Y123,91.25,3.848,3.888,11.646,SPS0312056,3.868,3.848,Two,RE,2.3026405097373353,0.0,1.924
6238,Y1.0Ba2.0Cu3.0O6.91,Y123,93.1,3.817,3.886,11.669,JJP0270525,3.8515,3.817,Two,RE,2.2975066046610557,0.0,1.9085
6240,Y1.0Ba2.0Cu3.0H0.27O6.91,Y123,91.1,3.825,3.885,11.656,JJP0270525,3.855,3.825,Two,RE,2.293324600859229,0.0,1.9125
6241,Y1.0Ba2.0Cu3.0H0.52O6.91,Y123,91.7,3.865,3.887,11.619000000000002,JJP0270525,3.876,3.865,Two,RE,2.2942409473161742,0.0,1.9325
6242,Y1.0Ba2.0Cu3.0H0.91O6.91,Y123,91.4,3.871,,11.625,JJP0270525,3.871,3.871,Two,RE,2.303381775039478,0.0,1.9355
6244,Gd1.0Ba2.0Cu3.0O6.89,RE123,92.9,3.844,3.889,11.667,JJP0270525,3.8665,3.844,Two,RE,2.277219445157624,1.0,1.922
6422,Y1.0Ba1.9Ca0.1Cu4.0O8.0,Y124,85.4,3.84,3.866,27.247,PHC1740383,3.853,3.84,Two,RE,2.286072247100227,1.0,1.92
6423,Y1.0Ba1.926Ca0.07400000000000001Cu4.0O8.0,Y124,83.3,3.84,3.869,27.241,PHC1740383,3.8545,3.84,Two,RE,2.283564218307029,1.0,1.92
6529,Hg0.7Bi0.3Sr2.0Ca0.75Pr0.25Cu2.0O6.0,Hg1212,91.0,3.833,,12.107,PHC2610201,3.833,3.833,Two,Hg,2.373954545931067,0.0,1.9165
6532,Er1.0Ba2.0Cu3.0O6.952999999999999,RE123,90.9,3.821,3.885,11.667,PHC2610090,3.853,3.821,Two,RE,2.3014248652709663,1.0,1.9105
6618,Y1.0Ba2.0Cu3.0O6.83,Y123,92.0,3.822,3.888,11.667,PHC1830154,3.855,3.822,Two,RE,2.2996673697306207,0.0,1.911
6705,Hg1.4Tl0.6Ba2.0Y0.4Ca0.6Cu2.0O8.0,Hg2212,84.0,3.856,,28.99,PHC2590036,3.856,3.856,Two,Hg,2.4642630163328407,0.0,1.928
6745,Er1.0Ba2.0Cu3.0O6.94,RE123,91.5,3.82,3.886,11.671,SSC0981095,3.853,3.82,Two,RE,2.304898210836594,1.0,1.91
6766,Tm1.0Ba2.0Cu4.0O8.0,RE124,79.6,3.82,3.86,27.187,PHC2620261,3.84,3.82,Two,RE,2.3085444171165364,0.0,1.91
6795,Er1.0Ba2.0Cu3.0O6.94,RE123,91.5,3.82,3.886,11.671,SSC0981095,3.853,3.82,Two,RE,2.304898210836594,1.0,1.91
6835,Y1.0Ba2.0Cu1.0O8.0,Y124,80.0,3.842,3.87,27.19400000000001,SSC0980971,3.8560000000000003,3.842,Two,RE,2.259125711982167,1.0,1.921
6877,Nd1.0Ba2.0Cu3.0O6.93,RE123,91.5,3.87,3.918,11.763,PHC2690231,3.8939999999999997,3.87,Two,RE,2.3079592602254126,0.0,1.935
6937,Hg1.0Ba2.0Cu1.0O4.09,Hg1201,97.0,3.8753,,9.512,PHC2650013,3.8753,3.8753,One,Hg,2.7733311392484983,0.0,1.93765
6964,Gd0.9Ca0.1Ba2.0Cu3.0O7.0,RE123,88.0,3.83,3.889,11.683,PR05403580,3.8595,3.83,Two,RE,2.301636923121587,1.0,1.915
6965,Ho0.9Ca0.1Ba2.0Cu3.0O7.0,RE123,89.0,3.815,3.878,11.661,PR05403580,3.8465,3.815,Two,RE,2.3041079186986155,1.0,1.9075
7116,Y0.97Ca0.03Ba2.0Cu4.0O8.0,Y124,81.9,3.822,3.855,27.164,JJP0350974,3.8385,3.822,Two,RE,2.2945083757976534,0.0,1.911
7117,Y0.95Ca0.05Ba2.0Cu4.0O8.0,Y124,85.4,3.822,3.853,27.175,JJP0350974,3.8375,3.822,Two,RE,2.299106428585182,0.0,1.911
7118,Y0.93Ca0.07Ba2.0Cu4.0O8.0,Y124,83.5,3.82,3.852,27.18,JJP0350974,3.8360000000000003,3.82,Two,RE,2.3059887333576614,0.0,1.91
7120,Tm1.0Ba2.0Cu4.0O8.0,RE124,79.0,3.829,3.859,27.185,JJP0350974,3.844,3.829,Two,RE,2.2886833125781227,0.0,1.9145
7121,Tm0.99Ca0.01Ba2.0Cu4.0O8.0,RE124,79.2,3.831,3.86,27.186,JJP0350974,3.8455,3.831,Two,RE,2.284811354564168,0.0,1.9155
7122,Tm0.97Ca0.03Ba2.0Cu4.0O8.0,RE124,81.2,3.829,3.857,27.198,JJP0350974,3.843,3.829,Two,RE,2.2935578995293473,0.0,1.9145
7123,Tm0.95Ca0.05Ba2.0Cu4.0O8.0,RE124,84.8,3.829,3.857,27.207,JJP0350974,3.843,3.829,Two,RE,2.2969326135725017,0.0,1.9145
7126,Er0.99Ca0.01Ba2.0Cu4.0O8.0,RE124,79.3,3.837,3.86,27.196,JJP0350974,3.8485,3.837,Two,RE,2.2758202581114237,0.0,1.9185
7127,Er0.97Ca0.03Ba2.0Cu4.0O8.0,RE124,80.0,3.834,3.86,27.218000000000004,JJP0350974,3.847,3.834,Two,RE,2.2904399484672617,0.0,1.917
7206,Eu1.0Ba2.0Cu3.0O6.94,RE123,93.6,3.841,3.906,11.712,JAP0800898,3.8735,3.841,Two,RE,2.3076122038172326,0.0,1.9205
7273,Y1.0Ba2.0Cu3.0O6.94,Y123,93.0,3.821,3.884,11.687,PR05414956,3.8525,3.821,Two,RE,2.3145136725429705,0.0,1.9105
7309,Bi1.95Sr1.75La0.4Cu1.0O6.0,Bi2201,33.1,5.425,5.404,24.479,SST0090297,5.4145,3.83605428793702,One,Bi,2.5257215651593334,0.0,1.91802714396851
7315,Bi1.95Sr1.65La0.4Cu1.0O6.28,Bi2201,32.6,5.442,5.404,24.678,SST0090297,5.422999999999999,3.8480751032171914,One,Bi,2.6097743503413593,0.0,1.9240375516085957
7316,Bi1.95Sr1.65La0.4Cu1.0O6.297999999999999,Bi2201,34.0,5.4270000000000005,5.4179999999999975,24.639,SST0090297,5.4224999999999985,3.8374685014993934,One,Bi,2.591049978997372,0.0,1.9187342507496967
7477,Bi2.0Sr2.0Ca1.0Cu2.0O8.0,Bi2212,92.4,5.41,5.412000000000001,30.88,JPM0060399,5.4110000000000005,3.825447686219222,Two,Bi,2.487627642734107,0.0,1.912723843109611
7511,Bi2.0Sr2.0Ca0.9Ce0.1Cu2.0O8.0,Bi2212,90.0,5.393,5.4,30.949,PHC2750279,5.3965,3.8134268709390504,Two,Bi,2.515505803993479,0.0,1.9067134354695252
7525,Y1.0Ba2.0Cu3.0O7.0,Y123,92.3,3.817,3.885,11.685,PHC2240263,3.8510000000000004,3.817,Two,RE,2.3099788134988213,0.0,1.9085
7526,Y1.0Ba2.0Cu3.0O7.0,Y123,91.7,3.817,3.886,11.679,PHC2240263,3.8515,3.817,Two,RE,2.30530173518466,0.0,1.9085
7527,Y1.0Ba2.0Cu4.0O8.0,Y124,80.1,3.843,3.871,27.242,PHC2240263,3.8569999999999998,3.843,Two,RE,2.276793801938674,1.0,1.9215
7530,Bi2.0Sr2.0Ca1.0Cu2.0O8.0,Bi2212,93.7,5.409,5.4110000000000005,30.9,PHC2240263,5.41,3.824740579438035,Two,Bi,2.4927393928012793,0.0,1.9123702897190176
7531,Bi2.0Sr2.0Ca1.0Cu2.0O8.0,Bi2212,92.4,5.41,5.412000000000001,30.88,PHC2240263,5.4110000000000005,3.825447686219222,Two,Bi,2.487627642734107,0.0,1.912723843109611
7532,Tl2.0Ba2.0Cu1.0O6.0,Tl2201,92.1,3.87,,23.226,PHC2240263,3.87,3.87,One,Tl,2.7444145827925652,0.0,1.935
7533,Tl2.0Ba2.0Cu1.0O6.0,Tl2201,92.1,3.871,,23.224,PHC2240263,3.871,3.871,One,Tl,2.7525833565332434,0.0,1.9355
7601,Nd1.0Ba2.0Cu3.0O7.0,RE123,93.4,3.862,3.912,11.748,PR05602824,3.887,3.862,Two,RE,2.307300026803518,0.0,1.931
7602,Nd0.97Ca0.015Th0.015Ba2.0Cu3.0O7.0,RE123,90.4,3.864,3.911,11.741,PR05602824,3.8875,3.864,Two,RE,2.3009585696711343,0.0,1.932
7710,Hg0.7Pb0.3Ba2.0Ca2.0Cu3.0O8.0,Hg1223,143.0,3.842,,15.824000000000002,JP00901451,3.842,3.842,Three,Hg,2.8387673441986196,0.0,1.921
7749,La1.85Sr0.15Cu1.0O4.0,T,37.8,3.771,,13.217,SUP0100159,3.771,3.771,One,RE,2.409749163051578,0.0,1.8855
7807,Y1.0La0.2Ba1.8Cu3.0O7.36,Y123,89.1,3.863,3.851,11.608,JJP0360473,3.8569999999999998,3.863,Two,RE,2.2841783872704955,1.0,1.9315
7808,Y1.0La0.2Ba1.8Cu3.0O7.46,Y123,89.8,3.86,,11.608,JJP0360473,3.86,3.86,Two,RE,2.2819465125659253,1.0,1.93
7809,Y1.0La0.2Ba1.8Cu3.0O7.49,Y123,90.4,3.86,,11.595,JJP0360473,3.86,3.86,Two,RE,2.2718128428852413,1.0,1.93
7810,Y1.0La0.2Ba1.8Cu3.0O7.57,Y123,89.6,3.861,,11.595,JJP0360473,3.861,3.861,Two,RE,2.272556801120098,1.0,1.9305
7811,Y1.0La0.2Ba1.8Cu3.0O7.62,Y123,87.9,3.86,,11.595,JJP0360473,3.86,3.86,Two,RE,2.2718128428852413,1.0,1.93
7812,Y1.0La0.2Ba1.8Cu3.0O7.64,Y123,88.1,3.862,,11.601,JJP0360473,3.862,3.862,Two,RE,2.277977837669116,1.0,1.931
7813,Y1.0La0.2Ba1.8Cu3.0O7.74,Y123,89.1,3.861,,11.597,JJP0360473,3.861,3.861,Two,RE,2.2741158272248168,1.0,1.9305
7814,Y1.0La0.2Ba1.8Cu3.0O7.77,Y123,89.8,3.866,,11.595,JJP0360473,3.866,3.866,Two,RE,2.2762765922943835,1.0,1.933
7815,Y1.0La0.2Ba1.8Cu3.0O7.79,Y123,90.4,3.86,,11.59,JJP0360473,3.86,3.86,Two,RE,2.2679152776234375,1.0,1.93
7893,Y1.0Ba2.0Cu3.0O8.0,Y123,93.0,3.826,3.887,11.682,PHC2980066,3.8565,3.826,Two,RE,2.314335898455454,0.0,1.913
8013,Bi2.0Sr2.0Ca1.0Cu1.3K0.7O8.0,Bi2212,93.0,5.42,5.41,30.69,PHC3000033,5.415,3.832518754031087,Two,Bi,2.4386880605082397,0.0,1.9162593770155436
8029,Y1.0Ca1.0Ba4.0Cu5.0N0.3C0.7O14.0,Y123,82.0,3.879,3.885,11.536,PHC2080116,3.882,3.879,Two,RE,2.239956779258259,1.0,1.9395
8275,Ho1.0Ba1.5Sr0.5Cu3.0O7.0,RE123,86.8,3.8042,3.8739,11.61,MRB0331241,3.83905,3.8042,Two,RE,2.2846070081137904,1.0,1.9021
8276,Y1.0Ba1.5Sr0.5Cu3.0O7.0,Y123,87.4,3.7976,3.8725,11.606,MRB0331241,3.83505,3.7976,Two,RE,2.2339644926061286,1.0,1.8988
8283,Hg0.7Cr0.3Sr2.0Cu1.0O4.0,Hg1201,63.0,3.8439,,8.6978,SUP0110141,3.8439,3.8439,One,Hg,2.4103319680424433,1.0,1.92195
8292,Bi2.0Sr2.0Ca1.0Cu1.2K0.8O8.0,Bi2212,93.0,5.42,5.41,30.69,PHC3000033,5.415,3.832518754031087,Two,Bi,2.4386880605082397,0.0,1.9162593770155436
8312,Dy1.0Ba1.5Sr0.5Cu3.0O7.0,RE123,86.5,3.8068,3.8743,11.632,MRB0331241,3.84055,3.8068,Two,RE,2.295185891206563,1.0,1.9034
8313,Ho1.0Ba1.5Sr0.5Cu3.0O7.0,RE123,86.8,3.8042,3.8739,11.61,MRB0331241,3.83905,3.8042,Two,RE,2.2846070081137904,1.0,1.9021
8314,Y1.0Ba1.5Sr0.5Cu3.0O7.0,Y123,87.4,3.7976,3.8725,11.606,MRB0331241,3.83505,3.7976,Two,RE,2.2339644926061286,1.0,1.8988
8364,Y1.0Ba2.0Cu3.0O6.96,Y123,92.3,3.822,3.879,11.694,PSS0402145,3.8505,3.822,Two,RE,2.3207142221443515,0.0,1.911
8365,Y0.975Ca0.025Ba2.0Cu3.0O6.95,Y123,91.5,3.822,3.882,11.691,PSS0402145,3.852,3.822,Two,RE,2.31837568298727,0.0,1.911
8484,Pr0.5Ca0.5Ba2.0Cu3.0O7.0,RE123,98.0,3.844,,11.646,SSC1070509,3.844,3.844,Two,RE,2.2645095311813446,1.0,1.922
8540,Bi2.0Sr2.0Ca1.0Cu1.3K0.7O8.0,Bi2212,93.0,5.42,5.41,30.69,PHC3000033,5.415,3.832518754031087,Two,Bi,2.4386880605082397,0.0,1.9162593770155436
8618,Nd1.0Ba2.0Cu3.0O6.98,RE123,91.0,3.8594,3.9163,11.7276,PHC3200087,3.88785,3.8594,Two,RE,2.297689518108939,0.0,1.9297
8671,Hg0.5Bi0.5Sr2.0Ca2.0Cu3.0O8.35,Hg1223,107.0,3.826,,15.2534,PHC3190209,3.826,3.826,Three,Hg,2.2214486397857565,1.0,1.913
8770,Y1.0Ba2.0Cu3.0O6.95,Y123,91.0,3.818,3.89,11.666,PSS0411363,3.8539999999999996,3.818,Two,RE,2.2959120237388326,0.0,1.909
8811,Hg0.8Ba2.0Cu1.2O4.0,Hg1201,97.0,3.8827,,9.5274,PHC3140196,3.8827,3.8827,One,Hg,2.783417556867825,0.0,1.94135
8998,Bi2.0Sr2.0Ca1.0Cu2.0O8.0,Bi2212,88.5,5.41,5.55,30.81,EPL0490086,5.48,3.825447686219222,Two,Bi,2.472382213613153,0.0,1.912723843109611
9065,Gd1.0Ba2.0Cu3.0O6.968999999999999,RE123,91.0,3.8387,3.8968,11.6979,PHC2910025,3.86775,3.8387,Two,RE,2.3014989464444935,0.0,1.91935
9101,La1.85Sr0.15Cu1.0O4.0,T,39.0,3.773,,13.233,PHC3340025,3.773,3.773,One,RE,2.4133007178763575,0.0,1.8865
9525,Nd1.0Ba2.0Cu3.0O6.82,RE123,95.0,3.855,3.913,11.741,SUP0110455,3.884,3.855,Two,RE,2.310430255802442,0.0,1.9275
9548,Hg1.0Ba2.0Cu1.0O4.0,Hg1201,97.0,3.8828,,9.523,PR06114370,3.8828,3.8828,One,Hg,2.7815834939830446,0.0,1.9414
9549,Hg1.0Ba2.0Cu1.0O4.0,Hg1201,96.0,3.8825,,9.51,PR06114370,3.8825,3.8825,One,Hg,2.775882910606184,0.0,1.94125
9595,Y1.0Ba1.0Sr1.0Cu2.95Mo0.05O7.07,Y123,85.0,3.8263,3.8126,11.5558,P063054501,3.81945,3.8263,Two,RE,2.216184538718032,1.0,1.91315
9596,Y1.0Ba1.0Sr1.0Cu2.9Mo0.1O7.16,Y123,86.0,3.8221,,11.5754,P063054501,3.8221,3.8221,Two,RE,2.2283383699578962,1.0,1.91105
9598,Hg1.0Ba2.0Cu1.0O4.15,Hg1201,97.2,3.88,,9.527,P063014508,3.88,3.88,One,Hg,2.7819689178821325,0.0,1.94
9599,Hg0.95Re0.05Ba2.0Cu1.0O4.37,Hg1201,96.0,3.872,,9.464,P063014508,3.872,3.872,One,Hg,2.7512454603841223,0.0,1.936
9734,Tl1.0Sr1.5La0.5Ca1.0Cu2.0O7.0,Tl1212,90.0,3.807,,12.071,PHC3110297,3.807,3.807,Two,Tl,2.3790702594253634,0.0,1.9035
9736,Tl1.0Sr1.5Pr0.5Ca1.0Cu2.0O7.0,Tl1212,88.0,3.809,,12.047,PHC3110297,3.809,3.809,Two,Tl,2.3683935909662512,0.0,1.9045
9737,Tl1.0Sr1.5Nd0.5Ca1.0Cu2.0O7.0,Tl1212,88.0,3.809,,12.046,PHC3110297,3.809,3.809,Two,Tl,2.3678849335740146,0.0,1.9045
9738,Tl1.0Sr1.5Sm0.5Ca1.0Cu2.0O7.0,Tl1212,86.0,3.803,,12.031,PHC3110297,3.803,3.803,Two,Tl,2.355661745826735,0.0,1.9015
9739,Tl1.0Sr1.5Eu0.5Ca1.0Cu2.0O7.0,Tl1212,88.0,3.801,,12.024,PHC3110297,3.801,3.801,Two,Tl,2.3505700351265,0.0,1.9005
9754,Hg1.0Ba2.0Cu1.0O4.09,Hg1201,98.0,3.8817,,9.5339,PHC3510329,3.8817,3.8817,One,Hg,2.7857236837625803,0.0,1.94085
9772,Nd1.0Ba2.0Cu3.0O7.0,RE123,92.81,3.8719,3.9215,11.7399,PHC3390245,3.8967,3.8719,Two,RE,2.291978776668229,0.0,1.93595
9773,Nd0.97Ca0.03Ba2.0Cu3.0O7.0,RE123,90.36,3.8674,3.917,11.7423,PHC3390245,3.8922,3.8674,Two,RE,2.2981671813311726,0.0,1.9337
9776,Nd0.95La0.05Ba2.0Cu3.0O7.0,RE123,91.78,3.8686,3.9174,11.7441,PHC3390245,3.8930000000000002,3.8686,Two,RE,2.2979937110449637,0.0,1.9343
9777,Nd0.9La0.1Ba2.0Cu3.0O7.0,RE123,91.09,3.868,3.9092,11.754,PHC3390245,3.8886,3.868,Two,RE,2.3046169733758695,0.0,1.934
9863,Tl0.5Pb0.5Sr1.84Nd0.16Ca1.0Cu2.0O7.0,Tl1212,102.0,3.815,,12.112,JJP0400262,3.815,3.815,Two,Tl,2.406049648325382,0.0,1.9075
10424,Tl1.0Ba1.2La0.8Cu1.0O5.0,Tl1201,45.0,3.84,,9.114,PR05006402,3.84,3.84,One,Tl,2.467487089242593,1.0,1.92
10506,Y1.0Ba2.0Cu4.0O8.0,Y124,80.5,3.83,3.87,27.16,PR05010265,3.85,3.83,Two,RE,2.273667233489596,0.0,1.915
10520,Tl1.0Ba1.3La0.7Cu1.0O5.0,Tl1201,40.0,3.844,,9.1,PR05010238,3.844,3.844,One,Tl,2.477550760030108,1.0,1.922
10525,Tl1.0Sr1.0La1.0Cu1.0O8.0,Tl1201,32.0,3.779,,8.863999999999997,PR05010238,3.779,3.779,One,Tl,2.336492900736208,0.0,1.8895
11015,Hg1.0Ba2.0Ca2.0Cu3.0O8.27,Hg1223,135.0,3.848,,15.778,PR05115407,3.848,3.848,Three,Hg,2.7700404644084005,0.0,1.924
11058,Y1.0Ba2.0Cu3.0O6.94,Y123,92.6,3.821,3.884,11.687,PR05116487,3.8525,3.821,Two,RE,2.3145136725429705,0.0,1.9105
11059,Y1.0Ba2.0Cu3.0O6.94,Y123,92.9,3.821,3.884,11.687,PR05116487,3.8525,3.821,Two,RE,2.3145136725429705,0.0,1.9105
11300,Yb1.0Ba2.0Cu3.0O7.0,RE123,87.9,3.796,3.866,11.613,PR05112900,3.831,3.796,Two,RE,2.2950524685855935,1.0,1.898
11301,Tm1.0Ba2.0Cu3.0O7.0,RE123,90.4,3.801,3.871,11.616,PR05112900,3.836,3.801,Two,RE,2.291606122731478,1.0,1.9005
11302,Ho1.0Ba2.0Cu3.0O7.0,RE123,91.5,3.818,3.883,11.633,PR05112900,3.8505,3.818,Two,RE,2.2840041380198053,1.0,1.909
11303,Dy1.0Ba2.0Cu3.0O7.0,RE123,91.7,3.818,3.884,11.649,PR05112900,3.8510000000000004,3.818,Two,RE,2.2936878820017337,1.0,1.909
11305,Sm1.0Ba2.0Cu3.0O7.0,RE123,93.1,3.849,3.898,11.691,PR05112900,3.8735,3.849,Two,RE,2.28648301327979,0.0,1.9245
11306,Nd1.0Ba2.0Cu3.0O7.0,RE123,94.4,3.857,3.912,11.720999999999998,PR05112900,3.8845,3.857,Two,RE,2.29622075668474,0.0,1.9285
11812,Bi2.0Sr2.0Ca1.0Cu2.0O8.0,Bi2212,92.0,5.4,5.4,30.97,PR05207647,5.4,3.8183766184073566,Two,Bi,2.514788040501469,0.0,1.9091883092036783
12082,Y1.0Ba2.0Cu3.0O6.9,Y123,92.5,3.8154,3.8842,11.678,P071104503,3.8498,3.8154,Two,RE,2.303331888956528,0.0,1.9077
12090,Y1.0Ba2.0Cu2.94Fe0.06O7.254,Y123,91.0,3.8565,,11.619000000000002,P071104503,3.8565,3.8565,Two,RE,2.28791730231989,0.0,1.92825
12153,La1.85Sr0.15Cu1.0O4.0,T,37.0,3.7733,,13.2235,PHC4210056,3.7733,3.7733,One,RE,2.4108438937989267,0.0,1.88665
12154,La1.82Sr0.18Cu0.98Mn0.02O4.0,T,37.0,3.7761,,13.2174,PHC4210056,3.7761,3.7761,One,RE,2.408656206429021,0.0,1.88805
12155,La1.79Sr0.21Cu0.96Mn0.04O4.0,T,37.0,3.7808,,13.1964,PHC4210056,3.7808,3.7808,One,RE,2.402280674733872,0.0,1.8904
12167,Hg1.4Tl0.6Ba2.0Y0.6Ca0.4Cu2.0O7.78,Hg2212,84.6,3.857,,28.99,PHC2820887,3.857,3.857,Two,Hg,2.4655807955699176,0.0,1.9285
12254,Hg0.5Fe0.5Sr2.0Y0.4Ca0.6Cu2.0O6.67,Hg1212,77.5,3.8196,,11.8772,PHC4220102,3.8196,3.8196,Two,Hg,2.2026405116833416,0.0,1.9098
12300,Yb1.0Ba2.0Cu3.0O7.0,RE123,91.3,3.877,3.801,11.646,PR05315245,3.839,3.877,Two,RE,2.2297800153665484,1.0,1.9385
12301,Yb1.0Ba2.0Cu2.99Zn0.01O7.0,RE123,87.8,3.869,3.801,11.656,PR05315245,3.835,3.869,Two,RE,2.244251631916416,1.0,1.9345
12306,Er1.0Ba2.0Cu3.0O7.0,RE123,93.1,3.878,3.809,11.655,PR05315245,3.8435,3.878,Two,RE,2.234174711786236,1.0,1.939
12307,Er1.0Ba2.0Cu2.99Zn0.01O7.0,RE123,89.8,3.879,3.808,11.659,PR05315245,3.8435,3.879,Two,RE,2.2355432382115743,1.0,1.9395
12314,Y1.0Ba2.0Cu3.0O7.0,Y123,93.4,3.886,3.818,11.669,PR05315245,3.852,3.886,Two,RE,2.34883972286619,0.0,1.943
12322,Dy1.0Ba2.0Cu3.0O7.0,RE123,95.1,3.894,3.836,11.684,PR05315245,3.865,3.894,Two,RE,2.2348879446311556,0.0,1.947
12323,Dy1.0Ba2.0Cu2.99Zn0.01O7.0,RE123,89.5,3.889,3.826,11.673,PR05315245,3.8575,3.889,Two,RE,2.2334924184943072,1.0,1.9445
12330,Gd1.0Ba2.0Cu3.0O7.0,RE123,94.8,3.898,3.838,11.703,PR05315245,3.868,3.898,Two,RE,2.2421777523291135,0.0,1.949
12338,Eu1.0Ba2.0Cu3.0O7.0,RE123,94.5,3.897,3.84,11.709,PR05315245,3.8685,3.897,Two,RE,2.246861565892482,0.0,1.9485
12339,Eu1.0Ba2.0Cu2.99Zn0.01O7.0,RE123,91.3,3.892,3.834,11.714,PR05315245,3.863,3.892,Two,RE,2.255149783737562,0.0,1.946
12346,Sm1.0Ba2.0Cu3.0O7.0,RE123,95.1,3.903,3.849,11.732,PR05315245,3.8760000000000003,3.903,Two,RE,2.254467490445631,0.0,1.9515
12347,Sm1.0Ba2.0Cu2.99Zn0.01O7.0,RE123,91.3,3.905,3.849,11.737,PR05315245,3.877,3.905,Two,RE,2.255388841299694,0.0,1.9525
12354,Nd1.0Ba2.0Cu3.0O7.0,RE123,95.1,3.918,3.861,11.773,PR05315245,3.8895,3.918,Two,RE,2.263495940847142,0.0,1.959
12355,Nd1.0Ba2.0Cu2.99Zn0.01O7.0,RE123,94.5,3.913,3.863,11.774,PR05315245,3.888,3.913,Two,RE,2.269363222696739,0.0,1.9565
12500,Bi2.0Sr2.0Ca1.0Cu2.0O8.0,Bi2212,95.0,5.402,5.4270000000000005,30.804,PR05302245,5.4145,3.8197908319697293,Two,Bi,2.477122767949409,0.0,1.9098954159848647
12507,Sm1.0Ba2.0Cu3.0O6.95,RE123,95.0,3.846,3.911,11.73,PR05302781,3.8785,3.846,Two,RE,2.313244367946175,0.0,1.923
12509,Sm1.0Ba2.0Cu3.0O7.0,RE123,96.0,3.845,3.91,11.720999999999998,PR05302781,3.8775,3.845,Two,RE,2.308849671526484,0.0,1.9225
13026,Hg1.0Ba2.0Cu1.0O4.12,Hg1201,98.0,3.885,,9.526,PR05503966,3.885,3.885,One,Hg,2.7839072650489283,0.0,1.9425
13027,Hg1.0Ba2.0Cu1.0O4.0,Hg1201,96.0,3.885,,9.52,PR05503966,3.885,3.885,One,Hg,2.7813417447364386,0.0,1.9425
14006,Hg1.0Ba2.0Ca1.0Cu2.0O6.21,Hg1212,127.0,3.86,,12.693,PR05506612,3.86,3.86,Two,Hg,2.8073242450598137,1.0,1.93
14019,Hg1.0Ba2.0Ca2.0Cu3.0O8.29,Hg1223,135.0,3.854,,15.855,PR05506612,3.854,3.854,Three,Hg,2.843355055741328,0.0,1.927
14021,Hg1.0Ba2.0Ca2.0Cu3.0O8.3,Hg1223,134.0,3.854,,15.865,PR05506612,3.854,3.854,Three,Hg,2.854903142824509,0.0,1.927
15000,Bi2.0Sr2.0Ca1.0Cu2.0O8.0,Bi2212,90.0,5.41,5.42,30.96,PR05509125,5.415,3.825447686219222,Two,Bi,2.5050509903009126,0.0,1.912723843109611
16004,Hg0.9Ba2.0Cu1.0O4.0,Hg1201,96.0,3.876,,9.502,PR05512776,3.876,3.876,One,Hg,2.7693865028049918,0.0,1.938
18801,La2.0Cu1.0O4.022,T,42.0,5.3446,5.4334,13.252,PR05805856,5.3889999999999985,3.7792029027296214,One,RE,2.416622425508199,1.0,1.8896014513648107
18893,Tl2.0Ba2.0Cu1.0O6.0,Tl2201,90.0,5.4663,5.49201,23.2231,PR05805226,5.479155,3.865257798000025,One,Tl,2.70351666732212,1.0,1.9326288990000124
19258,Y1.0Ba1.0Sr1.0Cu3.0O6.98,Y123,82.0,3.784,3.853,11.562,PR05815208,3.8185,3.784,Two,RE,2.189548086308214,1.0,1.892
19259,Y1.0Ba1.0Sr1.0Cu3.0O6.96,Y123,83.5,3.785,3.853,11.562,PR05815208,3.819,3.785,Two,RE,2.1902920445430727,1.0,1.8925
19419,Nd1.0Ba2.0Cu3.0O6.09,RE123,90.5,3.898,,11.882,PR05903870,3.898,3.898,Two,RE,2.350514638126933,0.0,1.949
19503,Hg1.0Ba2.0Cu1.0O4.13,Hg1201,97.0,3.88367,,9.5298,PR05907209,3.88367,3.88367,One,Hg,2.7849027561666166,0.0,1.941835
19717,La1.85Sr0.15Cu1.0O4.0,T,38.0,3.772,,13.21,PR05912090,3.772,3.772,One,RE,2.4077565909247065,0.0,1.886
19805,La1.85Sr0.15Cu1.0O4.0,T,38.9,3.7949,3.7949,13.214,PR05914023,3.7949,3.7949,One,RE,2.403402677839388,0.0,1.89745
20047,Eu1.0Ba2.0Cu3.0O6.5,RE123,92.0,3.851,3.904,11.662,SOV0010018,3.8775,3.851,Two,RE,2.2668264081722547,1.0,1.9255
20048,Gd1.0Ba2.0Cu3.0O7.0,RE123,92.65,3.842,3.896,11.706,SOV0010019,3.8689999999999998,3.842,Two,RE,2.302928390253864,0.0,1.921
20104,Hg1.0Sr2.0La0.3Ca0.5Ce0.2Cu2.0O6.0,Hg1212,81.0,3.855,,11.77,SOV0010003,3.855,3.855,Two,Hg,2.142987310162688,0.0,1.9275
20207,Y0.8Ba2.0Cu3.0O6.44,Y123,96.0,3.818,3.883,11.629,SOV0010037,3.8505,3.818,Two,RE,2.2670700408014994,0.0,1.909
20208,Y0.9Ba2.0Cu3.0O6.58,Y123,93.4,3.817,3.881,11.639,SOV0010037,3.8489999999999998,3.817,Two,RE,2.2741212130902433,0.0,1.9085
20209,Y1.0Ba2.0Cu3.0O6.69,Y123,97.0,3.817,3.889,11.667,SOV0010037,3.853,3.817,Two,RE,2.2959475785563352,0.0,1.9085
20210,Y1.1Ba2.0Cu3.0O6.87,Y123,95.9,3.819,3.889,11.667,SOV0010037,3.8539999999999996,3.819,Two,RE,2.2974354950260505,0.0,1.9095
20211,Y1.2Ba2.0Cu3.0O6.98,Y123,93.4,3.827,3.894,11.755999999999998,SOV0010037,3.8605,3.827,Two,RE,2.372763822564977,0.0,1.9135
20234,Hg1.0Ba2.0Cu1.0FO4.0,Hg1201,97.0,3.881,,9.511,SOV0010039,3.881,3.881,One,Hg,2.775600717159269,0.0,1.9405
20235,Hg1.0Ba2.0Cu1.0FO4.0,Hg1201,96.0,3.876,,9.494,SOV0010039,3.876,3.876,One,Hg,2.765965809055005,0.0,1.938
20239,La1.85Sr0.15Cu1.0O4.0,T,39.2,3.773,,13.233,SOV0010041,3.773,3.773,One,RE,2.4133007178763575,0.0,1.8865
20269,Y1.0Ba2.0Cu4.0O8.0,Y124,80.0,3.839,3.869,27.343000000000004,SOV0010117,3.8539999999999996,3.839,Two,RE,2.3285968481804686,1.0,1.9195
20274,Hg1.0Ba2.0Ca2.0Cu3.0O8.35,Hg1223,134.0,3.852,,15.842,SOV0010119,3.852,3.852,Three,Hg,2.833544435602385,0.0,1.926
30207,Y1.0Ba2.0Cu3.0O6.9,Y123,92.0,3.82,3.85,11.68,PR06010489,3.835,3.82,Two,RE,2.308313122941591,0.0,1.91
30210,Y1.0Ba2.0Cu3.0O6.6,Y123,92.0,3.82,3.88,11.6,PR06010489,3.85,3.82,Two,RE,2.2459520787527616,1.0,1.91
30212,Y1.0Ba2.0Cu3.0O6.1,Y123,92.0,3.82,3.87,11.7,PR06010489,3.845,3.82,Two,RE,2.3239033839887977,0.0,1.91
30614,Y1.0Ba2.0Cu3.0O6.93,Y123,91.0,3.82,3.888,11.692,PR06104314,3.8539999999999996,3.82,Two,RE,2.317667279569916,0.0,1.91
30914,Er1.0Ba2.0Cu3.0O6.93,RE123,91.0,3.816,3.886,11.683,PR06111752,3.8510000000000004,3.816,Two,RE,2.3163706571036218,1.0,1.908
30923,Er1.0Ba2.0Cu2.97Fe0.03O6.94,RE123,88.0,3.836,3.867,11.683,PR06111752,3.8515,3.836,Two,RE,2.2953224657007154,1.0,1.918
32206,Hg1.0Ba2.0Cu1.0O4.0,Hg1201,97.0,3.8828,,9.523,PRL0800385,3.8828,3.8828,One,Hg,2.7815834939830446,0.0,1.9414
32207,Hg1.0Ba2.0Cu1.0O4.0,Hg1201,97.0,3.8825,,9.51,PRL0800385,3.8825,3.8825,One,Hg,2.775882910606184,0.0,1.94125
33019,Eu1.0Ba2.0Cu3.0O6.9,RE123,94.0,3.823,3.8922,11.627,PHC3550023,3.8576,3.823,Two,RE,2.2751106861758563,1.0,1.9115
33075,Hg1.0Ba2.0Cu1.0O4.0,Hg1201,98.0,3.879,,9.532,PHC3560141,3.879,3.879,One,Hg,2.783633664698765,0.0,1.9395
33085,Hg1.0Ba2.0Cu0.99Co0.01O4.0,Hg1201,96.0,3.88,,9.526,PHC3560141,3.88,3.88,One,Hg,2.781541331163384,0.0,1.94
33086,Hg1.0Ba2.0Cu0.98Co0.02O4.0,Hg1201,96.0,3.879,,9.521,PHC3560141,3.879,3.879,One,Hg,2.778930210792534,0.0,1.9395
33088,Hg1.0Ba2.0Cu0.99Ni0.01O4.0,Hg1201,96.0,3.88,,9.525,PHC3560141,3.88,3.88,One,Hg,2.7811137444446365,0.0,1.94
33105,La1.0Ba2.0Cu3.0O7.0,RE123,93.0,3.8922,3.9303,11.8104,PHC3610040,3.91125,3.8922,Two,RE,2.3132838593146485,0.0,1.9461
33106,La1.0Ba2.0Cu3.0O7.0,RE123,93.0,3.8892,3.9264,11.8051,PHC3610040,3.9078,3.8892,Two,RE,2.3132333478310705,0.0,1.9446
33137,La2.0Cu1.0O4.0,T,41.0,5.3324,5.426,13.2304,SST0140398,5.3792,3.770576199999146,One,RE,2.4132147283246743,1.0,1.885288099999573
33138,Hg0.85Mo0.15Sr2.0Cu1.0O4.0,Hg1201,66.0,3.775,,8.847999999999997,SUP0140437,3.775,3.775,One,Hg,2.4419529242556384,1.0,1.8875
33168,Gd1.0Ba2.0Cu3.0O7.0,RE123,91.4,3.8445,3.9094,11.68,SST0140213,3.87695,3.8445,Two,RE,2.284561282357868,1.0,1.92225
33214,La2.0Cu1.0O4.11,T,45.0,5.337999999999999,5.416,13.224,APA0740079,5.377000000000001,3.77453599797379,One,RE,2.4106802707898196,1.0,1.887267998986895
33257,Hg1.5Pb0.5Ba2.0Y0.5Ca0.5Cu2.0O8.0,Hg2212,84.0,3.8667,,28.9804,PHC3660147,3.8667,3.8667,Two,Hg,2.47688746326999,0.0,1.93335
33404,Sm1.0Ba2.0Cu3.0O7.0,RE123,92.9,3.85,3.9,11.71,PHC3570230,3.875,3.85,Two,RE,2.296930049688184,0.0,1.925
33405,Eu1.0Ba2.0Cu3.0O7.0,RE123,91.4,3.84,3.89,11.69,PHC3570230,3.865,3.84,Two,RE,2.2953494654122264,1.0,1.92
33406,Gd1.0Ba2.0Cu3.0O6.98,RE123,94.2,3.84,3.9,11.71,PHC3570230,3.87,3.84,Two,RE,2.3074541453896376,0.0,1.92
33407,Y1.0Ba2.0Cu3.0O6.93,Y123,91.4,3.82,3.89,11.66,PHC3570230,3.855,3.82,Two,RE,2.2927228618943847,0.0,1.91
33408,Y0.4Yb0.6Ba2.0Cu3.0O6.93,Y123,91.1,3.8,3.87,11.65,PHC3570230,3.835,3.8,Two,RE,2.2700485666736405,0.0,1.9
33409,Y0.2Yb0.8Ba2.0Cu3.0O6.91,Y123,91.4,3.81,3.87,11.66,PHC3570230,3.84,3.81,Two,RE,2.285283279545814,0.0,1.905
33410,Yb1.0Ba2.0Cu3.0O6.93,RE123,89.5,3.8,3.87,11.65,PHC3570230,3.835,3.8,Two,RE,2.3132364882632213,1.0,1.9
33411,Yb0.9Lu0.1Ba2.0Cu3.0O7.0,RE123,89.5,3.8,3.87,11.66,PHC3570230,3.835,3.8,Two,RE,2.3192888282519255,1.0,1.9
33412,Yb0.8Lu0.2Ba2.0Cu3.0O6.94,RE123,89.9,3.8,3.87,11.66,PHC3570230,3.835,3.8,Two,RE,2.3192888282519255,1.0,1.9
33413,Yb0.7Lu0.3Ba2.0Cu3.0O7.0,RE123,89.7,3.8,3.87,11.66,PHC3570230,3.835,3.8,Two,RE,2.3192888282519255,1.0,1.9
33414,Yb0.6Lu0.4Ba2.0Cu3.0O6.92,RE123,89.7,3.8,3.87,11.66,PHC3570230,3.835,3.8,Two,RE,2.3192888282519255,1.0,1.9
33487,La1.85Sr0.15Cu1.0FeO4.0,T,39.9,3.7713,,13.212,PHC3700163,3.7713,3.7713,One,RE,2.408422843835926,0.0,1.88565
33515,La1.86Sr0.14Cu0.99Li0.01O4.0,T,38.25,3.7725,,13.227,PHC3700269,3.7725,3.7725,One,RE,2.4119103825649275,0.0,1.88625
33564,Hg0.85Mo0.15Sr2.0Cu1.0O4.0,Hg1201,66.0,3.775,,8.888,MCP0750144,3.775,3.775,One,Hg,2.45905639300557,1.0,1.8875
33631,Hg1.5Pb0.5Ba2.0Y0.5Ca0.5Cu2.0O8.0,Hg2212,84.0,3.8555,,28.9314,PHC3770146,3.8555,3.8555,Two,Hg,2.454595653098159,0.0,1.92775
33639,Hg0.7Cr0.3Sr2.0Cu1.0O4.0,Hg1201,68.0,3.8414,,8.7017,PCS0631815,3.8414,3.8414,One,Hg,2.4108165893027897,1.0,1.9207
33640,Hg0.7Cr0.3Sr2.0Cu0.99Zn0.01O4.0,Hg1201,63.0,3.841,,8.6829,PCS0631815,3.841,3.841,One,Hg,2.4025886842794786,1.0,1.9205
33708,Y1.0Ba2.0Cu3.0O7.0,Y123,93.0,3.897,3.888,11.691,PHC3830048,3.8925,3.897,Two,RE,2.3741725506015445,0.0,1.9485
33709,Y0.98Pr0.02Ba2.0Cu3.0O7.0,Y123,92.2,3.898,3.888,11.693,PHC3830048,3.8930000000000002,3.898,Two,RE,2.37647553494112,0.0,1.949
33710,Y0.96Pr0.04Ba2.0Cu3.0O7.0,Y123,92.0,3.897,3.887,11.691,PHC3830048,3.892,3.897,Two,RE,2.3741725506015445,0.0,1.9485
33711,Y0.94Pr0.06Ba2.0Cu3.0O7.0,Y123,91.5,3.897,3.889,11.691,PHC3830048,3.8930000000000002,3.897,Two,RE,2.3741725506015445,0.0,1.9485
33787,Gd1.0Ba2.0Cu3.0O7.0,RE123,92.0,3.925,3.863,11.755,JPC0016853,3.8939999999999997,3.925,Two,RE,2.245234861876457,0.0,1.9625
33799,La1.85Sr0.15Cu1.0O4.0,T,37.9,3.7743,,13.227,PHC3840075,3.7743,3.7743,One,RE,2.411489166349538,0.0,1.88715
33819,Y1.0Ba2.0Cu3.0O6.9570000000000025,Y123,91.0,3.823,3.885,11.675999999999998,MLT0210021,3.8539999999999996,3.823,Two,RE,2.3074269454367187,0.0,1.9115
33820,Sm1.0Ba2.0Cu3.0O6.858,RE123,90.0,3.856,3.899,11.69,MLT0210021,3.8775,3.856,Two,RE,2.278510912289901,0.0,1.928
33821,Gd1.0Ba2.0Cu3.0O6.757999999999999,RE123,92.0,3.832,3.887,11.704,MLT0210021,3.8595,3.832,Two,RE,2.312242017957577,0.0,1.916
33897,La1.85Sr0.15Cu1.0O4.0,T,37.5,3.771,,13.241,JP01407383,3.771,3.771,One,RE,2.4157785223143957,0.0,1.8855
33898,La1.75Pr0.1Sr0.15Cu1.0O4.0,T,37.4,3.764,,13.24,JP01407383,3.764,3.764,One,RE,2.4171653620716262,0.0,1.882
33905,La1.85Sr0.15Cu1.0O4.0,T,37.0,3.779,,13.251,JP01409659,3.779,3.779,One,RE,2.4164186832721724,0.0,1.8895
33925,Y1.0Ba2.0Cu3.0O7.0,Y123,93.0,3.811,3.875,11.651,PHC3870411,3.843,3.811,Two,RE,2.2790116203094257,0.0,1.9055
33932,Y0.95Pr0.05Ba2.0Cu3.0O7.0,Y123,91.8,3.817,3.88,11.67,PHC3870411,3.8485,3.817,Two,RE,2.298286117713415,0.0,1.9085
34002,Y1.0Ba2.0Cu3.0O7.0,Y123,93.1,3.816,3.882,11.673,PHC3910001,3.8489999999999998,3.816,Two,RE,2.29988069863564,0.0,1.908
34017,Yb1.0Ba2.0Cu3.0O7.0,RE123,91.0,3.804,3.874,11.654000000000002,PHC3910008,3.839,3.804,Two,RE,2.311447785978123,1.0,1.902
34018,Yb0.98Pr0.02Ba2.0Cu3.0O7.0,RE123,91.3,3.806,3.877,11.667,PHC3910008,3.8415,3.806,Two,RE,2.3172110088231466,1.0,1.903
34019,Yb0.96Pr0.04Ba2.0Cu3.0O7.0,RE123,91.6,3.808,3.877,11.667,PHC3910008,3.8425,3.808,Two,RE,2.315106189682856,1.0,1.904
34020,Yb0.94Pr0.06Ba2.0Cu3.0O7.0,RE123,91.5,3.807,3.875,11.656,PHC3910008,3.841,3.807,Two,RE,2.309501025265427,1.0,1.9035
34021,Yb0.92Pr0.08Ba2.0Cu3.0O7.0,RE123,91.2,3.81,3.877,11.663,PHC3910008,3.8435,3.81,Two,RE,2.3105804345470835,1.0,1.905
34022,Yb0.9Pr0.1Ba2.0Cu3.0O7.0,RE123,89.9,3.809,3.874,11.653,PHC3910008,3.8415,3.809,Two,RE,2.3055805041285247,1.0,1.9045
34023,Yb0.85Pr0.15Ba2.0Cu3.0O7.0,RE123,87.5,3.811,3.876,11.659,PHC3910008,3.8435000000000006,3.811,Two,RE,2.307107088981457,1.0,1.9055
34075,Hg0.65V0.35Sr2.5Nd0.5Cu2.0O6.0,Hg1212,82.0,3.8764,,11.93,PHC3910160,3.8764,3.8764,Two,Hg,2.268138229729761,0.0,1.9382
34165,Gd1.0Ba2.0Cu3.0O6.99,RE123,90.9,3.847,3.89,11.696,P068104516,3.8685,3.847,Two,RE,2.2916140024144322,0.0,1.9235
34256,La1.83Sr0.15Na0.02Cu1.0O4.0,T,37.0,3.7899,,13.1809,P068174505,3.7899,3.7899,One,RE,2.3962572315654995,0.0,1.89495
34257,La1.8Sr0.15Na0.05Cu1.0O4.0,T,37.0,3.7878,,13.1995,P068174505,3.7878,3.7878,One,RE,2.401421403912138,0.0,1.8939
34258,La1.75Sr0.15Na0.1Cu1.0O4.0,T,37.0,3.7776,,13.1811,P068174505,3.7776,3.7776,One,RE,2.399185787031185,0.0,1.8888
34259,La1.7Sr0.15Na0.15Cu1.0O4.0,T,37.0,3.7751,,13.1901,P068174505,3.7751,3.7751,One,RE,2.4020318192761154,0.0,1.88755
34260,La1.55Sr0.15Na0.3Cu1.0O4.0,T,37.0,3.7655,,13.2025,P068174505,3.7655,3.7655,One,RE,2.4073934747106485,0.0,1.88275
34327,Ba1.0Sr1.0Y1.0Cu3.0O7.0,Y123,82.7,3.7864,3.8542,11.557,P069014507,3.8203,3.7864,Two,RE,2.187436020810072,1.0,1.8932
34361,Hg2.0Ba0.6Sr1.4Y0.8Ca0.2Cu2.0O8.0,Hg2212,60.0,3.8134,,28.302,PHC4020152,3.8134,3.8134,Two,Hg,2.3023606063639717,1.0,1.9067
34362,Hg2.0Sr2.0Y0.8Ca0.2Cu2.0O8.0,Hg2212,58.0,3.8039,,28.107,PHC4020152,3.8039,3.8039,Two,Hg,2.259864700964166,1.0,1.90195
34441,La2.0Cu1.0O4.086,T,45.2,5.34,5.416,13.225,SSC1290075,5.377999999999999,3.7759502115361636,One,RE,2.4106005553788283,1.0,1.8879751057680818
34471,Bi2.0Sr2.1Y0.1Ca0.8Cu2.0O8.26,Bi2212,96.0,5.405,,30.76,PHC4060058,5.405,3.8219121523132893,Two,Bi,2.4652721872612546,0.0,1.9109560761566446
34472,Bi2.0Sr1.9Y0.1Ca1.0Cu2.0O8.24,Bi2212,94.0,5.4,,30.74,PHC4060058,5.4,3.8183766184073566,Two,Bi,2.4646959162469058,0.0,1.9091883092036783
34473,Bi2.0Sr1.8Y0.1Ca1.1Cu2.0O8.23,Bi2212,93.0,5.4,,30.73,PHC4060058,5.4,3.8183766184073566,Two,Bi,2.462517997801056,0.0,1.9091883092036783
34474,Bi2.0Sr1.6Y0.1Ca1.3Cu2.0O8.23,Bi2212,89.0,5.401,,30.65,PHC4060058,5.401,3.819083725188543,Two,Bi,2.4443387370587812,0.0,1.9095418625942715
34569,La2.0Cu0.985V0.015O4.021,T,40.0,5.3972,5.3522,13.144,SST0170023,5.3747,3.816396719420034,One,RE,2.380786620657616,1.0,1.908198359710017
34571,La2.0Cu0.965V0.035O4.045,T,40.0,5.3979,5.3528,13.1472,SST0170023,5.37535,3.8168916941668645,One,RE,2.3814747066762285,1.0,1.9084458470834322
34572,La2.0Cu0.955V0.045O4.056,T,40.0,5.3979,5.3522,13.1425,SST0170023,5.37505,3.8168916941668645,One,RE,2.3802939571539268,1.0,1.9084458470834322
34579,Y1.0Ba2.0Cu3.0O6.93,Y123,92.0,3.817,3.886,11.682,JP01601439,3.8515,3.817,Two,RE,2.3076402743417397,0.0,1.9085
34706,Gd1.1Ba1.9Cu3.0O7.0,RE123,93.0,3.8504,3.8918,11.655,PHC4170077,3.8711,3.8504,Two,RE,2.2632212159222473,1.0,1.9252
40451,Nd1.0Ba2.0Cu3.0O7.0,RE123,95.1,3.8649,3.9163,11.767,PHC4340178,3.8906,3.8649,Two,RE,2.315747485028636,0.0,1.93245
40452,Nd1.0Ba1.8Sr0.2Cu3.0O6.96,RE123,91.1,3.8646,3.9043,11.741,PHC4340178,3.88445,3.8646,Two,RE,2.3003271239290473,0.0,1.9323
40650,La1.85Sr0.15Cu1.0O4.0,T,37.4,3.7743,,13.2242,P073144518,3.7743,3.7743,One,RE,2.410785741102209,0.0,1.88715
150147,Bi2.1Sr1.7Ca0.2Cu1.0O6.0,Bi2201,79.2,5.35,5.37,24.5,JJP046L167,5.3599999999999985,3.783021279348029,One,Bi,2.519772030754053,0.0,1.8915106396740144
150148,Bi2.1Sr1.5Ca0.4Cu1.0O6.0,Bi2201,83.0,5.33,5.35,24.33,JJP046L167,5.34,3.768879143724298,One,Bi,2.4469111373272074,1.0,1.884439571862149
150149,Bi2.1Sr1.3Ca0.6Cu1.0O6.0,Bi2201,77.8,5.34,5.37,24.39,JJP046L167,5.355,3.7759502115361636,One,Bi,2.4731943245134698,0.0,1.8879751057680818
150150,Bi2.1Sr1.1Ca0.8Cu1.0O6.0,Bi2201,77.4,5.35,5.37,24.31,JJP046L167,5.3599999999999985,3.783021279348029,One,Bi,2.442652858347639,1.0,1.8915106396740144
151734,Y0.9Sc0.1Ba2.0Cu4.0O8.0,Y124,81.0,3.847,3.872,27.239,MCP1190208,3.8595,3.847,Two,RE,2.2659552259857776,1.0,1.9235
151735,Y0.8Sc0.2Ba2.0Cu4.0O8.0,Y124,87.0,3.845,3.8739999999999997,27.232,MCP1190208,3.8595,3.845,Two,RE,2.2678214731718604,1.0,1.9225
152914,Tl0.85Cr0.15Sr2.0Ca1.0Cu2.0O7.0,Tl1212,100.4,3.825,,12.056,PHC4710363,3.825,3.825,Two,Tl,2.385220379132985,0.0,1.9125
152915,Tl0.85Cr0.15Sr2.0Ca1.0Cu1.9Ge0.1O7.0,Tl1212,102.5,3.824,,12.033,PHC4710363,3.824,3.824,Two,Tl,2.3727557046342476,0.0,1.912
152916,Tl0.85Cr0.15Sr2.0Ca1.0Cu1.8Ge0.2O7.0,Tl1212,89.8,3.827,,12.008,PHC4710363,3.827,3.827,Two,Tl,2.3623359332601854,0.0,1.9135
152917,Tl0.85Cr0.15Sr2.0Ca1.0Cu1.7Ge0.3O7.0,Tl1212,88.65,3.823,,12.004000000000001,PHC4710363,3.823,3.823,Two,Tl,2.357239085782089,0.0,1.9115
152920,Tl0.5Pb0.5Sr1.8Yb0.2Ca1.0Cu2.0O7.0,Tl1212,98.45,3.793,,12.151,PHC4710363,3.793,3.793,Two,Tl,2.409045088122296,0.0,1.8965
152921,Tl0.5Pb0.5Sr1.8Yb0.2Ca0.8Mg0.2Cu2.0O7.0,Tl1212,96.8,3.8,,12.129000000000001,PHC4710363,3.8,3.8,Two,Tl,2.4032135068340974,0.0,1.9
152922,Tl0.5Pb0.5Sr1.8Yb0.2Ca0.6Mg0.4Cu2.0O7.0,Tl1212,101.1,3.798,,12.113,PHC4710363,3.798,3.798,Two,Tl,2.3935438796037296,0.0,1.899
152923,Tl0.5Pb0.5Sr1.8Yb0.2Ca0.4Mg0.6Cu2.0O7.0,Tl1212,102.75,3.8169999999999997,,12.062999999999999,PHC4710363,3.8169999999999997,3.8169999999999997,Two,Tl,2.3826565450603425,0.0,1.9084999999999999
152930,Tl0.6Sr1.8Yb0.2Ca1.0Cu2.4O7.0,Tl1212,85.05,3.79,,12.093,INOV0130406,3.79,3.79,Two,Tl,2.3772462959406884,0.0,1.895
152933,Tl1.0Sr1.6Yb0.4Ca1.0Cu2.0O7.0,Tl1212,87.0,3.7969999999999997,,12.014000000000001,JAC4920473,3.7969999999999997,3.7969999999999997,Two,Tl,2.3424212432949805,0.0,1.8984999999999999
152936,Tl0.3Sr1.6Yb0.4Ca1.0Cu2.3O7.0,Tl1212,87.5,3.7969999999999997,,12.007,JAC4920473,3.7969999999999997,3.7969999999999997,Two,Tl,2.3388606415493207,0.0,1.8984999999999999
153143,Gd1.0Ba2.0Cu3.0O7.0,RE123,91.8,3.8539999999999996,3.898,11.698,SSC1511117,3.876,3.8539999999999996,Two,RE,2.2854576034211567,0.0,1.9269999999999998
