num :,element :,str3 :,tc :,refno :
658,Ba0.65K0.35Bi1O3,BKBO,23.0,PHC1570237
703,Ba0.6K0.4Bi1O3,BKBO,31.5,PRB0399682
762,Ba0.6K0.4Bi1O3,BKBO,28.9,PHC1710181
973,Ba0.6K0.4Bi1O3,BKBO,29.0,PRB0406862
1301,Ba0.77K0.23Bi1O3,BKBO,28.0,SSC0680647
1303,Ba0.7K0.75Bi1OY,BKBO,29.0,SSC0670879
1304,Ba0.9K0.2Bi1O3-Z,BKBO,20.0,PRB0373745
1305,Ba0.9K0.24Bi1O3-Z,BKBO,22.0,PRB0373745
1306,Ba0.9Rb0.2Bi1O3-Z,BKBO,15.0,PRB0373745
1307,Ba0.6K0.4Bi1O3-Z,BKBO,26.0,PRB0397339
1461,Ba0.6K0.4Bi1O3,BKBO,27.0,SSC0701155
1733,Ba0.5K0.5Bi1O3,BKBO,24.0,PR0422551
1831,Ba0.6K0.4Bi1O3,BKBO,16.0,PHC1690391
1862,Ba0.6K0.4Bi1O3,BKBO,18.0,PHC1690294
2232,Ba0.6K0.4Bi1O3,BKBO,25.5,PR0437955
2233,Ba0.6K0.4Bi1O3,BKBO,25.5,PR0437955
2287,Ba0.65K0.35Bi1O3,,27.0,PHC1560027
2288,Ba0.63K0.37Bi1O3,,27.7,PHC1560027
2289,Ba0.6K0.4Bi1O3,,28.0,PHC1560027
2290,Ba0.55K0.45Bi1O3,,25.6,PHC1560027
2902,Ba0.6K0.4Bi1O3,BKBO,32.0,PHC1800331
2968,Li1Ti1O4,LTO,12.15,PR0445326
3054,Ba0.6K0.4Bi1O3,BKBO,28.0,DE0611670
3055,Ba1Pb0.75Bi0.25O3,BPBO,10.5,DE0611670
3170,C60Rb3,,29.8,PRL0681058
3171,C60K3,fullerene,12.8,PRL0681054
3172,C60Rb3,,28.0,JJP0310166
3173,C60Rb3,,12.25,JJP0310166
3175,Cs3C60,,29.5,NAT3520223
3176,Cs2Rb1C60,,33.0,NAT3520222
3177,Cs1Rb2C60,,31.0,NAT3520222
3178,Rb3C60C60,,29.0,NAT3520222
3179,C60Rb2,,29.0,NAT3520222
3180,C60Rb4,,29.0,NAT3520222
3181,C60K3,fullerene,19.3,PRL0670271
3182,C60K3,,13.0,NAT3500600
3183,C60K3,,18.0,NAT3500600
3384,Ba0.63K0.37Bi1O3,BKBO,29.1,PHC1950373
3385,Ba0.63K0.37Bi1O3,BKBO,30.0,PHC1950373
3476,C60Rb3,fullerene,28.6,PLA1640355
3477,C60K3,fullerene,20.0,PLA1640355
3478,Ba0.6K0.4Bi0.9Pb0.1O3,BKBO,21.5,PR0461144
3479,Ba0.6K0.4Bi0.8Pb0.2O3,BKBO,14.7,PR0461144
3480,Ba0.7K0.3Bi0.7Pb0.3O3,BKBO,14.6,PR0461144
3481,Ba0.6K0.4Bi0.7Pb0.3O3,BKBO,11.3,PR0461144
3482,Ba0.9K0.1Bi0.4Pb0.6O3,BKBO,11.3,PR0461144
3619,Ba0.62K0.38Bi1O3,BKBO,29.5,PHC1950195
3624,Ba0.7K0.3Bi1O3,BKBO,29.9,PR0414126
3625,Ba0.65K0.35Bi1O3,BKBO,29.2,PR0414126
3626,Ba0.6K0.4Bi1O3,BKBO,28.5,PR0414126
3627,Ba0.575K0.425Bi1O3,BKBO,27.3,PR0414126
3628,Ba0.5K0.5Bi1O3,BKBO,19.55,PR0414126
3872,C60K3,fullerene,18.0,PR0465880
3873,C60Rb3,fullerene,30.0,PR0465880
3874,C60K3,fullerene,18.7,PR0465876
4051,C60K3,K3C60,19.5,PR04614936
4052,C60Rb3,K3C60,28.4,PR04614936
4063,Ba0.6K0.4Bi1O3,BKBO,25.5,PR0422684
4139,Ba0.625K0.375Bi1O3,BKBO,27.5,APL0572356
4146,Ba0.6K0.4Bi1O3,BKBO,25.5,PHB1690705
4147,Ba1Pb0.78Bi0.22O3,BPBO,10.3,JPS0582135
4344,Ba0.65K0.35Bi1O2.99,BKBO,18.7,PHC2010043
4345,Ba0.59K0.41Bi1O2.96,BKBO,20.4,PHC2010043
4346,Ba0.52K0.48Bi1O2.93,BKBO,20.6,PHC2010043
4347,Ba0.48K0.52Bi1O2.9,BKBO,21.1,PHC2010043
4348,Ba0.45K0.55Bi1O2.83,BKBO,18.95,PHC2010043
4650,Ba0.65K0.35Bi1O2.984,BKBO,27.9,PHC2220257
4651,Ba0.525K0.475Bi1O2.917,BKBO,25.9,PHC2220257
4652,Ba0.6K0.4Bi1O2.926,BKBO,27.6,PHC2220257
4725,Na1N1C60,fullerene,14.7,SSC0870375
4744,Ba0.55K0.45Bi1O3,BKBO,22.5,PR0486617
4745,Ba0.55K0.45Bi1O3,BKBO,20.0,PR0486617
5001,BaKBi1O3,BKBO,30.9,SSC0850501
5002,BaKBi1O3,BKBO,28.0,SSC0850501
5003,BaKBi1O3,BKBO,32.0,SSC0850501
5133,Ba1.7K0.3Pb0.95Bi0.05O4,T,11.0,PR0478008
5134,Ba1.9K0.1Pb0.85Bi0.15O4,T,12.5,PR0478008
5135,Ba1.7K0.3Pb0.9Bi0.1O4,T,11.0,PR0478008
5345,C60K3,fullerene,17.8,PHC2280181
5346,C60Rb3,fullerene,29.5,PHC2280181
5347,C60Rb3,fullerene,30.0,PHC2280175
5544,Ba0.625K0.375Bi1O3,BKBO,30.0,NAT3470369
5545,Ba0.6K0.4Bi1O3,BKBO,27.25,APL0591905
5546,Ba0.6K0.4Bi1O3,BKBO,28.0,APL0610480
5821,Na2Cs1C60,,11.7,SSC0930269
6294,C60K3,,19.3,PR05215517
6295,C60Rb3,,30.0,PR05215517
6498,Nd1.3Ba1.3Sr0.4O6.828,Y123,35.0,PHC2610105
6983,BaKBi1O3,BKBO,31.8,PR05406133
7311,Bi1.95Sr1.45La0.6Ca1O6+z,Bi2201,25.0,SST0090297
7537,Ba1Pb0.75Bi0.25O3,BPBO,12.0,SSC1010129
7912,Ba0.9K0.1Pb1O3,ABO3,30.0,PHC2350075
8344,Ba0.6K0.4Bi1O3+Z,BKBO,31.0,SSC1080059
8345,Ba0.6K0.4Bi1O3+Z,BKBO,31.0,SSC1080059
8346,Ba0.66K0.34Bi1O3+Z,BKBO,30.0,SSC1080059
8347,Ba0.76K0.24Bi1O3+Z,BKBO,28.0,SSC1080059
8348,Ba0.83K0.17Bi1O3+Z,BKBO,20.0,SSC1080059
8378,Ba0.65K0.35Bi1O3,BKBO,30.0,PR0409400
8379,Ba0.55K0.45Bi1O3,BKBO,30.0,PR04903502
8398,Ba0.66K0.34Bi1O3,BKBO,30.0,PR05812355
8399,Ba0.63K0.37Bi1O3,BKBO,29.0,PR05812355
8400,Ba0.59K0.41Bi1O3,BKBO,31.0,PR05812355
8401,Ba0.6K0.4Bi1O3,,31.4,PHC1940194
8402,Ba0.62K0.38Bi1O3.1,BKBO,29.5,PHC2150350
8403,Ba0.63K0.37Bi1O3,BKBO,32.0,PHC2100133
8404,Ba0.5K0.5Bi1O3,BKBO,15.5,PHC2290389
8405,Ba0.54K0.46Bi1O3,BKBO,18.0,PR05106171
8406,Ba0.63K0.37Bi1O3,BKBO,30.0,PR05106171
8407,Ba0.6K0.4Bi1O3,BKBO,30.8,PR05004144
8408,Ba0.51K0.49Bi1O3,BKBO,17.2,APL0640244
8409,Ba0.65K0.35Bi1O3,BKBO,31.8,PR05406133
8454,Ba0.5K0.5Bi1O3,BKBO,23.5,PR0422551
8455,Ba0.6K0.4Bi1O3,BKBO,28.6,PHC2290389
8543,Ba1K1Bi1O4,BKBO,23.0,EPL0410207
8558,Ba0.54K0.46Bi1O3,BKBO,23.0,EPL0410207
8559,Ba0.5K0.5Bi1O3,BKBO,20.0,LTP1051237
8595,Ba1K1Bi1O3,BKBO,23.3,PRL0824930
8622,Nd1Ba1.65La0.35O6.69,Y123,36.5,PHC3200087
8623,Nd1Ba1.6La0.4O6.68,Y123,37.0,PHC3200087
9517,Sr1Nb2Oz,,11.5,JJP0301155
9518,Sr0.9Nd0.1Nb2Oz,,11.5,JJP0301155
9519,Ca1Nb2Oz,,11.0,JJP0301155
9540,Ba0.62K0.38Bi1O3,BKBO,21.5,SSC0780967
9541,Ba0.57K0.43Bi1O3,BKBO,21.2,SSC0780967
9542,Ba0.54K0.46Bi1O3,BKBO,19.0,SSC0780967
9543,Ba0.52K0.48Bi1O3,BKBO,18.7,SSC0780967
9544,Ba0.5K0.5Bi1O3,BKBO,16.5,SSC0780967
9545,Ba0.6K0.4Bi1O3,BKBO,31.2,PHC2670270
9546,Ba0.6K0.4Bi1O3,BKBO,29.1,PHC2670270
9550,Ba0.6K0.4Bi1O3,BKBO,29.0,PR06114815
9551,Ba0.6K0.4Bi1O3,BKBO,27.0,PR06114815
9552,Ba1Pb0.75Bi0.25O3,BPBO,11.6,PR06114804
9565,Sr0.4K0.6Bi1O3,BKBO,12.0,NAT3900148
9566,Sr0.5Rb0.5Bi1O3,BKBO,13.0,NAT3900148
9567,Sr0.4K0.6Bi1O3,BKBO,11.18,PR06211977
9568,Sr0.4K0.6Bi1O3,BKBO,11.0,PR06211977
9569,Sr0.4K0.6Bi1O3,BKBO,11.5,PR06211977
9755,Ho1Nb1O3-z,ABO3,15.0,PHC3510363
9841,Sr0.4K0.6Bi1O3,BKBO,11.3,P064064502
9842,Sr0.4K0.6Bi1O3,BKBO,11.55,P064064502
9867,Ba0.5Nb1O2-z,,19.75,JEL0600440
9868,Ba0.25Nb1O2-z,,18.05,JEL0600440
9893,Sr0.4K0.6Bi1O3,BKBO,11.3,SUP0140341
10073,Ba0.64K0.36Bi1O3,,28.5,PR04903502
12065,Y1Ni2B2C1,LuNi2B2C,14.6,L093156802
33056,K0.85La0.15Bi1O3,BKBO,10.25,PHC3560012
33057,K0.8La0.2Bi1O3,BKBO,12.2,PHC3560012
33058,K0.75La0.25Bi1O3,BKBO,12.2,PHC3560012
33064,Rb1Bi1O3,BKBO,11.0,PHC3050275
33065,Rb0.9Bi1.1O3,BKBO,11.0,PHC3050275
33066,Rb0.7Bi1.3O3,BKBO,11.0,PHC3050275
33067,Rb0.6Bi1.4O3,BKBO,11.0,PHC3050275
33068,K1Bi1O3,BKBO,10.2,PHC3050275
33069,K0.95Bi1.05O3,BKBO,10.2,PHC3050275
33070,K0.9Bi1.1O3,BKBO,10.2,PHC3050275
33071,K0.8Bi1.2O3,BKBO,10.2,PHC3050275
33232,Li2.6Ti1.7O4,Li2TiO4,11.4,SSC0200995
33233,Li2.6Ti1.9O4,Li2TiO4,11.2,SSC0200995
33234,Li2.6Ti2.7O4,Li2TiO4,10.9,SSC0200995
33415,Ba0.6K0.4Bi1O3,BKBO,30.9,PHC3570252
33416,Ba0.6K0.4Bi0.99Pr0.01O3,BKBO,26.4,PHC3570252
33417,Ba0.6K0.4Bi0.979Pr0.021O3,BKBO,23.5,PHC3570252
33418,Ba0.6K0.4Bi0.969Pr0.031O3,BKBO,18.4,PHC3570252
33419,Ba0.6K0.4Bi0.955Pr0.045O3,BKBO,14.4,PHC3570252
33420,Ba0.6K0.4Bi0.933Pr0.067O3,BKBO,11.1,PHC3570252
33423,Ba0.47K0.53Bi1O3,BKBO,11.0,PHC3570252
33730,Ba0.635K0.365Bi1O3,BKBO,30.4,PHC3840343
33731,Ba0.557K0.443Bi1O3,BKBO,25.0,PHC3840343
33732,Ba0.445K0.555Bi1O3,BKBO,14.0,PHC3840343
33740,Ba0.45K0.55Bi1O3,BKBO,12.7,JCG2110471
33741,Ba0.5K0.5Bi1O3,BKBO,18.6,JCG2110471
33742,Ba0.644K0.356Bi1O3,BKBO,29.0,JCG2110471
33743,Ba0.613K0.387Bi1O3,BKBO,30.7,JCG2110471
33744,Ba0.584K0.416Bi1O3,BKBO,28.8,JCG2110471
33745,Ba0.553K0.447Bi1O3,BKBO,25.5,JCG2110471
33746,Ba0.542K0.458Bi1O3,BKBO,23.1,JCG2110471
33747,Ba0.595K0.405Bi1O3,BKBO,31.2,JCG2110471
33748,Ba0.665K0.335Bi1O2.985,BKBO,27.3,PCS0601933
33749,Ba0.66K0.34Bi1O3,BKBO,26.2,PCS0601933
33750,Ba0.63K0.37Bi1O3,BKBO,28.3,PCS0601933
33751,Ba0.6K0.4Bi1O2.977,BKBO,29.0,PCS0601933
33752,Ba0.57K0.43Bi1O2.983,BKBO,25.6,PCS0601933
33753,Ba0.51K0.49Bi1O2.974,BKBO,22.2,PCS0601933
33754,Ba0.46K0.56Bi1O2.965,BKBO,14.8,PCS0601933
33843,Ba0.61K0.39Bi1O3,BKBO,31.5,P067024505
33850,Ba0.6K0.4O3,BKBO,30.8,MRB0361505
34043,Ba0.635K0.365Bi1O3,BKBO,30.4,PHC3570414
34044,Ba0.557K0.443Bi1O3,BKBO,25.0,PHC3570414
34045,Ba0.445K0.555Bi1O3,BKBO,17.0,PHC3570414
34050,Ba0.6Rb0.4Bi1O3,BKBO,29.0,PR04002690
34377,Ba0.63K0.37Bi1O3,BKBO,31.0,PHC4030200
34378,Ba0.63K0.37Bi1O3,BKBO,31.0,PHC3410729
34530,Ba1Pb0.8Bi0.2O3,BPBO,10.25,APP0220205
34531,Ba1Pb0.75Bi0.25O3,BPBO,11.7,APP0220205
34532,Ba1Pb0.7Bi0.3O3,BPBO,11.23,APP0220205
34534,Li1Ti2O4,spinel,11.4,P070054519
34540,Li1Ti2O4,spinel,11.7,LTP0250177
34541,Li1.05Ti1.95O4,spinel,12.0,LTP0250177
34558,Li1Ti2O4,spinel,12.9,ZPS0760303
34559,Li1Ti2O4,spinel,12.4,ZPS0760303
34560,Li1.04Ti1.96O4,spinel,12.1,ZPS0760303
34561,Li1.08Ti1.92O4,spinel,11.8,ZPS0760303
34562,Li1.12Ti1.88O4,spinel,10.4,ZPS0760303
34568,Li0.98Mg0.02Ti2O4,spinel,11.9,ZPS0760303
40030,C3La2,Pu2C3,13.5,P072064520
40032,C3Y2,Pu2C3,17.3,APL0842859
40033,Y2C2.9B0.1,Pu2C3,16.4,APL0842859
40034,C3La2,Pu2C3,11.1,PR0140128
40050,B2Mg1,AlB2,38.0,P072064527
40051,Mg1B0.96C0.04,AlB2,35.5,P072064527
40052,Mg1B0.9C0.1,AlB2,30.0,P072064527
40053,Mg1B0.85C0.15,AlB2,24.0,P072064527
40054,B2Mg1,AlB2,38.73,P072094504
40060,Pu1Co0.5Rh0.5Ga5,HoCoGa5,15.5,P072104508
40061,Pu1Co0.1Rh0.9Ga5,HoCoGa5,10.2,P072104508
40066,Pu1Co0.9Ni0.1Ga5,HoCoGa5,16.6,P072104508
40070,B2Mg1,AlB2,39.0,P063224522
40093,Pu1Co1Ga5,HoCoGa5,18.5,MMM2720154
40099,La0.6Rh4P12,skutterudite,17.0,JP01707353
40120,B2Mg1,AlB2,38.7,P072220505
40139,Li1Ti2O4,spinel,12.1,PHC4320053
40144,Mg1B1.95C0.05,AlB2,34.0,PHC4320193
40145,Mg1B1.9C0.1,AlB2,27.5,PHC4320193
40146,Mg1B1.9C0.1,AlB2,34.2,PHC4320257
40147,Mg1B1.9C0.1,AlB2,35.4,PHC4320257
40166,Li1Ti2O4,spinel,11.0,CEM0540136
40167,Li1.05Ti1.95O4,spinel,10.5,CEM0540136
40168,Li1.07Ti1.93O4,spinel,10.4,CEM0540136
40169,Li1.1Ti1.9O4,spinel,10.3,CEM0540136
40207,Y2C2Br0.5I1.5,,11.6,PHC3410719
40304,Mo1N1,,12.0,PR08700799
40328,C1,,12.0,L096057001
40335,Zr1N1Cl0.7,,14.0,JPS0742586
40356,B2Mg1,AlB2,36.6,SSC1330321
40357,Mg0.99Pb0.01B2,AlB2,35.9,SSC1330321
40358,Mg0.98Pb0.02B2,AlB2,35.5,SSC1330321
40360,Mg0.94Pb0.06B2,AlB2,35.0,SSC1330321
40361,Mg0.9Pb0.1B2,AlB2,34.0,SSC1330321
40387,Mg1B1.89C0.11,AlB2,34.7,PCS0670360
40388,Mg1B1.834C0.166,AlB2,32.0,PCS0670360
40389,Mg1B1.8C0.2,AlB2,28.8,PCS0670360
40390,Mg1B1.736C0.264,AlB2,17.6,PCS0670360
40391,B2Mg1,AlB2,38.7,PCS0670360
40392,Mg0.98Al0.02B2,AlB2,35.9,PCS0670360
40393,Mg0.92Al0.08B2,AlB2,31.6,PCS0670360
40394,Mg0.82Al0.18B2,AlB2,25.7,PCS0670360
40395,Mg0.79Al0.21B2,AlB2,27.1,PCS0670360
40495,Y1,,17.0,P073094522
40625,Zr0.5Hf0.5V2,MgCu2(Laves),10.1,APL0180235
40630,Pd0.7Ag0.3H0.8,,15.6,ZPB2680261
40631,Pd0.84Au0.16H0.9,,13.6,ZPB2680261
40632,C6Ca1,,11.46,L096107008
40642,C6Ca1,,11.3,PHC4390043
40669,Li1Ti2O4,spinel,12.3,P073184521
40684,B2Mg1,AlB2,38.5,P073214505
40689,B2Mg1,AlB2,38.8,P073214508
40690,Mg0.95Al0.025Li0.025B2,AlB2,37.0,P073214508
40691,Mg0.9Al0.05Li0.05B2,AlB2,36.4,P073214508
40692,Mg0.8Al0.1Li0.1B2,AlB2,32.9,P073214508
40693,Mg0.7Al0.15Li0.15B2,AlB2,32.0,P073214508
40694,Mg0.65Al0.175Li0.175B2,AlB2,30.7,P073214508
40695,Mg0.6Al0.2Li0.2B2,AlB2,26.1,P073214508
40696,Mg0.55Al0.225Li0.225B2,AlB2,25.6,P073214508
40722,C1Ta1,,10.16,PHC4340173
40723,C1Ta1,,10.16,PHC4340173
40725,Nb0.4Ta0.6C1,,11.8,PR138A1170
40726,C1Ta1,,10.2,PR138A1170
40727,C0.44Mo0.56,,13.0,PR138A1170
40740,C1,,15.0,SCI2922462
40767,C6Ca1,,11.1,P074024505
40810,C60K3,fullerene,19.3,PR05215517
40811,C60Rb3,fullerene,30.0,PR05215517
40825,C60K3,fullerene,19.7,SSC0860643
40827,Ge1Nb3,Cr3Si(A15),19.09,SSC0560589
40828,Ge1Nb3,Cr3Si(A15),20.46,SSC0560589
40832,Ga0.222V0.778,Cr3Si(A15),12.3,SSC0390773
40833,Ga0.236V0.764,Cr3Si(A15),14.6,SSC0390773
40834,Ga0.248V0.752,Cr3Si(A15),15.1,SSC0390773
40835,Ga0.253V0.747,Cr3Si(A15),14.9,SSC0390773
40836,Ga0.265V0.735,Cr3Si(A15),13.6,SSC0390773
40837,Ga0.281V0.719,Cr3Si(A15),12.2,SSC0390773
40838,Ga0.296V0.704,Cr3Si(A15),12.1,SSC0390773
40839,Ga0.25V0.75,Cr3Si(A15),15.3,SSC0390773
40840,Nb3Sn1,Cr3Si(A15),17.6,SSC0390959
40841,Nb3Sn1,Cr3Si(A15),17.4,SSC0390959
40842,Nb3Sn1,Cr3Si(A15),18.0,SSC0390959
40843,Nb3Sn1,Cr3Si(A15),17.6,SSC0390959
40844,Nb3Sn1,Cr3Si(A15),17.4,SSC0390959
40846,Nb3Pt1,Cr3Si(A15),10.9,SSC0300723
40847,Au1Nb3,Cr3Si(A15),10.7,SSC0300723
40848,Nb3Au0.7Pt0.3,Cr3Si(A15),13.0,SSC0300723
40852,Si1V3,Cr3Si(A15),17.0,SSC0360721
40853,Si1V3,Cr3Si(A15),16.8,SSC0330581
40857,Li0.06Zr1N1Cl1,,15.2,L097107001
40861,B2Mg1,AlB2,38.5,PHC4490053
40862,Mg0.99Al0.01B2,AlB2,38.0,PHC4490053
40863,Mg0.98Al0.02B2,AlB2,37.5,PHC4490053
40864,Mg0.95Al0.05B2,AlB2,36.5,PHC4490053
40865,Mg0.92Al0.08B2,AlB2,35.5,PHC4490053
40920,Mg1B1.924C0.076,AlB2,35.4,P074144511
40921,Mg1B1.868C0.132,AlB2,33.15,P074144511
40922,Mg1B1.81C0.19,AlB2,30.57,P074144511
40978,Mg0.983Al0.017B1,AlB2,35.9,P074184523
40979,Mg0.927Al0.073B1,AlB2,33.0,P074184523
42006,Ba1Pb0.75Bi0.25O3,BPBO,12.5,JTL0820081
42007,Mo1B0.01C0.82,NaCl,12.2,MPL0110939
42008,Mo1B0.03C0.82,NaCl,11.8,MPL0110939
42009,Mo1B0.05C0.82,NaCl,11.5,MPL0110939
42012,Mo0.95Hf0.05C0.7,NaCl,10.9,MPL0110939
42013,Mo0.95Hf0.05C0.73,NaCl,12.0,MPL0110939
42014,Mo0.95Hf0.05C0.74,NaCl,12.4,MPL0110939
42018,C0.75Mo1,,14.7,MPL0110939
42019,C6Ca1,GIC,11.4,P074214513
42056,C3Y2,Pu2C3,15.7,J076023704
42071,C6Ca1,GIC,11.62,P075014509
42072,C6Ca1,GIC,11.57,P075014509
42076,Y1,,19.5,PHC4510082
42077,Ca1,,25.0,J075083703
90051,B2Mg1,AlB2,38.6,SST0180183
90052,Mg0.9Al0.1B2,AlB2,37.5,SST0180183
90053,Mg0.8Al0.2B2,AlB2,33.4,SST0180183
90054,Mg0.7Al0.3B2,AlB2,26.7,SST0180183
90116,P1,cubic,10.7,PR05016274
90123,B2Mg1,AlB2,39.0,P071144505
90124,Mg0.95Al0.05B2,AlB2,36.6,P071144505
90125,Mg0.93Al0.07B2,AlB2,35.8,P071144505
90126,Mg0.9Al0.1B2,AlB2,33.4,P071144505
90127,Mg0.85Al0.15B2,AlB2,31.5,P071144505
90128,Mg0.8Al0.2B2,AlB2,29.1,P071144505
90129,B2Mg1,AlB2,38.8,P071144512
90130,Mg0.9Al0.1B2,AlB2,32.1,P071144512
90131,Mg0.8Al0.2B2,AlB2,25.6,P071144512
90133,Mg1B1.924C0.076,AlB2,36.0,P071144512
90134,Mg1B1.8C0.2,AlB2,21.0,P071144512
90147,Nb1N1.34O0.27,,11.3,622
90148,Nb1N1.25O0.25,,11.9,622
90149,Nb1N1.22O0.18,,12.3,622
90150,Nb1N1.08O0.27,,12.8,622
90151,Nb1N0.9O0.02,,14.7,622
90233,B2Mg1,AlB2,38.7,PHC4200083
90234,Mg1B1.924C0.076,AlB2,35.5,PHC4200083
90235,Mg1B1.85C0.15,AlB2,27.2,PHC4200083
90236,Mg1B1.8C0.2,AlB2,21.5,PHC4200083
90237,Mg0.8Al0.2B2,AlB2,22.9,PHC4200083
90238,B2Mg1,AlB2,30.4,PHC4200083
90239,B2Mg1,AlB2,22.8,PHC4200083
90240,B2Mg1,AlB2,17.1,PHC4200083
90241,B2Mg1,AlB2,13.6,PHC4200083
90243,Mg0.978Al0.022B2,AlB2,34.7,P071174506
90244,Mg0.956Al0.044B2,AlB2,34.0,P071174506
90245,Mg0.915Al0.085B2,AlB2,32.4,P071174506
90246,Mg0.815Al0.185B2,AlB2,25.3,P071174506
90247,B2Mg1,AlB2,38.2,P071174506
90248,Mg0.815Al0.09B2,AlB2,32.7,P071174506
90249,Mg0.815Al0.18B2,AlB2,25.7,P071174506
90250,Mg0.815Al0.024B2,AlB2,35.0,P071174506
90251,Mg0.815Al0.092B2,AlB2,32.0,P071174506
90265,C60Rb3,fullerene,30.9,P072024521
90266,Zr1N1Cl0.7,,12.8,P072020501
90298,B2Mg1,AlB2,38.2,PHC4240079
90299,Mg0.99Cr0.01B2,AlB2,36.7,PHC4240079
90300,Mg0.98Cr0.02B2,AlB2,35.3,PHC4240079
90301,Mg0.97Cr0.03B2,AlB2,35.1,PHC4240079
90330,C6Ca1,,11.5,L095087003
90332,C6Ca1,,11.5,MAT0503570
90361,Nb3Sn1,Cr3Si(A15),17.9,PR1201964
93309,B2Mg1,AlB2,38.81,PHC4070031
100017,Ag0.16D0.47Pd0.84,,15.3,1901
100063,Al0.9As0.05Ga0.05Nb3,,19.2,939
100078,Al0.95Be0.05Nb3,Cr3Si(A15),19.6,1360
100082,Al0.95B0.05Nb3,Cr3Si(A15),19.1,1360
100097,Al0.5Ga0.5V3,Cr3Si(A15),12.9,1073
100098,Al0.5Ga0.5Nb3,,19.0,1339
100099,Al0.9Ga0.1Nb3,,17.7,1976
100108,Al1Cr0.3Nb2.7,,14.1,1976
100109,Al0.8Ge0.2Nb3,Cr3Si(A15),20.05,823
100110,Al0.9Ge0.1Nb3,,18.9,1976
100111,Al1Ge1Nb3,Cr3Si(A15),19.5,1660
100112,Al0.77Ge0.23Nb3,Cr3Si(A15),20.75,1819
100119,Al0.1Ga0.9V3,Cr3Si(A15),13.9,1073
100120,Al0.3Ga0.7V3,Cr3Si(A15),13.9,1073
100129,Al0.75Ge0.25Nb3.8,,20.34,1966
100130,Al0.75Ge0.25Nb0.003,,20.7,876
100131,Al0.66Ge0.22Nb3.1,Cr3Si(A15),20.29,1446
100132,Al0.75Ge0.25Nb3,Cr3Si(A15),20.2,885
100145,Al1Nb3,,18.1,1075
100146,Al1Nb3,,18.52,939
100147,Al1Nb3,Cr3Si(A15),18.8,1215
100149,Al0.33Nb0.67,sigma-CrFe,13.5,557
100154,Al0.5Mo5S6Sn1,,14.2,1597
100157,Al1Nb2.1V0.9,Cr3Si(A15),12.5,1073
100158,Al1Nb1Sn1,Cr3Si(A15),17.45,1115
100159,Al0.5Nb3Sn0.5,,15.8,1404
100160,Al0.22Nb0.75Si0.3,,19.2,1821
100161,Al0.9Nb3Sb0.1,Cr3Si(A15),18.06,801
100162,Al0.95Nb3Sb0.5,Cr3Si(A15),17.81,801
100166,Al1Nb3,,17.4,1410
100167,Al1Nb3,,18.6,1660
100168,Al0.215Nb0.785,,17.97,859
100179,Al0.23Nb0.75Zr0.013,,18.3,1980
100180,Al1Nb2.7V0.3,Cr3Si(A15),15.4,1073
100185,Al0.2Si0.8V3,,15.7,1073
100186,Al0.1Si0.9V3,Cr3Si(A15),16.1,1073
100193,Al1V3,,10.3,1363
100195,Al1V3,Cr3Si(A15),10.3,824
100224,As0.15Bi0.15Nb3Sn0.7,,18.07,1982
100235,As0.15Ga0.15Nb3Sn0.7,,18.01,1982
100244,As0.15Nb3Sn0.7Tl0.15,,17.98,1982
100245,As0.15Nb3Sn0.85,,17.98,1982
100246,As0.15Nb3Pb0.15Sn0.7,,18.05,1982
100252,As0.15In0.15Nb3Sn0.7,,17.99,1982
100294,Au0.1C1.3Y0.9,Pu2C3,10.1,870
100313,Au0.25Nb0.75,Cr3Si(A15),11.2,1438
100315,Au1Nb3,Cr3Si(A15),11.5,492
100316,Au1Nb3,Cr3Si(A15),11.22,1466
100336,Au0.7Nb3Pt0.3,Cr3Si(A15),12.5,922
100387,B5Mo1.69Zr0.31,AlB2,11.2,767
100396,B3Mo6S8Sn1,,15.0,1309
100493,Be12Mg1Re1,,10.1,1769
100601,Bi0.15Ge0.15Nb3Sn0.7,,17.75,1982
100603,Bi0.15Ga0.15Nb3Sn0.7,,18.04,1982
100636,Bi0.15In0.15Nb3Sn0.7,,18.01,1982
100640,Bi0.15Nb3Sn0.7Tl0.15,,18.12,1982
100641,Bi0.15Nb3Sn0.85,,18.23,1982
100727,C1.35Ca0.1Y0.9,,10.5,870
100743,C1.45Cr0.1Y0.9,Pu2C3,12.4,870
100746,C0.75Hf0.05Mo0.95,NaCl,14.2,650
100750,C1.35Ge0.1Y0.9,Pu2C3,10.6,870
100769,C1.45La0.5Th0.5,,14.2,1148
100774,C3La2,Pu2C3,11.0,1971
100782,C0.69Mo1,NaCl,12.1,966
100783,C0.44Mo0.56,,13.0,1824
100785,C1Mo2,,10.8,966
100787,C1Mo1,NaCl,14.3,1006
100792,C1.5La0.9Th0.1,,12.9,1971
100794,C1.45Mo0.1Y0.9,Pu2C3,13.8,870
100795,C1Mo0.83Ti0.17,NaCl,10.2,522
100798,C1Mo0.9Ru0.1,NaCl,13.6,1006
100800,C1Mo0.9Re0.1,NaCl,13.8,1006
100803,C0.4Mo0.6,,11.2,571
100807,C1Nb1,NaCl,11.1,1542
100808,C0.98Nb1,,11.56,1703
100809,C1Nb1,,12.0,271
100812,C0.25N0.75Nb0.85Ti0.15,,17.8,1511
100814,C0.026N0.974Nb1,,17.2,1234
100815,C1N1Nb1,,17.3,1383
100816,C0.35N0.65Nb1,NaCl,17.8,559
100825,C1.35Nb0.1Y0.9,Pu2C3,10.8,870
100842,C1Ta1,NaCl,10.35,1542
100843,C1.35Sn0.1Y0.9,Pu2C3,10.2,870
100845,C1.35Si0.1Y0.9,Pu2C3,11.3,870
100852,C1.35Ru0.1Y0.9,Pu2C3,11.2,870
100853,C1.55Th0.3Y0.7,Pu2C3,17.0,870
100859,C1Ta0.5W0.5,,10.1,694
100860,C1Ta0.45W0.55,,10.5,128
100870,C1.35Ti0.1Y0.9,Pu2C3,10.7,870
100871,C1.5Ti0.3Y0.7,Pu2C3,12.9,870
100886,C1.45V0.1Y0.9,Pu2C3,11.5,870
100894,C1.45Y0.9Zn0.1,Pu2C3,13.0,870
100895,C1.45Y1,Pu2C3,11.5,870
100898,C3Y2,Pu2C3,11.5,868
100900,C1.55W0.1Y0.9,Pu2C3,14.5,870
100977,Ce0.12Si1V2.88,Cr3Si(A15),15.32,1913
101231,Ga0.8In0.2V3,Cr3Si(A15),12.7,1073
101234,Ga0.8Ge0.2V3,Cr3Si(A15),13.6,1073
101237,Ga0.4Nb0.6,Cr3Si(A15),20.3,1599
101239,Ga1Nb3,,14.5,1446
101240,Ga1Nb3,Cr3Si(A15),20.3,1970
101244,Ga0.5Mo5S6Sn1,,13.3,1725
101249,Ga0.5Si0.5V3,,18.2,1955
101250,Ga0.25Si0.75V3,,18.6,1955
101257,Ga1Nb2.4V0.6,Cr3Si(A15),12.5,1073
101258,Ga0.15Nb3Sn0.7Tl0.15,,18.14,1982
101259,Ga0.15Nb3Sb0.15Sn0.7,,16.89,1982
101260,Ga0.15Nb3Pb0.15Sn0.7,,18.11,1982
101264,Ga1V3,Cr3Si(A15),14.19,1407
101265,Ga1V3,Cr3Si(A15),15.4,1343
101266,Ga1V3,Cr3Si(A15),16.8,578
101272,Ga1Si1V3,Cr3Si(A15),18.6,1955
101283,Ga1V1,,16.45,460
101284,Ga1V3,,14.5,310
101296,Gd0.2Mo6Pb1S8,,14.3,1759
101314,Ge0.15Nn3Sn0.85,,17.8,1982
101315,Ge0.15Nb3Pb0.15Sn0.7,,17.82,1982
101316,Ge1Nb3,Cr3Si(A15),17.0,498
101317,Ge1Nb3,,22.1,1726
101323,Ge0.1Si0.9V3,Cr3Si(A15),14.4,1073
101371,Hf0.33Nb0.67,,17.0,1438
101411,Hf0.5V2Zr0.5,MgCu2(Laves),10.1,1189
101455,In0.15Nb3Sb0.15Sn0.7,,16.09,1982
101456,In0.15Nb3Sn0.85,,18.26,1982
101481,In0.2Si0.8V3,Cr3Si(A15),16.2,1073
101511,In1V3,Cr3Si(A15),13.9,824
101550,Ir0.125Rh0.125Zr0.75,,10.2,1438
101629,La0.2Mo6.35Pb0.8S8,,13.2,1759
101655,La0.06Si1V2.94,Cr3Si(A15),15.92,1913
101656,La0.006Si1V2.994,Cr3Si(A15),16.48,1913
101681,Mo1N1,,12.0,11
101688,Mn0.21Si1V2.79,Cr3Si(A15),15.5,1913
101689,Mn0.03Si1V2.97,Cr3Si(A15),16.25,1913
101693,Mo0.3Nb0.1Re0.6,,10.1,1438
101704,Mo1N1,,14.8,1841
101705,Mo6.35Pb1S8,,12.6,1759
101706,Mo6Pb0.92S7.5,,15.2,1309
101707,Mo5Pb1S7,,12.5,1725
101708,Mo5.1Pb1S6,,14.4,1597
101709,Mo5.1Pb0.9S6,,13.2,1597
101713,Mo3Os1,Cr3Si(A15),12.5,1692
101717,Mo0.55Pt0.05Re0.425,,11.25,1692
101726,Mo6.35Pb0.9S8Sn0.12,,11.0,1759
101728,Mo6Pb1S7,,14.0,1831
101732,Mo0.5Re0.5,,11.6,276
101733,Mo0.52Re0.48,,11.1,555
101734,Mo0.57Re0.43,,14.0,592
101735,Mo0.6Re0.4,,10.6,555
101736,Mo0.66Re0.34,,11.8,1331
101742,Mo1Ru1,,10.5,33
101749,Mo0.7Re0.3,Cr3Si(A15),15.0,1384
101759,Mo3S4Sn0.6,,14.2,614
101760,Mo5S6Sn1,,13.4,1163
101761,Mo6S7Sn1,,13.0,1831
101767,Mo0.05Tc0.95,,10.8,202
101768,Mo0.1Tc0.9,,13.4,202
101769,Mo0.25Tc0.75,,15.8,202
101770,Mo0.3Tc0.7,sigma-CrFe,12.0,202
101771,Mo0.4Tc0.6,,14.7,1656
101772,Mo0.45Tc0.55,,14.0,202
101773,Mo0.5Tc0.5,,14.0,202
101789,N1Nb1,,15.2,1461
101790,N1Nb1,,15.23,1406
101791,N1Nb1,,14.5,582
101796,N0.84Nb1,NaCl,13.5,1510
101797,N0.92Nb1,NaCl,16.5,1070
101799,N1Nb1,NaCl,16.0,1473
101807,N0.85Nb0.66Ti0.34,,17.61,880
101808,N0.88Nb0.256Ti0.744,NaCl,14.72,880
101809,N0.9Nb0.114Ti0.886,NaCl,10.1,880
101810,N0.998Nb1O0.002,,17.3,1234
101812,N1Nb1,,17.3,1175
101822,N1Zr1,NaCl,10.7,278
101830,Nb3Pt1,Cr3Si(A15),10.9,1446
101834,Nb3Pb0.15Sn0.85,,18.16,1982
101852,Nb1Ru3,,12.0,667
101870,Nb3Sb0.15Sn0.7Tl0.15,,16.04,1982
101875,Nb3Sn1,Cr3Si(A15),18.0,1742
101876,Nb3Sn1,Cr3Si(A15),18.3,185
101877,Nb3Sn1,Cr3Si(A15),18.07,149
101878,Nb0.03Si1V2.97,Cr3Si(A15),15.8,1913
101880,Nb3Si0.06Sn0.94,Cr3Si(A15),17.8,419
101881,Nb3Si0.25Sn0.75,Cr3Si(A15),16.4,419
101882,Nb3Si0.27Sn0.73,Cr3Si(A15),13.9,419
101885,Nb0.69Sn0.25Ta0.06,Cr3Si(A15),17.8,473
101886,Nb3Sn1,,18.0,359
101888,Nb0.5Sn0.5,,17.5,1591
101889,Nb0.5Sn0.5,,17.91,139
101891,Nb3Sn2,,17.2,355
101892,Nb0.72Sn0.28,,18.2,311
101893,Nb0.76Sn0.74,,18.1,311
101894,Nb0.8Sn0.2,,17.3,1591
101895,Nb0.8Sn0.2,,18.5,311
101898,Nb0.75Sn0.125Zr0.125,Cr3Si(A15),16.7,427
101902,Nb0.625Sn0.25V0.125,Cr3Si(A15),14.2,473
101903,Nb3Sn0.85Tl0.15,,18.2,1982
101905,Nb0.5Sn0.25Ta0.125V0.125,Cr3Si(A15),12.2,185
101906,Nb0.25Sn0.25Ta0.5,Cr3Si(A15),10.8,473
101907,Nb0.5Sn0.25Ta0.25,Cr3Si(A15),16.4,473
101908,Nb0.625Sn0.25Ta0.125,Cr3Si(A15),17.6,473
101924,Nb0.03Tc0.97,Mg,12.8,1147
101925,Nb0.06Tc0.94,Mg,12.8,1147
101926,Nb0.24Tc0.76,alpha-Mn,12.9,1147
101927,Nb0.42Tc0.58,alpha-Mn,10.9,1147
101939,Nb0.5Ti0.5,,10.3,841
101942,Nb0.7Ti0.3,,10.1,1398
101943,Nb0.75Ti0.25,,10.02,885
101952,Nb0.5Ti0.1Zr0.4,,10.3,1789
101961,Nb0.25Zr0.75,,10.45,971
101963,Nb0.5Zr0.5,,10.75,1301
101964,Nb0.6Zr0.4,,10.75,1333
101965,Nb0.68Zr0.32,,10.05,1313
101966,Nb0.75Zr0.25,W,11.0,1157
101967,Nb0.85Zr0.15,,10.8,1352
101987,O0.105Rh0.285Zr0.61,Fe3W3C,11.8,270
102020,Pb1Mo6S7,,11.1,1193
102026,P0.3Si0.7V3,Cr3Si(A15),14.75,1976
102027,P0.2Si0.8V3,Cr3Si(A15),16.6,1976
102173,Rh1Zr3,Fe3W3C,11.0,766
102174,Rh0.33Zr0.67,,11.25,1858
102175,Rh1Zr2,CuAl2,11.36,1476
102190,Rh0.25Zr0.75,,11.4,1438
102191,Rh0.33Zr0.66,,11.2,1438
102192,Rh0.03Zr0.97,,10.4,1061
102193,Rh0.12Zr0.88,,11.0,766
102194,Rh0.14Zr0.86,,11.1,1858
102233,Si0.25V0.75,Cr3Si(A15),16.86,880
102234,Si0.25V0.75,Cr3Si(A15),16.95,1073
102235,Si0.25V0.75,Cr3Si(A15),17.0,707
102236,Si0.25V0.75,Cr3Si(A15),17.1,10
102237,Si0.263V0.737,Cr3Si(A15),15.8,32
102238,Si0.3V0.7,Cr3Si(A15),16.95,707
102239,Si1Ti0.15V2.85,,14.55,1976
102252,Si0.22V0.78,Cr3Si(A15),14.38,144
102254,Si0.206V0.794,Cr3Si(A15),14.5,323
102255,Si0.25V0.75,Cr3Si(A15),16.6,1933
102256,Si0.25V0.75,Cr3Si(A15),16.65,707
102274,Tc0.75V0.25,,11.07,1138
102275,Tc0.8V0.2,,11.24,1138
102276,Tc0.9V0.1,,11.32,1138
102277,Tc0.95V0.05,,10.99,1138
102292,Tc0.9W0.1,,10.4,1337
102293,Ti0.013V0.987,,12.8,1956
102405,Mo3S4Sn0.6,,14.2,614
102410,Mo6Pb0.92S7.5,,14.0,614
102440,Nb3Pt1,Cr3Si(A15),11.0,1410
102444,Nb1Ps1,,12.5,892
102457,Nb1Ru3,AuCu3,15.0,667
102461,Nb0.71Sn0.29,,18.3,1849
102483,Nb3Sn1,Cr3Si(A15),17.77,1603
102692,Si0.25V0.75,Cr3Si(A15),16.7,1933
102820,N1Nb1,,15.6,AAAAA
102917,C1Ta1,,10.2,AAAAA
102918,Nb0.4Ta0.6C1,,11.8,AAAAA
102920,Co0.44Mo0.56,,13.0,AAAAA
102921,C1Mo1,,13.0,AAAAA
103029,As3Pd5,,24.761,AAAAA
103117,Zr0.61Rh0.285O0.105,,11.8,AAAAA
103127,Mo0.3Tc0.7,,12.0,AAAAA
103253,Nb1Tc3,,10.5,AAAAA
103378,Nb3Sn2,,16.6,AAAAA
103482,V2.7Nb0.3Si1,,12.8,AAAAA
103483,V2.97Nb0.03Si1,,15.8,AAAAA
103485,V2.7Zr0.3Si1,,13.2,AAAAA
103486,V2.7Ti0.3Si1,,10.9,AAAAA
103487,V2.88Ce0.12Si1,,15.32,AAAAA
103488,V2.94La0.06Si1,,15.92,AAAAA
103489,V2.994La0.006Si1,,16.48,AAAAA
103493,V2.7Mn0.3Si1,,11.9,AAAAA
103494,V2.79Mn0.21Si1,,15.5,AAAAA
103495,V2.97Mn0.03Si1,,16.25,AAAAA
103500,V2.91Mo0.09Si1,,10.4,AAAAA
103501,V2.964Mo0.036Si1,,14.0,AAAAA
103502,V2.97Mo0.03Si1,,16.0,AAAAA
103504,V2.7Cr0.3Si1,,11.3,AAAAA
103505,V3Si0.76Be0.24,,15.6,AAAAA
103506,V3Si0.99Be0.01,,16.6,AAAAA
103507,V3Si0.9Ge0.1,,14.0,AAAAA
103508,V3Si0.1Ga0.9,,10.6,AAAAA
103511,V2.979Co0.021Si1,,16.4,AAAAA
103521,V3Si0.72Ga0.28,,10.5,AAAAA
103522,V3Si0.79Ga0.21,,10.7,AAAAA
103523,V3Si0.87Ga0.13,,13.3,AAAAA
103524,V3Si0.6Al0.4,,10.1,AAAAA
103525,V3Si0.76Al0.24,,11.2,AAAAA
103526,V3Si0.8Al0.2,,14.0,AAAAA
103527,V3Si0.98Al0.02,,16.12,AAAAA
103528,V3Si0.9Al0.1,,14.0,AAAAA
103529,V2.754Ti0.246Ga1,,13.4,AAAAA
103532,V2.67Ir0.33Jr1,,11.39,AAAAA
103533,V3Si0.986Sb0.014,,10.5,AAAAA
103537,V3Si0.8Sn0.2,,12.85,AAAAA
103541,V2.793Ni0.207Ga1,,11.9,AAAAA
103544,V2.928Re0.072Ga1,,10.8,AAAAA
103546,V2.883W0.117Ga1,,11.5,AAAAA
103547,V2.799Mo0.201Ga1,,11.7,AAAAA
103548,V2.799Cr0.201Ga1,,12.6,AAAAA
103549,V2.802Ta0.198Ga1,,12.3,AAAAA
103550,V2.814Nb0.186Ga1,,13.5,AAAAA
103553,V0.5Nb2.5Sn1,,14.2,AAAAA
103557,V3Ga0.975Bi0.025,,14.7,AAAAA
103559,V0.003Ga0.974Pb0.026,,13.2,AAAAA
103561,V3Ga0.957Ge0.043,,13.1,AAAAA
103562,V3Ga0.937In0.063,,11.5,AAAAA
103563,V3Ga0.994Cd0.006,,11.2,AAAAA
103564,V3Ga0.999Zn0.001,,10.2,AAAAA
103565,Nb3Sn0.8Ga0.2,,17.8,AAAAA
103566,Nb3Sn0.9Ga0.1,,18.1,AAAAA
103567,Nb2.85Mo0.15Al1,,13.4,AAAAA
103577,Nb3Rh0.02Au0.98,,11.9,AAAAA
103578,Nb3Rh0.05Au0.95,,11.0,AAAAA
103579,Nb3Rh0.1Au0.9,,10.8,AAAAA
103585,Nb3Sn0.81Ge0.19,,14.3,AAAAA
103586,Nb3Sn0.2Ga0.8,,13.1,AAAAA
103587,Nb3Sn0.4Ga0.6,,14.6,AAAAA
103588,Nb3Sn0.6Ga0.4,,16.0,AAAAA
103589,Nb3Sn0.98Al0.02,,17.9,AAAAA
103590,Nb1Ta2Sn1,,10.8,AAAAA
103591,Nb2Ta1Sn1,,16.4,AAAAA
103592,Nb2.5Ta0.5Sn1,,17.6,AAAAA
103593,Nb2.75Ta0.25Sn1,,17.8,AAAAA
103598,Nb2.7Mo0.3Al1,,11.4,AAAAA
103601,Nb3Sn0.1Al0.9,,16.1,AAAAA
103602,Nb3Sn0.2Al0.8,,14.6,AAAAA
103603,Nb3Sn0.4Al0.6,,13.6,AAAAA
103604,Nb3Sn0.5Al0.5,,16.3,AAAAA
103605,Nb3Sn0.6Al0.4,,15.1,AAAAA
103606,Nb3Sn0.61Al0.39,,14.1,AAAAA
103607,Nb3Sn0.8Al0.2,,16.9,AAAAA
103608,Nb3Sn0.81Al0.19,,14.6,AAAAA
103609,Nb3Sn0.9Al0.1,,18.4,AAAAA
103610,Nb3Sn0.92Al0.08,,17.9,AAAAA
103611,Nb3Sn0.94Al0.06,,18.0,AAAAA
103612,Nb3Sn0.96Al0.04,,18.0,AAAAA
103613,Nb3Al0.81Ge0.19,,17.6,AAAAA
103618,Nb3Sn0.35Sb0.65,,10.5,AAAAA
103619,Nb3Sn0.4Sb0.6,,12.4,AAAAA
103620,Nb3Sn0.6Sb0.4,,15.8,AAAAA
103621,Nb3Sn0.8Ge0.2,,18.0,AAAAA
103623,Nb3Sn0.5Ge0.5,,12.6,AAAAA
103624,Nb3Sn0.5Zr0.5,,16.5,AAAAA
103634,Nb3Al0.5Ge0.5,,12.6,AAAAA
103635,Nb3Al0.55Ge0.45,,11.7,AAAAA
103636,Nb3Al0.62Ge0.38,,17.2,AAAAA
103649,Nb77.3Sn18.1Al2.3Ge2.3,,13.0,AAAAA
103651,Nb2Ta0.5V0.5Sn1,,12.2,AAAAA
103661,Nb78.5Sn2.2Al9.6Ge9.6,,12.7,AAAAA
103662,Nb79.2Sn5.2Al5.2Ge10.4,,10.9,AAAAA
103664,Nb78.5Sn2.2Al12.8Ge6.5,,17.0,AAAAA
103665,Nb77.5Sn5.6Al11.3Ge5.6,,15.2,AAAAA
103666,Nb78.1Sn7.3Al7.3Ge7.3,,12.5,AAAAA
103667,Nb77.9Sn11.1Al5.5Ge5.5,,13.0,AAAAA
103668,Nb78.4Sn12.9Al2.2Ge6.5,,13.3,AAAAA
103669,Nb76Sn2.4Al19.2Ge2.4,,16.0,AAAAA
103670,Nb76.3Sn7.1Al14.3Ge2.3,,13.9,AAAAA
103671,Nb76.3Sn10.5Ge2.3Al10.9,,14.4,AAAAA
103672,Nb77Sn13.8Al6.9Ge2.3,,13.3,AAAAA
103678,Si21.75V69.43,,16.2,AAAAA
103679,Si23.27V75.15,,15.94,AAAAA
103680,Si22.5V75,,16.4,AAAAA
103681,Si23.8V74.65,,16.5,AAAAA
103699,Al0.8Ge0.2Nb3,Cr3Si(A15),20.7,AAAAA
103700,Al0.5Ge0.5Nb1,Cr3Si(A15),12.6,AAAAA
103764,B0.03C0.51Mo0.47,,12.5,AAAAA
103857,C1Mo2,,12.2,AAAAA
103866,C1Nb0.6W0.4,NaCl,12.5,AAAAA
103869,C1Nb1,,14.0,AAAAA
103873,C1Mo0.83Ti0.17,NaCl,10.2,AAAAA
103886,C1Ta1,,11.0,AAAAA
103984,Ge0.5Nb3Sn0.5,,11.3,AAAAA
104098,Mo0.6Re0.395,,10.6,AAAAA
104099,Mo0.57Re0.43,,14.0,AAAAA
104100,Mo0.52Re0.48,,11.1,AAAAA
104105,No0.824Nb1,NaCl,14.4,AAAAA
104106,No0.988Nb1,NaCl,14.9,AAAAA
104108,N1Nb1,,16.0,AAAAA
104125,N1Ta1,NaCl,12.0,AAAAA
104127,N0.93Nb0.85Zr0.15,NaCl,13.8,AAAAA
104128,N0.7Nb1,,11.3,AAAAA
104143,Nb0.8Sn0.2,Cr3Si(A15),18.18,AAAAA
104144,Nb3Sn1,Cr3Si(A15),18.05,AAAAA
104155,Nb1Tc3,alpha-Mn,10.5,AAAAA
104156,Nb2.5Sn1V0.5,Cr3Si(A15),14.2,AAAAA
104159,Nb2Sn1Ta0.5V0.5,Cr3Si(A15),12.2,AAAAA
104161,Nb2.75Sn1Ta0.25,Cr3Si(A15),17.8,AAAAA
104162,Nb2.5Sn1Ta0.5,Cr3Si(A15),17.6,AAAAA
104163,Nb2Sn1Ta1,Cr3Si(A15),16.4,AAAAA
104164,Nb1Sn1Ta2,Cr3Si(A15),10.8,AAAAA
104175,Nb0.66Zr0.33,,10.8,AAAAA
104176,Nb0.75Zr0.25,,10.8,AAAAA
104262,Rh1Zr2,CuAl2,10.8,AAAAA
104285,Si0.9V3Ge0.1,Cr3Si(A15),14.0,AAAAA
104286,Si1V2.7Cr0.3,Cr3Si(A15),11.3,AAAAA
104287,Si10.9V3C0.1,Cr3Si(A15),16.4,AAAAA
104288,Si10.9V3B0.1,Cr3Si(A15),15.8,AAAAA
104289,Si10.9V3Al0.1,Cr3Si(A15),14.05,AAAAA
104290,Si1V3,Cr3Si(A15),17.1,AAAAA
104304,Si1V2.7Zr0.3,Cr3Si(A15),13.2,AAAAA
104305,Si1V2.7Ti0.3,Cr3Si(A15),10.9,AAAAA
104307,Si1V2.7Nb0.3,Cr3Si(A15),12.8,AAAAA
104308,Mo0.3Si1,Cr3Si(A15),11.7,AAAAA
104342,C0.44M0.56,,12.5,AAAAA
104360,Mo0.5Re0.395,,10.6,AAAAA
104361,Mo0.52Re0.48,,11.1,AAAAA
104369,Nb1C0.9N0.1,,16.97,AAAAA
104370,Nb1C0.3N0.7,,17.8,AAAAA
104371,Nb1C0.28N0.78,,17.9,AAAAA
104372,Si22.5V75,,15.8,AAAAA
104376,N0.93Nb0.85Zr0.15,,13.8,AAAAA
104377,N1Nb1,,16.1,AAAAA
104378,N12.8Nb1,,16.1,AAAAA
104391,Nb0.8W0.2C1,,12.7,AAAAA
104392,Mo0.95Hf0.05C0.75,,14.2,AAAAA
104396,Nb50Ti5Zr45,,10.2,AAAAA
104397,Nb50Zr50,,10.2,AAAAA
104415,Nb46Zr36.1Ta17.9,,10.3,AAAAA
104416,Nb48.15Zr42.5Ta9.35,,10.4,AAAAA
104417,Nb50Zr25Hf25,,10.1,AAAAA
104418,Nb50Zr40Hf10,,10.1,AAAAA
105006,Sn1Mo6S8,Chevrel,10.5,3SC800089
105009,Pb1Mo6S8,Chevrel,12.7,3SC800079
105010,Sn0.5Eu0.5Mo6S8,Chevrel,10.2,3SC800079
105016,Y1Ni2B2C1,LuNi2B2C,15.5,PHC2330367
105017,La1Pt2B2C1,LuNi2B2C,10.5,PR04912384
105020,Y1Pt2B2C1,,10.5,PR04912384
105021,La3Ni2B2N3,,12.3,NAT3720245
105031,Sc0.5Lu0.5Ni2B2C1,LuNi2B2C,15.6,PR05100420
105032,La0.5Lu0.5Ni2B2C1,LuNi2B2C,14.8,PR05100420
105033,Lu1Ni2B2C1,LuNi2B2C,16.6,PR05100420
105038,Tm1Ni2B2C1,LuNi2B2C,11.1,PR05100420
105043,Y1Ni2B2C1,LuNi2B2C,15.3,PR05100489
105044,Er1Ni2B2C1,LuNi2B2C,10.3,PR05100489
105047,Lu1Ni2B2C1,LuNi2B2C,16.6,PHC2280389
105048,Y1Ni2B2C1,LuNi2B2C,15.6,PHC2280389
105049,Y1Pd5B3C0.3,,23.0,PHC2280389
105050,Y1Ni2B2C1,LuNi2B2C,14.6,PHC2270381
105051,Tm1Ni2B2C1,LuNi2B2C,10.2,PHC2270381
105052,Y1Ni2B2C1,LuNi2B2C,14.5,PHC2270321
105053,Y1Ni1.94Co0.06B2C1,LuNi2B2C,11.5,PHC2430183
105058,Y1Ni1.98Ru0.02B2C1,LuNi2B2C,12.8,PHC2430183
105065,Y1Ni2B2C1,LuNi2B2C,15.0,PHC2330273
105066,Y1Pd5B3C0.3,,23.0,PHC2300435
105067,Y1Pd4.2B3C0.3,,24.0,PHC2300435
105069,Y1Ni2Pd,,16.3,PHC2300435
105070,Y1Ni1.8Pd0.2B2C1,LuNi2B2C,14.0,PHC2300435
105071,Y1Ni1.5Pd0.5B2C1,LuNi2B2C,12.1,PHC2300435
105072,Y1Ni1.3Pd0.7B2C1,LuNi2B2C,12.1,PHC2300435
105073,Y1Ni1Pd1B2C1,LuNi2B2C,11.8,PHC2300435
105074,Y1Ni0.8Pd1.2B2C1,LuNi2B2C,11.8,PHC2300435
105075,Y1Pd3B3C0.3,,22.0,PHC2270063
105076,Y1Ni2B2C1,LuNi2B2C,15.5,PHC2280319
105077,La1Pt1.5Au0.6B2C1,,10.2,PHC2260170
106010,Zr1Ru1P1,,13.0,PCH0570211
106020,La1Ru4As12,skutterudite,10.3,PR05607866
106026,C1.35La1,Pu2C3,11.0,LTP0540149
106027,La1.9Th0.1C1.35,Pu2C3,12.7,LTP0540149
106029,Y0.7Th0.3C1.35,Pu2C3,17.0,LTP0540149
106033,Hf1N1Cl1,CdCl2,25.5,NAT3920580
106034,Zr1N1Cl1,,13.0,NAT3920580
106036,Y1Pd4B1C0.2,,21.0,SSC0920341
106043,Y1Ni2B2C1,LuNi2B2C,13.8,PHC2510183
106055,Lu1Ni2B2C1,LuNi2B2C,15.9,PRL0770163
106056,Lu0.8Dy0.2Ni2B2C1,LuNi2B2C,11.8,PRL0770163
106084,Er1Ni2B2C1,LuNi2B2C,10.8,PR05600437
106087,Y1Ni2B2C1,LuNi2B2C,15.5,PR05506584
106094,Er1Ni2B2C1,LuNi2B2C,11.0,PR05506584
106095,Tm1Ni2B2C1,LuNi2B2C,11.0,PR05506584
106101,Y1Ni1.94Co0.06B2C1,LuNi2B2C,12.1,PHC2520199
106103,Y1Ni2B2C1,LuNi2B2C,15.3,PHC2520199
106112,Y1Ni2B2C1,LuNi2B2C,15.6,PHC3080243
106113,Y0.9Tb0.1Ni2B2C1,LuNi2B2C,12.7,PHC3080243
106114,Y0.8Tb0.2Ni2B2C1,LuNi2B2C,11.0,PHC3080243
106131,La0.88Mo6Se8,Chevrel,10.25,JSC1360151
106132,La0.94Mo6Se8,Chevrel,11.0,JSC1360151
106133,La0.94Mo6Se8,Chevrel,11.0,JSC1360160
106141,Sn0.875Mo6S8,Chevrel,14.048,LTP0690203
106142,W0.25Sn0.875Mo6S8,Chevrel,13.635,LTP0690203
106146,La1Pt1.5Au0.6B2.4C1.2,,11.0,PHC2550019
106151,Y1Ni2B2C1,LuNi2B2C,15.4,PHC2530048
106152,Lu1Ni2B2C1,LuNi2B2C,15.7,PHC2530048
106153,Y1Ni2B2C1,LuNi2B2C,15.48,PHC2450159
106154,Y1Ni2B2C1,LuNi2B2C,15.48,PHC2450159
106155,Y1Pd5B3C0.3,,23.32,PHC2450159
106157,Y1Ni2B2C1,LuNi2B2C,15.5,PHC2460317
106164,Y1Ni1.98Co0.02B2C1,LuNi2B2C,14.3,PHC2460317
106172,La3Ni2B2N3,,12.3,NAT3720245
106175,Y1Ni2B2C1,LuNi2B2C,15.45,PHC2490271
106176,Er1Ni2B2C1,LuNi2B2C,10.5,PHC2540124
106178,Lu1Ni2B2C1,LuNi2B2C,16.0,PR05403772
106179,Y1Ni2B2C1,LuNi2B2C,15.4,PHC2660027
106180,Ho0.25Y0.75Ni2B2C1,LuNi2B2C,13.8,PHC2660027
106181,Ho0.5Y0.5Ni2B2C1,LuNi2B2C,11.6,PHC2660027
106182,Ho0.75Y0.25Ni2B2C1,LuNi2B2C,10.2,PHC2660027
106186,Er1Ni2B2C1,LuNi2B2C,10.4,PR05000647
106187,Tm1Ni2B2C1,LuNi2B2C,10.9,PR05000647
106190,Lu1Ni2B2C1,LuNi2B2C,16.6,PR05000647
106191,Y1Ni2B2C1,LuNi2B2C,15.76,PHC2420169
106193,Er1Ni2B2C1,LuNi2B2C,10.96,PHC2420169
106194,Tm1Ni2B2C1,LuNi2B2C,10.88,PHC2420169
106195,C60K3,fullerene,20.0,PR05406865
106196,C60Rb3,fullerene,30.5,PR05406865
106198,Li2Na1N1C60,fullerene,12.0,PHC2590265
106199,Na4H4C60,fullerene,15.0,SSC0990479
106200,Ca1,,15.0,JPS0651924
106207,Lu1Ni2B2C1,LuNi2B2C,16.6,PR05508497
106208,Lu1Ni1.97Co0.06B2C1,LuNi2B2C,14.0,PR05508497
106214,Er1Ni2B2C1,LuNi2B2C,10.6,PR05508497
106219,Lu1Ni1.991Co0.018B2C1,LuNi2B2C,15.6,PR05508497
106220,Lu1Ni1.95Co0.1B2C1,LuNi2B2C,12.3,PR05508497
106221,Lu1Ni1.93Co0.14B2C1,LuNi2B2C,10.5,PR05508497
106227,Tm1Ni2B2C1,LuNi2B2C,11.0,PR05508497
106228,Tm1Ni1.99Co0.02B2C1,LuNi2B2C,10.3,PR05508497
106249,Y1Ni2B2C1,LuNi2B2C,15.6,PR05508506
106250,Lu1Ni2B2C1,LuNi2B2C,16.1,PR05508506
106254,Y1Ni2B2C1,LuNi2B2C,14.91,PHC3120035
106255,Lu1Ni2B2C1,LuNi2B2C,15.75,PHC3120035
106259,La3Ni2B2N3,,13.2,NAT3720759
106260,Y1Pd2B2C1,LuNi2B2C,22.6,PHC3210108
106273,C60Rb3,fullerene,30.8,PRL0830404
106296,Y1Ni2B2C1,LuNi2B2C,14.5,SSC0930021
106298,Y1Pd2B2C1,,22.6,PHC3210108
106318,Er1Ni2B2C1,LuNi2B2C,11.0,PR05506584
106319,Tm1Ni2B2C1,LuNi2B2C,11.0,PR05506584
108000,Al0.24Nb0.76,Cr3Si(A15),18.7,LTP0510179
108001,Al0.24Nb0.76,Cr3Si(A15),16.9,LTP0510179
108004,Al1Nb3,Cr3Si(A15),16.84,PR0291189
108005,Al1Nb3,Cr3Si(A15),18.45,PR0291189
108006,Nb3Sn1,Cr3Si(A15),18.0,LTP0480503
108007,Al1Nb3,Cr3Si(A15),18.2,LTP0480503
108012,La1Mo6Se8,Chevrel,11.6,LTP0480503
108018,Sn1Mo6S8,Chevrel,11.7,LTP0480503
108019,Pb1Mo6S8,Chevrel,13.7,LTP0480503
108022,Mo6S6Br2,Chevrel,13.0,LTP0480503
108023,Mo6S6I2,Chevrel,13.0,LTP0480503
108026,Al1Nb3,Cr3Si(A15),18.7,PR0243794
108027,Al1Nb3,Cr3Si(A15),17.9,PR0243794
108029,Al0.245Nb0.725,Cr3Si(A15),18.4,APL0470640
108030,Nb0.747Al0.239Si0.014,Cr3Si(A15),18.0,APL0470640
108031,Nb0.758Al0.174Ge0.069,Cr3Si(A15),19.7,APL0470640
108032,Al1Nb3,Cr3Si(A15),18.6,LTP0560051
108033,Al1Nb3,Cr3Si(A15),18.7,SLB0750423
108034,Nb2.97Zr0.03Al1,Cr3Si(A15),17.4,LTP0560051
108035,Nb2.91Zr0.09Al1,Cr3Si(A15),14.6,LTP0560051
108036,Nb3Al0.75Ge0.25,Cr3Si(A15),19.8,LTP0560051
108037,Nb3Al0.75Ga0.3,Cr3Si(A15),19.1,LTP0560051
108038,Nb2.9925Zr0.0075Al1,Cr3Si(A15),17.6,LTP0560051
108039,Nb2.973Zr0.027Al1,Cr3Si(A15),16.6,LTP0560051
108040,Nb2.927Zr0.073Al1,Cr3Si(A15),14.8,LTP0560051
108041,Nb2.859Zr0.141Al1,Cr3Si(A15),13.6,LTP0560051
108042,Nb2.985Hf0.015Al1,Cr3Si(A15),18.0,LTP0560051
108043,Nb2.919Hf0.081Al1,Cr3Si(A15),16.5,LTP0560051
108044,Nb2.85Hf0.15Al1,Cr3Si(A15),14.4,LTP0560051
108045,Nb2.976Ti0.024Al1,Cr3Si(A15),17.7,LTP0560051
108046,Nb2.9175Ti0.0825Al1,Cr3Si(A15),16.0,LTP0560051
108047,Nb2.88Ti0.12Al1,Cr3Si(A15),15.0,LTP0560051
108048,Nb2.778Ti0.222Al1,Cr3Si(A15),13.0,LTP0560051
108049,Nb2.73Ti0.27Al1,Cr3Si(A15),11.5,LTP0560051
108051,Nb2.97W0.03Al1,Cr3Si(A15),18.0,LTP0560051
108052,Nb2.94W0.06Al1,Cr3Si(A15),17.2,LTP0560051
108053,Nb2.895W0.105Al1,Cr3Si(A15),16.0,LTP0560051
108054,Nb2.85W0.15Al1,Cr3Si(A15),15.2,LTP0560051
108055,Nb2.85Mo0.15Al1,Cr3Si(A15),15.5,LTP0560051
108056,Nb2.775Mo0.225Al1,Cr3Si(A15),13.8,LTP0560051
108057,Nb2.7Mo0.3Al1,Cr3Si(A15),12.3,LTP0560051
108058,Nb2.94Ta0.06Al1,Cr3Si(A15),17.7,LTP0560051
108059,Nb2.85Ta0.15Al1,Cr3Si(A15),16.8,LTP0560051
108060,Nb2.739Ta0.261Al1,Cr3Si(A15),15.4,LTP0560051
108061,Nb2.64Ta0.36Al1,Cr3Si(A15),14.5,LTP0560051
108062,Nb2.859V0.141Al1,Cr3Si(A15),17.2,LTP0560051
108063,Nb2.706V0.294Al1,Cr3Si(A15),15.6,LTP0560051
108064,Nb2.55V0.45Al1,Cr3Si(A15),14.0,LTP0560051
108065,Nb3Al0.98Se0.02,Cr3Si(A15),18.4,LTP0560051
108066,Nb3Al0.967Se0.033,Cr3Si(A15),18.1,LTP0560051
108067,Nb3Al0.952Se0.048,Cr3Si(A15),18.0,LTP0560051
108068,Nb3Al0.94Se0.06,Cr3Si(A15),17.8,LTP0560051
108069,Nb3Al0.924Se0.076,Cr3Si(A15),17.6,LTP0560051
108070,Nb3Al0.9Se0.1,Cr3Si(A15),17.6,LTP0560051
108071,Nb3Al0.985Si0.015,Cr3Si(A15),18.6,LTP0560051
108072,Nb3Al0.975Si0.025,Cr3Si(A15),18.5,LTP0560051
108073,Nb3Al0.964Si0.036,Cr3Si(A15),18.4,LTP0560051
108074,Nb3Al0.956Si0.044,Cr3Si(A15),18.5,LTP0560051
108075,Nb3Al0.945Si0.055,Cr3Si(A15),18.4,LTP0560051
108076,Nb3Al0.935Si0.065,Cr3Si(A15),18.4,LTP0560051
108077,Nb3Al0.983Ga0.017,Cr3Si(A15),18.8,LTP0560051
108078,Nb3Al0.967Ga0.033,Cr3Si(A15),19.0,LTP0560051
108079,Nb3Al0.95Ga0.05,Cr3Si(A15),19.2,LTP0560051
108080,Nb3Al0.927Ga0.073,Cr3Si(A15),19.2,LTP0560051
108081,Nb3Al0.907Ga0.093,Cr3Si(A15),19.1,LTP0560051
108082,Nb3Al0.991Ge0.009,Cr3Si(A15),19.0,LTP0560051
108083,Nb3Al0.98Ge0.02,Cr3Si(A15),19.3,LTP0560051
108084,Nb3Al0.97Ge0.03,Cr3Si(A15),19.6,LTP0560051
108085,Tm1Ni2B2C1,LuNi2B2C,10.9,PR05600437
108086,Nb3Al0.96Ge0.04,Cr3Si(A15),19.8,LTP0560051
108087,Nb3Al0.95Ge0.05,Cr3Si(A15),20.0,LTP0560051
108088,Nb3Al0.94Ge0.06,Cr3Si(A15),20.0,LTP0560051
108089,Nb3Al0.93Ge0.07,Cr3Si(A15),20.0,LTP0560051
108090,Nb3Al0.92Ge0.08,Cr3Si(A15),19.9,LTP0560051
108091,Nb3Al0.91Ge0.09,Cr3Si(A15),19.8,LTP0560051
108092,Ga0.32Nb0.68,,20.2,PLA0380323
108093,Ga0.245Nb0.755,,20.2,PLA0380323
108094,Ga0.3Nb0.7,,16.3,PLA0380323
108095,Ga0.19Nb0.81,,13.3,PLA0380323
108096,Nb3Al0.5Ga0.5,Cr3Si(A15),19.0,PLA0380323
108097,Al1Nb3,Cr3Si(A15),18.6,PLA0380323
108098,Nb0.79Al0.164Ga0.057,Cr3Si(A15),20.7,PLA0380323
108099,Nb3Al0.9B0.1,Cr3Si(A15),19.8,JPS0350108
108100,Nb3Al0.8B0.2,Cr3Si(A15),17.8,JPS0350108
108101,Al1Nb3,Cr3Si(A15),17.8,JPS0350108
108102,Nb3Al0.95Be0.05,Cr3Si(A15),19.8,JPS0350108
108103,Nb3Al0.9Be0.1,Cr3Si(A15),19.8,JPS0350108
108104,Nb3Al0.8Be0.2,Cr3Si(A15),17.0,JPS0350108
108105,Nb3Al0.7Be0.3,Cr3Si(A15),14.0,JPS0350108
108106,Rh1Zr2,CuAl2,11.2,PHC3070245
108107,Zr2Rh1H0.08,CuAl2,11.1,PHC3070245
108108,Zr2Rh1H0.1,CuAl2,10.8,PHC3070245
108111,C60Rb3,fullerene,31.0,PHC3070079
108112,Nb0.75Al0.19Ge0.06,Cr3Si(A15),20.9,PSS0770759
108137,Rh1Zr2,CuAl2,11.2,PHC2260385
108166,Er1Ni2B2C1,LuNi2B2C,11.0,JSP0692708
108176,Y2C2Br0.5!1.5,,11.6,PR06214469
108193,Zr1Ru1P1,,13.0,PSC0570211
109000,Nb0.75Al0.225Ga0.025,Cr3Si(A15),19.1,LB80MAT1
109001,Nb0.75Al0.16Ga0.09,Cr3Si(A15),19.45,LB82LEV1
109002,Nb0.75Al0.175Ga0.075,Cr3Si(A15),19.1,LTP0560051
109003,Nb0.75Al0.2Ge0.05,Cr3Si(A15),16.5,MSE0990195
109004,Nb0.75Al0.185Ge0.065,Cr3Si(A15),20.26,SSC0580277
109005,Nb0.75Al0.1875Ge0.0625,,20.0,JPF0161299
109006,Nb0.75Al0.02Ge0.05,,19.8,APL0490046
109007,Nb0.75Al0.19Ge0.06,Cr3Si(A15),20.0,APL0470640
109008,Nb0.75Al0.18Ge0.07,Cr3Si(A15),19.8,LTP0560051
109009,Nb0.79Al0.16Ge0.05,,21.0,BL83BAR1
109010,Nb0.75Al0.175Ge0.075,,17.9,BL83PLE1
109011,Nb0.75Al0.2Ge0.05,Cr3Si(A15),18.6,EEE0190414
109012,Nb0.75Al0.2Ge0.05,Cr3Si(A15),20.0,BL81DUK1
109013,Nb0.75Al0.21Ge0.04,Cr3Si(A15),20.0,SSC0280005
109014,Nb0.75Al0.2Ge0.05,Cr3Si(A15),18.5,SSC0210519
109015,Nb0.75Al0.2Ge0.05,Cr3Si(A15),19.7,SSC0210519
109016,Al0.25Nb0.75,Cr3Si(A15),18.6,PSS0770129
109017,Nb0.75Al0.23Ge0.02,Cr3Si(A15),19.2,PSS0770129
109018,Nb0.75Al0.21Ge0.04,Cr3Si(A15),19.7,PSS0770129
109019,Nb0.75Al0.19Ge0.06,Cr3Si(A15),20.0,PSS0770129
109020,Nb0.75Al0.17Ge0.08,Cr3Si(A15),19.8,PSS0770129
109021,Nb0.75Al0.16Ge0.09,Cr3Si(A15),19.7,PSS0770129
109022,Nb0.768Al0.146Ge0.086,Cr3Si(A15),17.4,JET0380525
109023,Nb0.76Al0.18Ge0.06,Cr3Si(A15),17.88,JET0380525
109024,Nb0.75Al0.225Ge0.025,Cr3Si(A15),17.9,JET0380525
109025,Nb0.75Al0.2Ge0.05,Cr3Si(A15),15.0,BL72ASH1
109028,Nb0.75Al0.178Ge0.072,Cr3Si(A15),20.1,ZPS2150323
109029,Nb0.73Al0.255Si0.015,,18.7,APL0470640
109030,Al0.25Nb0.75,Cr3Si(A15),17.1,LB74YAS1
109031,Nb0.75Al0.225Si0.025,Cr3Si(A15),16.4,LB74YAS1
109032,Nb0.75Al0.2Si0.05,Cr3Si(A15),15.4,LB74YAS1
109033,Nb0.75Al0.15Si0.1,Cr3Si(A15),15.4,LB74YAS1
109034,Nb0.7275Zr0.0225Al0.25,Cr3Si(A15),14.6,LTP0560051
109035,Nb0.7425Zr0.0075Al0.25,Cr3Si(A15),17.4,LTP0560051
109044,Au1Nb3,,11.1,LB84PER1
109046,Au1Nb3,Cr3Si(A15),10.6,JAP0414958
109048,Au1Nb3,Cr3Si(A15),10.8,PLA0300170
109049,Au1Nb3,Cr3Si(A15),10.7,SSC0300723
109050,Au0.242Nb0.758,Cr3Si(A15),10.56,SSC0480125
109051,Au0.24Nb0.76,Cr3Si(A15),10.56,SSC0210239
109054,Au0.24Nb0.76,Cr3Si(A15),11.0,LB74MUL1
109055,Au0.25Nb0.75,Cr3Si(A15),11.0,LB74MUL1
109056,Au1Nb3,Cr3Si(A15),11.08,LTP0060171
109057,Au1Nb3,Cr3Si(A15),11.23,LTP0060171
109059,Nb0.75Au0.175Pt0.075,Cr3Si(A15),12.9,LB80FLU1
109060,Nb0.75Au0.175Pt0.075,Cr3Si(A15),12.8,PLA0300170
109063,C0.98Nb1,,11.8,LB87GUS1
109065,C1Nb1,NaCl,10.95,APL0190090
109071,C0.985Nb1,,12.0,APL0060183
109072,C1Nb1,,10.5,LB78KAR1
109073,C1Nb1,NaCl,11.2,APL0360856
109075,Nb0.71Mo0.29C1,NaCl,13.45,JTL0410115
109079,Ga0.251Nb0.749,Cr3Si(A15),19.9,MRB0120657
109080,Ga1Nb3,Cr3Si(A15),20.1,SSC0331015
109081,Ga0.25Nb0.75,Cr3Si(A15),20.0,LB75FON1
109082,Ga0.19Nb0.81,Cr3Si(A15),13.3,PLA0380323
109083,Ga0.245Nb0.755,Cr3Si(A15),20.2,PLA0380323
109084,Ga1Nb3,Cr3Si(A15),14.5,LTP0060171
109089,Ge1Nb3,Cr3Si(A15),15.7,JTL0260394
109090,Ge1Nb3,,19.4,JTL0260394
109091,Ge1Nb3,,15.7,JTL0260394
109093,Ge1Nb3,Cr3Si(A15),16.7,SSC0460197
109095,Ge1Nb3,Cr3Si(A15),21.2,PR0204538
109098,Ge1Nb3,Cr3Si(A15),21.8,SSC0260417
109100,Ge1Nb3,Cr3Si(A15),21.2,LES0430005
109200,Ga0.2Nb0.8,Cr3Si(A15),15.3,PSS0630693
109201,Nb0.8Ga0.19Ni0.01,Cr3Si(A15),14.1,PSS0630693
109202,Nb0.8Ga0.18Ni0.02,Cr3Si(A15),12.4,PSS0630693
109203,Nb0.8Ga0.17Ni0.03,Cr3Si(A15),11.8,PSS0630693
109204,Nb0.8Ga0.16Ni0.04,Cr3Si(A15),10.6,PSS0630693
109208,Nb0.8Ga0.195Cr0.005,Cr3Si(A15),14.9,PSS0630693
109209,Nb0.8Ga0.19Cr0.01,Cr3Si(A15),13.6,PSS0630693
109210,Nb0.8Ga0.18Cr0.02,Cr3Si(A15),13.1,PSS0630693
109212,Nb0.8Ga0.17Cr0.03,Cr3Si(A15),11.5,PSS0630693
109213,Nb0.8Ga0.16Cr0.04,Cr3Si(A15),10.6,PSS0630693
109216,Ga25Nb75,Cr3Si(A15),17.6,PSS0640771
109217,Nb75Ga15Al10,Cr3Si(A15),18.55,PSS0640771
109218,Nb75Ga10Al15,Cr3Si(A15),17.2,PSS0640771
109219,Nb75Ga7.5Al17.5,Cr3Si(A15),18.3,PSS0640771
109220,Nb75Ga5Al20,Cr3Si(A15),18.25,PSS0640771
109221,Al25Nb75,Cr3Si(A15),17.5,PSS0640771
109222,Nb1C0.5Ni0.5,NaCl,17.3,PR1401581
109223,C0.98Nb1,NaCl,11.8,SPS0291082
109224,C0.99Nb1,NaCl,10.6,SPS0291082
109229,Nb0.95Mo0.05C1,NaCl,12.1,JET0410115
109230,Nb0.85Mo0.15C1,NaCl,12.7,JET0410115
109231,Nb0.71Mo0.29C1,NaCl,13.45,JET0410115
109232,Nb0.51Mo0.49C1,NaCl,12.22,JET0410115
109233,Nb0.3Mo0.7C1,NaCl,12.1,JET0410115
109234,Nb0.15Mo0.85C1,NaCl,11.673,JET0410115
109235,Ga20Nb80,Cr3Si(A15),15.4,PSS0620413
109236,Nb80Ga19Co1,Cr3Si(A15),13.7,PSS0620413
109237,Nb80Ga18Co2,Cr3Si(A15),12.2,PSS0620413
109238,Nb80Ga17Co3,Cr3Si(A15),11.0,PSS0620413
109243,Ga20Nb80,Cr3Si(A15),18.2,LB78SOS1
109250,Ga20Nb80,Cr3Si(A15),15.2,PSS0570337
109251,Nb80Ga19Mn1,Cr3Si(A15),11.2,PSS0570337
109256,Ga22Nb78,Cr3Si(A15),15.6,PSS0570337
109257,Nb78Ga21Mn1,Cr3Si(A15),11.2,PSS0570337
109262,Al1Nb3,Cr3Si(A15),17.5,JET0380525
109263,Nb3Al0.9Ge0.1,Cr3Si(A15),18.4,JET0380525
109264,Nb3.05Al0.7125Ge0.19,Cr3Si(A15),17.9,JET0380525
109265,Nb3.07Al0.5859Ge0.279,Cr3Si(A15),17.4,JET0380525
109266,Nb3.2Al0.24Ge0.4,Cr3Si(A15),10.2,JET0380525
109268,Nb2.96Al0.7592Ge0.3224,Cr3Si(A15),19.8,JET0380525
109269,Al1Nb3,Cr3Si(A15),17.11,JET0380525
109271,Al1Nb3,Cr3Si(A15),18.8,PSS0770759
109272,Nb3Al0.9Ge0.1,Cr3Si(A15),19.7,PSS0770759
109273,Nb3Al0.83Ge0.17,Cr3Si(A15),19.6,PSS0770759
109274,Nb3Al0.76Ge0.24,Cr3Si(A15),20.4,PSS0770759
109275,Nb3Al0.71Ge0.29,Cr3Si(A15),20.7,PSS0770759
109276,Nb3Al0.66Ge0.34,Cr3Si(A15),20.4,PSS0770759
109277,Nb3Al0.5Ge0.5,Cr3Si(A15),15.9,PSS0770759
109287,Nb80Ga17.5Cr2.5,Cr3Si(A15),12.5,PSS0630693
109288,Lu1Ni2B2C1,LuNi2B2C,16.6,PRL0860320
109289,Er1Ni2B2C1,LuNi2B2C,10.5,PRL0860320
109294,Na2Cs1C60,fullerene,10.5,NAT3620433
109295,N4H12Na2Cs1C60,fullerene,29.6,NAT3620433
109306,N0.75H2.25Na1K2C60,fullerene,11.8,EPL0530762
109308,N0.74H2.22Na1Rb2C60,fullerene,17.0,PR05415653
109309,N0.86H2.58Na1Rb2C60,fullerene,12.0,PR05415653
109311,N0.84H2.52Na1K2C60,fullerene,13.0,PR05415653
109312,N0.87H2.61Na1K2C60,fullerene,11.0,PR05415653
109319,B2Mg1,AlB2,38.8,MAT0103169
109320,Mg1B1.8C0.2,AlB2,41.0,MAT0103169
109321,B2Mg1,AlB2,37.4,MAT0103077
109322,Mg0.9Li0.1B2,AlB2,37.4,MAT0103077
109323,Mg0.7Li0.3B2,AlB2,32.1,MAT0103077
109325,B2Mg1,AlB2,39.2,PRL0861877
109326,B2Mg1,AlB2,40.2,PRL0861877
109327,B2Mg1,AlB2,39.4,MAT0102289
109328,B2Mg1,AlB2,39.2,MAT0104303
109329,B2Mg1,AlB2,40.25,MAT0104242
109330,B2Mg1,AlB2,40.23,MAT0104242
109331,B2Mg1,AlB2,40.21,MAT0104242
109332,B2Mg1,AlB2,38.7,MAT0104206
109335,Y1Ni2B2C1,LuNi2B2C,16.01,P063104508
109336,Y0.9Lu0.1Ni2B2C1,LuNi2B2C,15.56,P063104508
109337,Y0.5Lu0.5Ni2B2C1,LuNi2B2C,14.9,P063104508
109338,Y0.2Lu0.8Ni2B2C1,LuNi2B2C,14.68,P063104508
109339,Lu1Ni2B2C1,LuNi2B2C,15.45,P063104508
109340,La3Ni2B2N3,,11.73,P063104508
109341,Y1Ni2B2C1,LuNi2B2C,15.41,P063144528
109342,Y0.95Tb0.05Ni2B2C1,LuNi2B2C,14.42,P063144528
109343,Y0.9Tb0.1Ni2B2C1,LuNi2B2C,13.48,P063144528
109344,Y0.85Tb0.15Ni2B2C1,LuNi2B2C,12.54,P063144528
109345,Y0.8Tb0.2Ni2B2C1,LuNi2B2C,11.43,P063144528
109346,Y0.75Tb0.25Ni2B2C1,LuNi2B2C,10.02,P063144528
109353,Lu1Ni2B2C1,LuNi2B2C,16.2,P063134519
109357,B2Mg1,AlB2,39.0,NAT4100063
109359,B2Mg1,AlB2,40.2,PRL0862420
109390,B2Mg1,AlB2,39.5,MAT0102413
109403,B2Mg1,AlB2,39.5,PRL0864915
109404,B2Mg1,AlB2,39.0,PRL0864374
109409,B2Mg1,AlB2,38.6,MAT0105271
109414,B2Mg1,AlB2,38.7,MAT0105429
109415,Y1Ni2B2C1,LuNi2B2C,14.25,PR05216165
109416,Lu1Ni2B2C1,LuNi2B2C,16.1,PR05216165
109418,La1Pt1.5Au0.5B2C1,LuNi2B2C,10.65,PR05216165
109420,B2Mg1,AlB2,39.0,MAT0102167
109422,B2Mg1,AlB2,37.5,PRL0865582
109423,B2Mg1,AlB2,39.0,P063220504
109424,B2Mg1,AlB2,38.5,P064012507
109425,B2Mg1,AlB2,38.2,P063220505
109455,B2Mg1,AlB2,39.0,NAT4100343
109456,Mg0.9Al0.1B2,AlB2,36.0,NAT4100343
109457,Mg0.8Al0.2B2,AlB2,36.0,NAT4100343
109459,B2Mg1,AlB2,39.0,P063224522
109460,B2Mg1,AlB2,39.0,P063220508
109467,Na2Cs1C60,fullerene,10.5,ASD0010151
109468,Na2Cs1C60,fullerene,14.0,ASD0010151
109469,C60K3,fullerene,19.3,ASD0010151
109470,K2Rb1C60,fullerene,21.8,ASD0010151
109471,Rb2K1C60,fullerene,24.4,ASD0010151
109472,Rb2K1C60,fullerene,26.4,ASD0010151
109473,C60Rb3,fullerene,29.4,ASD0010151
109474,Rb2Cs1C60,fullerene,31.3,ASD0010151
109475,C60Rb3,fullerene,29.6,PRL0681228
109476,C60K3,fullerene,19.3,PRL0681228
109477,Na2Cs1C60,,12.0,PR05003466
109478,C60Rb3,fullerene,29.5,PR05003466
109489,Mg0.7Be0.3B2,AlB2,39.0,PHC3530011
109491,C60Rb3,fullerene,28.6,PLA1640355
109492,C60K3,fullerene,20.0,PLA1640355
109493,C60K3,fullerene,18.0,PR0465880
109494,C60Rb3,fullerene,30.0,PR0465880
109495,C60K3,fullerene,18.7,PR0465876
109496,Na3N1C60,fullerene,14.7,SSC0870375
109498,C60Rb3,fullerene,30.0,PHC2280175
109499,C60Cs3,fullerene,18.0,SSC0930327
109501,C60K3,fullerene,19.5,PR04614936
109502,C60Rb3,fullerene,28.4,PR04614936
109539,Ca1Si2,AlB2,14.0,PR06103800
109552,B2Mg1,AlB2,39.0,P064060506
109554,B2Mg1,AlB2,39.0,MAT0106166
109555,B2Mg1,AlB2,39.0,MAT0108107
109556,B2Mg1,AlB2,39.5,MAT0106585
109557,B2Mg1,AlB2,37.3,MAT0105475
109559,B2Mg1,AlB2,37.5,MAT0107205
109560,B2Mg1,AlB2,37.5,P064094514
109561,B2Mg1,AlB2,39.0,P064094522
109568,Lu1Ni2B2C1,LuNi2B2C,14.2,P064100505
109570,B2Mg1,AlB2,39.6,P064132509
109571,B2Mg1,AlB2,38.3,P064134513
109572,Mg1B1.98C0.02,AlB2,37.2,P064134513
109573,Mg1B1.96C0.04,AlB2,36.1,P064134513
109574,Mg1B1.94C0.06,AlB2,34.8,P064134513
109575,Mg1B1.9C0.1,AlB2,34.0,P064134513
109577,B2Mg1,AlB2,40.0,NAT4110457
109578,B2Mg1,AlB2,40.0,NAT4110457
109579,B2Mg1,AlB2,37.5,NAT4110561
109580,B2Mg1,AlB2,39.0,EPJ0210159
109582,B2Mg1,AlB2,38.0,NAT4100343
109583,Mg0.97Al0.03B2,AlB2,37.3,NAT4100343
109584,Mg0.94Al0.06B2,AlB2,37.0,NAT4100343
109585,Mg0.9Al0.1B2,AlB2,36.0,NAT4100343
109586,Mg0.86Al0.14B2,AlB2,35.1,NAT4100343
109587,Mg0.82Al0.18B2,AlB2,33.5,NAT4100343
109588,Mg0.8Al0.2B2,AlB2,33.0,NAT4100343
109589,Mg0.75Al0.25B2,AlB2,32.4,NAT4100343
109590,Mg0.7Al0.3B2,AlB2,27.1,NAT4100343
109591,Mg0.6Al0.4B2,AlB2,12.2,NAT4100343
109592,B2Mg1,AlB2,38.0,JPS0701889
109593,Mg0.99Mn0.01B2,AlB2,36.2,JPS0701889
109594,Mg0.98Mn0.02B2,AlB2,34.5,JPS0701889
109595,Mg0.97Mn0.03B2,AlB2,33.3,JPS0701889
109596,Mg0.96Mn0.04B2,AlB2,32.3,JPS0701889
109597,Mg0.95Mn0.05B2,AlB2,30.0,JPS0701889
109599,B2Mg1,AlB2,38.6,SCI2920075
109603,B2Mg1,AlB2,39.0,JET0730570
109605,C60Rb3,fullerene,29.6,SCI2550833
109606,C60K3,fullerene,19.3,SCI2550833
109613,Rb1Cs2C60,fullerene,33.0,NAT3560419
109614,Rb2Cs1C60,fullerene,31.0,NAT3560419
109615,C60Rb3,fullerene,29.0,NAT3560419
109616,K1Rb2C60,fullerene,27.0,NAT3560419
109617,K2Cs1C60,fullerene,24.0,NAT3560419
109618,K2Rb1C60,fullerene,23.0,NAT3560419
109619,C60K3,fullerene,19.0,NAT3560419
109626,Na2Cs1C60,fullerene,12.0,NAT3560419
109627,Li2Cs1C60,fullerene,12.0,NAT3560419
109630,C60Rb3,fullerene,29.6,SCI2590655
109631,C60K3,fullerene,19.2,AMC1143141
109632,Na2Cs1C60,fullerene,11.7,SSC0930269
109637,C60K3,fullerene,19.6,SYN0563027
109638,C60Rb3,fullerene,28.0,SYN0562845
109639,Na2Cs1C60,fullerene,11.0,SYN0562845
109640,C60Rb3,fullerene,30.5,SYN0770201
109641,C60K3,fullerene,19.3,NAT3520605
109642,C60K3,fullerene,20.3,NAT3690541
109643,C60Rb3,fullerene,30.5,NAT3690541
109644,C60Rb3,fullerene,30.5,NAT3550620
109645,C60Rb3,fullerene,29.4,PRL0681912
109646,C60K3,fullerene,19.4,PRL0681912
109647,C60K3,fullerene,19.0,PRL0692987
109648,C60Rb3,fullerene,29.0,PRL0692987
109649,C60Rb3,fullerene,30.0,PRL0681058
109650,C60Rb3,fullerene,29.4,PRL0703987
109651,C60K3,fullerene,17.1,JPS0631670
109652,Na2Cs1C60,fullerene,11.6,PRL0770167
109656,K2.75Ba0.25C60,fullerene,15.0,PRL0770167
109657,B2Mg1,AlB2,39.4,P064180501
109658,B2Mg1,AlB2,38.0,P064172501
109660,B2Mg1,AlB2,38.5,PHC3630219
109661,Mg0.97Na0.03B2,AlB2,38.0,PHC3630219
109662,Mg0.93Na0.07B2,AlB2,38.0,PHC3630219
109663,Mg0.85Na0.15B2,AlB2,38.0,PHC3630219
109664,Mg0.8Na0.2B2,AlB2,38.0,PHC3630219
109665,Mg0.93Li0.07B2,AlB2,37.8,PHC3630219
109666,Mg0.85Li0.15B2,AlB2,37.5,PHC3630219
109667,B2Mg1,AlB2,38.5,PHC3630001
109668,B2Mg1,AlB2,37.8,PHC3610091
109669,Mg0.9Li0.1B2,AlB2,37.8,PHC3610091
109670,Mg0.85Li0.15B2,AlB2,35.7,PHC3610091
109671,Mg0.8Li0.2B2,AlB2,34.0,PHC3610091
109672,Mg0.75Li0.25B2,AlB2,33.7,PHC3610091
109673,Mg0.7Li0.3B2,AlB2,31.0,PHC3610091
109674,Y1Ni2B2C1,LuNi2B2C,16.18,PHC3630041
109675,Y1Ni1.98Mn0.02B2C1,LuNi2B2C,15.48,PHC3630041
109676,Y1Ni1.9Mn0.1B2C1,LuNi2B2C,12.7,PHC3630041
109679,B2Mg1,AlB2,38.7,PHC3630006
109681,Sc1Ni2B2C1,LuNi2B2C,16.0,PHC3610095
109682,B2Mg1,AlB2,39.1,PHC3610227
109683,Sc1Ni2B2C1,LuNi2B2C,16.5,PR05000351
109684,Rb1Cs2C60,fullerene,33.0,PR05204432
109686,C60Rb3,fullerene,29.8,PRL0681058
109687,C60K3,fullerene,12.8,PRL0681054
109688,C60Rb3,fullerene,28.0,JJP0310166
109689,C60Rb3,fullerene,12.5,JJP0310166
109691,C60Cs3,fullerene,29.5,NAT3520223
109692,Cs2Rb1C60,fullerene,33.0,NAT3520222
109693,Cs1Rb2C60,fullerene,31.0,NAT3520222
109694,C60Rb3,fullerene,29.0,NAT3520222
109695,C60Rb2,fullerene,29.0,NAT3520222
109696,C60Rb4,fullerene,29.0,NAT3520222
109697,C60K3,fullerene,19.3,PRL0670271
109698,C60K3,fullerene,13.0,NAT3500600
109699,C60K3,fullerene,18.0,NAT3500600
109700,C60Rb3,fullerene,28.6,PLA1640355
109701,C60K3,fullerene,20.0,PLA1640355
109702,C60K3,fullerene,18.0,PR0465880
109703,C60Rb3,fullerene,30.0,PR0465880
109704,C60K3,fullerene,18.7,PR0465876
109705,C60K3,fullerene,19.5,PR04614936
109707,Na3.5N0.5C60,fullerene,14.7,SSC0870375
109712,C60K3,fullerene,17.8,PHC2280181
109713,C60Rb3,fullerene,29.5,PHC2280181
109714,C60Rb3,fullerene,30.0,PHC2280175
109717,Cs3C60,fullerene,40.0,SSC0930327
109723,Na2Cs1C60,,11.7,SSC0930269
109726,C60K3,fullerene,19.3,PR05215517
109727,C60Rb3,fullerene,30.0,PR05215517
109728,C60Rb3,fullerene,27.5,EPL0170175
109731,C60Rb3,fullerene,28.5,MPL0061037
109732,Cs1.2Tl2.4C60,fullerene,29.5,NAT3520223
109733,Cs3Hg3.3C60,fullerene,29.0,NAT3520223
109734,B2Mg1,AlB2,38.2,P064212509
109735,B2Mg1,AlB2,38.2,P064212509
109736,B2Mg1,AlB2,38.2,P064212509
109746,B2Mg1,AlB2,38.6,APL0791154
109747,Mg0.99Ti0.01B2,AlB2,38.6,APL0791154
109748,Mg0.95Ti0.05B2,AlB2,38.5,APL0791154
109749,Mg0.9Ti0.1B2,AlB2,38.3,APL0791154
109750,Mg0.8Ti0.2B2,AlB2,37.8,APL0791154
109751,Mg0.6Ti0.4B2,AlB2,37.5,APL0791154
109752,Mg0.4Ti0.6B2,AlB2,37.6,APL0791154
109755,B2Mg1,AlB2,38.3,APL0791649
109762,La1Ru4As12,skutterudite,10.3,PHB2811021
109768,Zr1Rh1Si1,,10.3,SSC1080967
109770,Zr1Ru1Si1,,12.0,PR05206197
109773,Zr1Ru4P2,,11.0,SSC1040217
109775,Mo1Ni1P1,Fe2P,15.5,IST990101
109776,Mo1Ru1P1,Co2P,15.5,IST990101
109777,Zr1Ru1P1,Fe2P,13.0,IST990101
109778,Zr1Ru1Si1,Fe2P,12.2,IST990101
109780,Zr1Rh1Si1,Co2P,10.5,IST990101
109804,Lu1Ni2B2C1,LuNi2B2C,16.1,PHC2290315
109806,Er1Ni2B2C1,LuNi2B2C,10.4,PHC2290315
109807,Y1Ni2B2C1,LuNi2B2C,15.3,PHC2290315
109809,B2Mg1,AlB2,38.3,JPS0702255
109823,B2Mg1,AlB2,39.0,PHC3660073
109827,Mg1B1.8C0.2,AlB2,32.0,P065052505
109830,B2Mg1,AlB2,38.0,L088047002
109845,B2Mg1,AlB2,38.6,APL0792779
109846,Mg0.9Zr0.1B2,AlB2,37.3,APL0793983
109847,Mg0.8Zr0.2B2,AlB2,37.3,APL0793983
109852,B2Mg1,AlB2,38.6,SSC1210575
109855,B2Mg1,AlB2,38.2,P065094512
109856,B2Mg1,AlB2,38.0,P065100510
109858,C0.9S0.1,,35.0,L087147001
109859,Y1Ni2B2C1,LuNi2B2C,14.25,PR05216165
109860,Lu1Ni2B2C1,LuNi2B2C,16.1,PR05216165
109862,La1Pt1.5Au0.5B2C1,LuNi2B2C,10.65,PR05216165
109864,B2Mg1,AlB2,39.0,P065132517
109865,B2Mg1,AlB2,39.2,P065134508
109866,B2Mg1,AlB2,38.4,P065132505
109867,Mg0.95Al0.05B2,AlB2,36.3,P065132505
109868,Mg0.91Al0.09B2,AlB2,34.7,P065132505
109869,Mg0.81Al0.19B2,AlB2,30.8,P065132505
109870,Mg0.75Al0.25B2,AlB2,28.0,P065132505
109871,Mg0.71Al0.29B2,AlB2,24.0,P065132505
109872,Mg0.6Al0.4B2,,14.6,P065132505
109873,Mg0.5Al0.5B2,,12.9,P065132505
109874,Mg0.4Al0.6B2,,12.0,P065132505
109875,Mg0.31Al0.69B2,,11.1,P065132505
109879,La1Pt2.1B2.4C1.2,LuNi2B2C,10.5,P065132519
109884,B2Mg1,AlB2,38.2,L088087001
109887,Li0.48M0.3Hf1N1Cl1,,25.5,MMM2260330
109894,Li1Hf1N1Cl1,,25.3,PHC3410699
109895,Li1Hf0.7Zr0.3N1Cl1,,22.6,PHC3410699
109896,Li1Hf0.5Zr0.5N1Cl1,,21.0,PHC3410699
109897,Li1Hf0.2Zr0.8N1Cl1,,18.2,PHC3410699
109898,Li1Zr1N1Cl1,,14.4,PHC3410699
109899,Li1Zr1N1Cl0.75Br0.25,,14.4,PHC3410699
109900,Li1Zr1N1Cl0.525Br0.475,,14.3,PHC3410699
109901,Li1Zr1N1Cl0.255Br0.745,,14.1,PHC3410699
109902,Li1Zr1N1Br1,,14.1,PHC3410699
109903,Li1Hf1N1Cl0.75Br0.25,,23.6,PHC3410699
109904,Li1Hf1N1Cl0.525Br0.475,,22.7,PHC3410699
109905,Li1Hf0.45Zr0.55N1Br1,,19.0,PHC3410699
109906,Li1Hf0.22Zr0.78N1Br1,,16.0,PHC3410699
109907,Li1Hf1N1Br1,,24.1,PHC3410699
109908,Li1Hf1N1I1,,22.2,PHC3410699
109909,Li1Zr1N1I1,,14.2,PHC3410699
109910,Na0.28Hf1N1Cl1,,23.0,PHC3410699
109911,B2Mg1,AlB2,38.0,PHC3680251
109914,Y1Ni2B2C1,LuNi2B2C,15.6,PHC3640571
109920,Y0.95Pr0.05Ni2B2C1,LuNi2B2C,14.0,PHC3640571
109921,Y0.85Pr0.15Ni2B2C1,LuNi2B2C,12.0,PHC3640571
109923,B2Mg1,AlB2,39.3,PHC3690250
109924,B2Mg1,AlB2,38.0,PHC3700006
109925,B2Mg1,AlB2,38.0,PHC3700006
109926,B2Mg1,AlB2,37.5,PHC3700039
109927,Mg0.99Co0.01B2,AlB2,35.5,PHC3700039
109928,Mg0.9Co0.1B2,AlB2,34.5,PHC3700039
109929,Mg0.75Co0.25B2,AlB2,34.0,PHC3700039
109930,Mg0.5Co0.5B2,,31.5,PHC3700039
109931,Mg0.99Sn0.01B2,,33.5,PHC3700039
109935,B2Mg1,AlB2,38.5,P065140501
109936,B2Mg1,AlB2,38.6,SSC1210575
109947,Y0.75Dy0.25Ni2B2C1,LuNi2B2C,12.0,MMM2420829
109948,Y0.65Dy0.35Ni2B2C1,LuNi2B2C,10.6,MMM2420829
109958,B2Mg1,AlB2,38.3,P065172503
109959,Mg1B1.8Be0.2,AlB2,36.0,P065172503
109960,Mg1B1.7Be0.3,AlB2,32.9,P065172503
109961,Mg1B1.6Be0.4,AlB2,20.9,P065172503
109963,B2Mg1,AlB2,36.6,P065180505
109966,Mg0.99Al0.01B2,AlB2,37.9,P065184514
110000,Y1Ni2B2C1,LuNi2B2C,15.2,PHC2560090
110001,Y1Ni2B2C1,LuNi2B2C,15.0,PR05215086
110100,Y1Rh4B4,RT4B4,11.3,BOOK1982
110109,Lu1Rh4B4,RT4B4,11.7,BOOK1982
110220,Zr1Ru1P1,Fe2P,12.34,BOOK1982
110221,Hf1Ru1P1,Fe2P,12.7,BOOK1982
110311,Pb1Mo6S8,Chevrel,13.5,MRB0101169
110312,Pb1Mo6S7.9Se0.1,Chevrel,12.7,MRB0101169
110313,Pb1Mo6S7.5Se0.5,Chevrel,10.6,MRB0101169
110322,Pb0.9Yb0.1Mo6Se8,Chevrel,12.3,MRB0101169
110323,Pb0.8Yb0.2Mo6Se8,Chevrel,12.2,MRB0101169
110324,Pb0.7Yb0.3Mo6Se8,Chevrel,10.2,MRB0101169
110354,La1Mo6Se8,Chevrel,11.3,PLA0570345
110355,La1Mo6Se8,Chevrel,10.8,JPH0390257
110359,Sn1Mo6S8,Chevrel,13.4,PLA0490269
110360,Sn1Mo6S8,Chevrel,11.8,JPH0390257
110361,Sn1Mo6S8,Chevrel,11.7,CRY2570001
110362,Pb1Mo6S8,Chevrel,14.4,PLA0490269
110363,Pb1Mo6S8,Chevrel,12.6,DF1976
110364,Pb1Mo6S8,Chevrel,13.3,JPS0482157
111024,B2Mg1,AlB2,38.1,P066014504
111025,B2Mg1,AlB2,38.3,P066014505
111028,Y2C2Br0.5I1.5,,11.6,JAP0837321
111040,V2Hf0.84Nb0.16,MgCu2(Laves),10.67,JPF0152333
111042,V2Hf0.87Ta0.13,MgCu2(Laves),10.45,JPF0152333
111044,Y2I1.75Br0.25C2,,10.35,AAC6220123
111045,Y2I1.6Br0.4C2,,11.2,AAC6220123
111046,Y2I1.5Br0.5C2,,11.1,AAC6220123
111047,Y2I1.4Br0.6C2,,10.5,AAC6220123
111048,Y2I1.3Br0.7C2,,10.5,AAC6220123
111049,Y2I1.25Br0.75C2,,10.05,AAC6220123
111059,Y2I1.75Cl0.25C2,,10.7,AAC6220123
111088,B2Mg1,AlB2,39.8,JP01403663
111090,B2Mg1,AlB2,39.0,PHC3770190
111114,Mo0.7Re0.3,,10.5,LOW0640395
111115,Mo0.65Re0.35,Cr3Si(A15),10.2,LOW0640395
111117,Mo0.62Re0.38,Cr3Si(A15),11.5,LOW0640395
111123,B2Mg1,AlB2,38.0,PHC3770202
111137,B2Mg1,AlB2,39.0,P066104521
111138,B2Mg1,AlB2,36.0,P066104521
111141,B2Mg1,AlB2,38.4,JAP0922614
111142,Mg0.95Zr0.05B2,AlB2,37.7,JAP0922614
111143,Mg0.9Zr0.1B2,AlB2,37.3,JAP0922614
111144,Mg0.8Zr0.2B2,AlB2,37.3,JAP0922614
111149,S1,,12.0,JP01011179
111151,C60K3,fullerene,19.4,PHC3570099
111152,N0.8H2.4Na1Rb2C60,fullerene,15.2,PHC3570099
111153,N0.9H2.7Na1Rb2C60,fullerene,12.1,PHC3570099
111157,B2Mg1,AlB2,31.0,APL0813603
111184,Lu1Ni2B2C1,LuNi2B2C,15.8,PRL0784273
111185,Y1Ni2B2C1,LuNi2B2C,15.6,PRL0780547
111186,Lu1Ni2B2C1,LuNi2B2C,16.6,PRL0780547
111200,B2Mg1,AlB2,38.0,P066180502
111202,Y1Ni2B2C1,LuNi2B2C,15.4,P066184511
111203,Y1Ni1.9Pt0.1B2C1,LuNi2B2C,13.7,P066184511
111204,Y1Ni1.6Pt0.4B2C1,LuNi2B2C,12.1,P066184511
111208,Y1Ni2B2C1,LuNi2B2C,11.3,PHC3210093
111214,Y1Ni2B2C1,LuNi2B2C,11.0,PHC3210093
111237,Lu1Ni2B2C1,LuNi2B2C,15.96,PRL0770163
111238,Lu0.772Dy0.228Ni2B2C1,LuNi2B2C,11.77,PRL0770163
111247,Tm1Ni2B2C1,LuNi2B2C,10.8,PR05203676
111248,Tm1Ni2B2C1,LuNi2B2C,10.8,PR05203676
111249,Er1Ni2B2C1,LuNi2B2C,10.5,PR05203684
111250,Er1Ni2B2C1,LuNi2B2C,10.5,PR05203684
111271,Y1Ni2B2C1,LuNi2B2C,15.6,PHC3830421
111272,Y0.95Gd0.05Ni2B2C1,LuNi2B2C,14.0,PHC3830421
111273,Y0.9Gd0.1Ni2B2C1,LuNi2B2C,12.3,PHC3830421
111274,Y0.85Gd0.15Ni2B2C1,LuNi2B2C,10.6,PHC3830421
111285,Y1Ni2B2C1,LuNi2B2C,15.5,PHC2330367
111286,Y1Ni2B2C1,LuNi2B2C,15.5,PHC2270321
111287,Y1Ni2B2C1,LuNi2B2C,15.5,PSS1890489
111288,Y0.95Gd0.05Ni2B2C1,LuNi2B2C,13.0,PSS1890489
111289,Y0.9Gd0.1Ni2B2C1,LuNi2B2C,11.2,PSS1890489
111297,Mg1B1.6C0.4,AlB2,22.0,PHC3840227
111298,B2Mg1,AlB2,39.3,L087137005
111299,B2Mg1,AlB2,38.7,L087047001
111304,Li1,,17.0,SCI2981213
111305,Li1,,20.0,NAT4190597
111306,Pu1Co1Ga5,HoCoGa5,18.5,NAT4200297
111307,Nb1C0.2N0.64,,16.3,PCS0280333
111308,Nb1C0.2N0.7,,17.2,PCS0280333
111309,Nb1C0.2N0.74,,17.5,PCS0280333
111310,Nb1C0.3N0.57,,16.4,PCS0280333
111311,Nb1C0.3N0.62,,17.3,PCS0280333
111312,Nb1C0.3N0.64,,17.8,PCS0280333
111313,Nb1C0.3N0.7,,17.7,PCS0280333
111314,Nb1C0.5N0.36,,15.6,PCS0280333
111315,Nb1C0.5N0.42,,17.0,PCS0280333
111316,Nb1C0.5N0.47,,17.4,PCS0280333
111317,Nb1C0.5N0.5,,17.9,PCS0280333
111318,B2Mg1,AlB2,37.0,SSC1230001
111319,Mg1B1.96F0.04,AlB2,30.0,SSC1230001
111320,Mg1B1.92F0.08,AlB2,21.0,SSC1230001
111321,Mg1B1.84F0.16,AlB2,16.0,SSC1230001
111322,B2Mg1,AlB2,38.6,SSC1210575
111323,Nb1C0.2N0.8,,17.6,PCS0280333
111324,B2Mg1,AlB2,38.14,SSC1210497
111330,N0.72H2.16Na1K3C60,fullerene,12.0,P067024519
111334,K3N1H3C60,fullerene,28.0,PR05200483
111337,Li1,,14.0,NAT3900382
111340,B2Mg1,AlB2,39.2,P067094504
111344,B2Mg1,AlB2,38.9,P067064505
111345,B2Mg1,AlB2,38.7,P067064505
111346,B2Mg1,AlB2,39.0,JAP0917125
111347,Mg1B1.8C0.2,AlB2,37.0,JAP0917125
111348,Mg1B1.6C0.4,AlB2,34.0,JAP0917125
111355,B2Mg1,AlB2,37.6,JAP0917122
111356,Mg0.9Al0.1B2,AlB2,36.1,JAP0917122
111357,Mg0.8Al0.2B2,AlB2,29.6,JAP0917122
111358,Mg0.7Al0.3B2,AlB2,22.1,JAP0917122
111359,Mg0.6Al0.4B2,AlB2,12.2,JAP0917122
111361,Y1Ni1.24Pd0.76B2C1,LuNi2B2C,10.4,MLT0570059
111362,Y1Ni1.34Pd0.66B2C1,LuNi2B2C,10.4,MLT0570059
111364,Y1Ni1.46Pd0.54B2C1,LuNi2B2C,10.1,MLT0570059
111365,Y1Ni1.54Pd0.46B2C1,LuNi2B2C,10.3,MLT0570059
111366,Y1Ni1.7Pd0.3B2C1,LuNi2B2C,10.7,MLT0570059
111367,Y1Ni1.82Pd0.18B2C1,LuNi2B2C,11.8,MLT0570059
111368,Y1Ni2B2C1,LuNi2B2C,15.0,MLT0570059
111369,B2Mg1,AlB2,39.0,PHC3900191
111375,B2Mg1,AlB2,38.3,PHC3660001
111376,B2Mg0.9,AlB2,38.2,PHC3660001
111377,B2Mg0.8,AlB2,38.0,PHC3660001
111378,B2Mg0.7,AlB2,37.2,PHC3660001
111379,B2Mg0.6,AlB2,36.9,PHC3660001
111380,B2Mg0.5,AlB2,36.0,PHC3660001
111381,B2Mg1,AlB2,38.6,SSC1190001
111382,Mg0.95Zn0.05B2,AlB2,38.3,SSC1190001
111383,Mg0.9Zn0.1B2,AlB2,38.4,SSC1190001
111384,Mg0.8Zn0.2B2,AlB2,38.4,SSC1190001
111387,Mg1B1.8C0.2,AlB2,22.0,MAT0301025
111388,B2Mg1,AlB2,38.3,PHC3900185
111389,Mg1B1.95C0.05,AlB2,38.0,PHC3900185
111390,Mg1B1.9C0.1,AlB2,37.3,PHC3900185
111391,Mg1B1.8C0.2,AlB2,36.8,PHC3900185
111392,Mg1B1.7C0.3,AlB2,36.4,PHC3900185
111393,Mg1B1.6C0.4,AlB2,35.8,PHC3900185
111394,B2Mg1,AlB2,39.1,PHC3700211
111395,Mg1B1.98C0.02,AlB2,38.4,PHC3700211
111396,Mg1B1.96C0.04,AlB2,38.4,PHC3700211
111397,Mg1B1.94C0.06,AlB2,37.8,PHC3700211
111398,Mg1B1.92C0.08,AlB2,38.3,PHC3700211
111399,Mg1B1.9C0.1,AlB2,36.2,PHC3700211
111400,Mg1B1.85C0.15,AlB2,36.3,PHC3700211
111401,Mg1B1.8C0.2,AlB2,34.2,PHC3700211
111402,Mg1B1.75C0.25,AlB2,30.0,PHC3700211
111403,Mg1B1.7C0.3,AlB2,29.2,PHC3700211
111404,Mg1B1.6C0.4,AlB2,24.9,PHC3700211
111405,Mg1B1.5C0.5,AlB2,26.2,PHC3700211
111406,B2Mg1,AlB2,36.0,P067012505
111407,Li0.5Hf1N1Cl1,,26.0,PHB3280023
111408,B2Mg1,AlB2,39.0,PHB3280023
111413,Mo1Ru1P1,Co2P,15.5,PHC3570329
111414,Mo1Ni1P1,Fe2P,15.5,PHC3570329
111438,B2Mg1,AlB2,37.3,PHC3910217
111439,Mg0.98Ir0.02B2,AlB2,33.2,PHC3910217
111440,Mg0.94Ir0.06B2,AlB2,28.1,PHC3910217
111441,Mg0.88Ir0.12B2,AlB2,18.0,PHC3910217
111442,Pb1Mo6S8,Chevrel,15.05,L091027002
111443,Pb1Mo6S8,Chevrel,14.4,L091027002
111444,Pb1Mo6S8,Chevrel,12.3,L091027002
111448,Lu1Ni2B2C1,LuNi2B2C,16.7,PR05009445
111480,Li0.48M0.3Hf1N1Cl1,,25.5,P067100509
111489,B2Mg1,AlB2,38.0,P068104513
111490,B2Mg1,AlB2,37.0,P068104513
111491,B2Mg1,AlB2,38.0,P068094514
111492,Mg0.9Al0.1B2,AlB2,31.0,P068094514
111493,Mg0.8Al0.2B2,AlB2,25.0,P068094514
111494,Mg0.7Al0.3B2,AlB2,18.0,P068094514
111495,Mg0.6Al0.4B2,AlB2,12.0,P068094514
111496,Mg1B1.96C0.04,AlB2,35.5,PHC3970007
111497,Mg1B1.9C0.1,AlB2,30.0,PHC3970007
111498,Mg1B1.85C0.15,AlB2,24.0,PHC3970007
111499,Mg1B1.8C0.2,AlB2,13.5,PHC3970007
111503,B2Mg1,AlB2,38.0,PHC3970007
111504,Li1,,13.8,L091167001
111508,B2Mg1,AlB2,38.6,PHC3990008
111509,Mg0.9Al0.05Li0.05B2,AlB2,37.8,PHC3990008
111510,Mg0.8Al0.1Li0.1B2,AlB2,31.0,PHC3990008
111511,Mg0.7Al0.15Li0.15B2,AlB2,25.1,PHC3990008
111512,Mg0.6Al0.2Li0.2B2,AlB2,16.1,PHC3990008
111513,Mg0.9Al0.1B2,AlB2,37.8,PHC3990008
111514,Mg0.8Al0.2B2,AlB2,29.0,PHC3990008
111515,Mg0.7Al0.3B2,AlB2,18.0,PHC3990008
111517,Y1Ni2B2C1,LuNi2B2C,15.7,PRL0801730
111518,Lu1Ni2B2C1,LuNi2B2C,16.5,PRL0801730
111519,Y1Ni2B2C1,LuNi2B2C,14.5,PHC3980107
111520,B1,,11.0,SCI2930273
111521,S1,,14.0,NAT3900382
111529,La1Pt2.1B2.4C1.2,LuNi2B2C,10.2,PHC3990165
111530,La0.9Nd0.1Pt2.1B2.4C1.2,LuNi2B2C,10.3,PHC3990165
111538,Mg0.854Au0.146B2,,25.6,MTL0580142
111539,Mg0.764Au0.236B2,,24.5,MTL0580142
111548,Mg1B1.98C0.02,AlB2,37.2,EPL0610254
111549,Mg1B1.96C0.04,AlB2,36.1,EPL0610254
111550,Mg1B1.94C0.06,AlB2,34.8,EPL0610254
111567,Er0.8Lu0.2Ni2B2C1,LuNi2B2C,10.8,P069024509
111590,B2Mg1,AlB2,38.2,L089247004
111591,Mg0.95Zn0.025Al0.025B2,AlB2,38.5,PHC4030113
111592,Mg0.9Zn0.05Al0.05B2,AlB2,38.5,PHC4030113
111593,Mg0.8Zn0.1Al0.1B2,AlB2,34.0,PHC4030113
111594,Mg0.7Zn0.15Al0.15B2,AlB2,28.6,PHC4030113
111608,B2Mg1,AlB2,36.5,L092057001
111652,B2Mg1,AlB2,39.0,PHB3280023
111653,Li0.5M0.3Hf1N1Cl1,,26.0,PHB3280023
111654,Na0.18Hf1N1Cl1,,22.0,PHC4020283
111655,Na0.29Hf1N1Cl1,,19.0,PHC4020283
111656,Na0.8Hf1N1Cl1,,19.0,PHC4020283
111657,Li0.48M0.3Hf1N1Cl1,,26.0,P063020508
111658,Li0.16Zr1N1Cl1,,15.0,PHC3060007
111659,Li0.16M1Zr1N1Cl1,,14.0,CHM0092127
111660,Li0.16M1Zr1N1Cl1,,14.0,CHM0092127
111661,Li0.14Zr1N1Cl1,,15.0,CHM0092127
111662,Li0.28Zr1N1Cl1,,15.2,CHM0092127
111663,Li0.55Zr1N1Cl1,,15.0,CHM0092127
111664,Li0.65Zr1N1Cl1,,15.0,CHM0092127
111665,Li0.95Zr1N1Cl1,,13.4,CHM0092127
111666,Li1.3Zr1N1Cl1,,11.0,CHM0092127
111668,Na0.5Zr1N1Cl1,,15.0,CHM0092127
111669,Na0.59Zr1N1Cl1,,15.0,CHM0092127
111670,Na0.66Zr1N1Cl1,,14.5,CHM0092127
111671,Na0.75Zr1N1Cl1,,14.3,CHM0092127
111672,Na1.38Zr1N1Cl1,,11.0,CHM0092127
111673,K0.22Zr1N1Cl1,,15.2,CHM0092127
111674,K0.4Zr1N1Cl1,,15.2,CHM0092127
111675,K0.46Zr1N1Cl1,,15.0,CHM0092127
111676,K0.6Zr1N1Cl1,,14.4,CHM0092127
111677,K0.77Zr1N1Cl1,,13.5,CHM0092127
111678,C3Y2,,18.0,JPS0730530
111682,Mg0.95Li0.025Al0.025B2,AlB2,38.2,PHC4030113
111683,Mg0.9Li0.05Al0.05B2,AlB2,37.8,PHC4030113
111684,Mg0.8Li0.1Al0.1B2,AlB2,31.0,PHC4030113
111685,Mg0.7Li0.15Al0.15B2,AlB2,25.1,PHC4030113
111690,Lu0.5Y0.5Ni2B2C1,LuNi2B2C,14.9,MPB0173493
111691,Lu0.25Y0.75Ni2B2C1,LuNi2B2C,14.2,MPB0173493
111701,Li0.17Zr1N1Cl1,,14.2,P069134522
111702,Li0.4Zr1N1Cl1,,12.5,P069134522
111703,Li0.6Zr1N1Cl1,,11.7,P069134522
111704,Li0.15M0.08Zr1N1Cl1,,14.4,P069134522
111705,Li0.18M0.15Zr1N1Cl1,,14.6,P069134522
111706,Li0.24M0.14Hf1N1Cl1,,25.5,P069134522
111707,Li0.5M0.3Hf1N1Cl1,,25.5,P069134522
111728,B2Mg1,AlB2,39.2,L092217003
111729,Mg1B1.9906C0.0094,AlB2,38.5,L092217003
111730,Mg1B1.958C0.042,AlB2,37.9,L092217003
111731,Mg1B1.924C0.076,AlB2,36.2,L092217003
111732,Sc0.9Y0.1Ni2B2C1,LuNi2B2C,15.1,PHC4050245
111733,Sc0.8Y0.2Ni2B2C1,LuNi2B2C,14.8,PHC4050245
111734,Sc0.7Y0.3Ni2B2C1,LuNi2B2C,14.5,PHC4050245
111735,Lu1Ni2B2C1,LuNi2B2C,16.6,PHC3060001
111736,Y0.16Lu0.84Ni2B2C1,LuNi2B2C,15.2,PHC3060001
111737,Y0.3Lu0.7Ni2B2C1,LuNi2B2C,15.0,PHC3060001
111738,Y0.5Lu0.5Ni2B2C1,LuNi2B2C,14.5,PHC3060001
111739,Y0.75Lu0.25Ni2B2C1,LuNi2B2C,14.9,PHC3060001
111740,Y0.84Lu0.16Ni2B2C1,LuNi2B2C,14.8,PHC3060001
111741,Y0.92Lu0.08Ni2B2C1,LuNi2B2C,15.2,PHC3060001
111742,Y1Ni2B2C1,LuNi2B2C,15.5,PHC3060001
111743,Lu1Ni2B2C1,LuNi2B2C,16.6,MMM1870309
111744,Ho0.15Lu0.85Ni2B2C1,LuNi2B2C,15.1,MMM1870309
111745,Ho0.3Lu0.7Ni2B2C1,LuNi2B2C,13.3,MMM1870309
111755,Pb1Mo6S8,Chevrel,14.4,P069174503
111756,Pb1Mo6S8,Chevrel,12.9,P069174503
111757,Pb1Mo6S8,Chevrel,11.5,P069174503
111811,B2Mg1,AlB2,40.36,P070014519
111812,B2Mg1,AlB2,39.36,P070014519
111824,Ga0.255V0.745,Cr3Si(A15),13.9,1832
111825,Ga0.247V0.753,Cr3Si(A15),13.8,1832
111826,Ga0.233V0.767,Cr3Si(A15),13.3,1832
111827,V0.745Ga0.228Al0.027,Cr3Si(A15),13.05,1832
111828,V0.737Ga0.213Al0.05,Cr3Si(A15),12.6,1832
111829,V0.741Ga0.196Al0.063,Cr3Si(A15),12.2,1832
111830,V0.741Ga0.152Al0.107,Cr3Si(A15),11.4,1832
111831,V0.747Ga0.131Al0.122,Cr3Si(A15),11.7,1832
111832,V0.767Ga0.086Al0.147,Cr3Si(A15),12.1,1832
111834,V0.767Ga0.18Al0.053,Cr3Si(A15),11.5,1832
111835,V0.725Ga0.203Al0.072,Cr3Si(A15),12.3,1832
111837,V0.783Ga0.138Al0.079,Cr3Si(A15),10.2,1832
111839,V0.767Ga0.214Al0.022,Cr3Si(A15),12.1,1832
111840,V0.743Ga0.181Al0.076,Cr3Si(A15),12.0,1832
111841,V0.746Ga0.169Al0.085,Cr3Si(A15),11.8,1832
111842,Al0.25V0.75,Cr3Si(A15),16.9,1832
111843,V0.75Si0.225Al0.025,Cr3Si(A15),13.5,1832
111844,V0.75Si0.22Al0.03,Cr3Si(A15),13.3,1832
111845,V0.75Si0.2125Al0.0375,Cr3Si(A15),12.6,1832
111846,V0.77Si0.21Al0.02,Cr3Si(A15),11.7,1832
111847,V0.75Si0.2Al0.05,Cr3Si(A15),11.8,1832
111848,V0.75Si0.175Al0.075,Cr3Si(A15),11.1,1832
111849,V0.75Si0.125Al0.125,Cr3Si(A15),10.4,1832
111851,V0.72Si0.17Al0.11,Cr3Si(A15),10.3,1832
111853,V0.73Si0.25Al0.02,Cr3Si(A15),14.0,1832
111854,V0.73Si0.23Al0.04,Cr3Si(A15),10.4,1832
111855,V0.7Si0.2Al0.1,Cr3Si(A15),10.6,1832
111864,V0.75Ge0.2Al0.05,Cr3Si(A15),10.3,1832
111865,V0.75Ge0.1875Al0.0625,Cr3Si(A15),11.4,1832
111866,V0.75Ge0.175Al0.075,Cr3Si(A15),10.8,1832
111867,V0.75Ge0.15Al0.1,Cr3Si(A15),11.7,1832
111868,V0.75Ge0.13Al0.12,Cr3Si(A15),11.3,1832
111869,V0.75Ge0.025Al0.225,Cr3Si(A15),11.2,1832
111917,Al3Nb3,Cr3Si(A15),18.4,1072
111918,Nb3Al0.9Ge0.1,Cr3Si(A15),19.5,1072
111919,Nb3Al0.8Ge0.2,Cr3Si(A15),19.8,1072
111920,Nb3Al0.7Ge0.3,Cr3Si(A15),19.9,1072
111921,Nb3Al0.6Ge0.4,Cr3Si(A15),19.7,1072
111922,Nb3Al0.5Ge0.5,Cr3Si(A15),17.4,1072
111923,Nb3Al0.9Ga0.1,Cr3Si(A15),18.5,1072
111924,Nb3Al0.8Ga0.2,Cr3Si(A15),18.54,1072
111925,Nb3Al0.67Ga0.33,Cr3Si(A15),18.7,1072
111926,Nb3Al0.5Ga0.5,Cr3Si(A15),18.5,1072
111927,Nb3Al0.9In0.1,Cr3Si(A15),18.3,1072
111928,Nb3Al0.8In0.2,Cr3Si(A15),18.1,1072
111929,Nb3Al0.67In0.33,Cr3Si(A15),16.0,1072
111930,Nb3Al0.9Zn0.1,Cr3Si(A15),18.1,1072
111931,Nb3Al0.8Zn0.2,Cr3Si(A15),17.7,1072
111932,Nb3Al0.67Zn0.33,Cr3Si(A15),17.3,1072
111933,Nb3Al0.5Zn0.5,Cr3Si(A15),16.0,1072
111934,Nb3Sn1,Cr3Si(A15),18.0,1072
111935,Nb3Sn0.9Ga0.1,Cr3Si(A15),18.3,1072
111936,Nb3Sn0.8Ga0.2,Cr3Si(A15),17.0,1072
111937,Nb3Sn0.65Ga0.35,Cr3Si(A15),16.5,1072
111938,Nb3Sn0.5Ga0.5,Cr3Si(A15),16.4,1072
111939,Nb3Sn0.95Ge0.05,Cr3Si(A15),18.1,1072
111940,Nb3Sn0.9Ge0.1,Cr3Si(A15),18.0,1072
111941,Nb3Sn0.8Ge0.2,Cr3Si(A15),17.7,1072
111942,Nb3Sn0.65Ge0.35,Cr3Si(A15),16.1,1072
111943,Nb3Sn0.9In0.1,Cr3Si(A15),18.1,1072
111944,Nb3Sn0.8In0.2,Cr3Si(A15),17.8,1072
111945,Nb3Sn0.9Al0.1,Cr3Si(A15),17.8,1072
111946,Nb3Sn0.8Al0.2,Cr3Si(A15),16.8,1072
111947,Nb3Sn0.7Al0.3,Cr3Si(A15),15.8,1072
111948,Nb3Sn0.6Al0.4,Cr3Si(A15),15.7,1072
111949,Nb3Sn0.5Al0.5,Cr3Si(A15),16.1,1072
111950,Ga1Nb3,Cr3Si(A15),16.1,1072
111951,Nb3Ga0.85Al0.15,Cr3Si(A15),17.1,1072
111952,Nb3Ga0.67Al0.33,Cr3Si(A15),18.1,1072
111953,Nb3Ga0.5Al0.5,Cr3Si(A15),18.5,1072
111954,Nb3Ga0.9Zn0.1,Cr3Si(A15),16.1,1072
111955,Nb3Ga0.8Zn0.2,Cr3Si(A15),16.2,1072
111956,Nb3Ga0.65Zn0.35,Cr3Si(A15),16.3,1072
111957,Nb3Ga0.5Zn0.5,Cr3Si(A15),16.4,1072
111958,Nb3Ga0.95Ge0.05,Cr3Si(A15),15.3,1072
112017,Nb0.6Zr0.4,,10.3,253
112018,Nb0.7Zr0.3,,10.8,253
112019,Nb0.8Zr0.2,,10.9,253
112020,Nb0.9Zr0.1,,10.7,253
112250,Ga1V3,Cr3Si(A15),14.5,1896
112251,V3Ga0.8Si0.2,Cr3Si(A15),11.9,1896
112252,V3Ga0.2Si0.8,Cr3Si(A15),10.5,1896
112255,Si1V3,Cr3Si(A15),16.7,1896
112256,V3Ga0.9Sn0.1,Cr3Si(A15),10.7,1896
112295,Nb3Sn1,Cr3Si(A15),18.0,1982
112296,Nb3Ga0.05Sn0.95,Cr3Si(A15),18.3,1982
112297,Nb3In0.15Sn0.85,Cr3Si(A15),18.3,1982
112298,Nb3Tl0.1Sn0.9,Cr3Si(A15),18.25,1982
112299,Nb3Ge0.1Sn0.9,Cr3Si(A15),17.97,1982
112300,Nb3Pb0.15Sn0.85,Cr3Si(A15),18.24,1982
112301,Nb3As0.05Sn0.95,Cr3Si(A15),18.19,1982
112302,Nb3Sb0.1Sn0.9,Cr3Si(A15),17.04,1982
112303,Nb3Bi0.15Sn0.85,Cr3Si(A15),18.28,1982
112304,Nb3Al0.05Sn0.95,Cr3Si(A15),18.2,1982
112305,Nb3In0.2Sb0.2Sn0.6,,16.0,1982
112306,Nb3Ge0.2Pb0.2Sn0.6,,17.84,1982
112307,Nb3Ga0.2Bi0.2Sn0.6,,18.06,1982
112308,Nb3Al0.72Ge0.28,Cr3Si(A15),19.9,1072
112309,Nb3Al0.67Ga0.33,Cr3Si(A15),18.7,1072
112310,Nb3Al0.8In0.2,Cr3Si(A15),18.1,1072
112311,Nb3Al0.5Sn0.5,Cr3Si(A15),16.0,1072
112312,Nb3Sn0.91Ga0.09,Cr3Si(A15),18.3,1072
112313,Nb3Sn0.65Ga0.35,Cr3Si(A15),16.5,1072
112314,Nb3Sn0.49Ga0.51,Cr3Si(A15),16.4,1072
112315,Nb3Sn0.95Ge0.05,Cr3Si(A15),18.1,1072
112316,Nb3Sn0.8Ge0.2,Cr3Si(A15),17.65,1072
112317,Nb3Sn0.65Ge0.35,Cr3Si(A15),16.1,1072
112318,Nb3Sn0.9In0.1,Cr3Si(A15),18.1,1072
112319,Nb3Sn0.8In0.2,Cr3Si(A15),17.8,1072
112320,Nb3Sn0.91Al0.09,Cr3Si(A15),17.8,1072
112321,Nb3Sn0.8Al0.2,Cr3Si(A15),16.8,1072
112322,Nb3Sn0.7Al0.3,Cr3Si(A15),15.75,1072
112323,Nb3Sn0.6Al0.4,Cr3Si(A15),15.7,1072
112324,Nb3Sn0.5Al0.5,Cr3Si(A15),16.1,1072
112325,Nb3Sn1,Cr3Si(A15),18.0,1072
112326,Ga1Nb3,Cr3Si(A15),16.1,1072
112327,Nb3Ga0.95Ge0.05,Cr3Si(A15),15.4,1072
112328,Nb3Ga0.85Al0.15,Cr3Si(A15),17.1,1072
112329,Nb3Ga0.65Al0.35,Cr3Si(A15),18.1,1072
112330,Nb3Ga0.5Al0.5,Cr3Si(A15),18.5,1072
112331,Nb3Ga0.9Sn0.1,Cr3Si(A15),16.1,1072
112332,Nb3Ga0.8Sn0.2,Cr3Si(A15),16.2,1072
112333,Nb3Ga0.65Sn0.35,Cr3Si(A15),16.3,1072
112334,Nb3Ga0.5Sn0.5,Cr3Si(A15),16.4,1072
112359,V75Si20Ge5,,12.15,1456
112367,V75Si20Ga5,Cr3Si(A15),12.33,1456
112369,V75Si5Ga20,Cr3Si(A15),10.58,1456
112370,V75Si2.57Ga22.4,Cr3Si(A15),13.32,1456
112404,Nb0.96Ti0.04N0.9,NaCl,13.8,1203
112405,Nb0.92Ti0.08N0.93,NaCl,15.2,1203
112406,Nb0.75Ti0.25N0.94,NaCl,16.1,1203
112407,Nb0.5Ti0.5N0.95,NaCl,15.1,1203
112408,Nb0.35Ti0.65N0.97,NaCl,13.2,1203
112409,Nb0.25Ti0.75N0.98,NaCl,10.5,1203
112412,Nb0.92Hf0.08N0.93,NaCl,13.7,1203
112413,Nb0.85Hf0.15N0.94,NaCl,12.3,1203
112414,Nb0.67Hf0.33N1,NaCl,10.2,1203
112424,Nb0.85Zr0.15N1,NaCl,13.7,1203
112476,Mo0.35Pt0.075Re0.375,Cr3Si(A15),10.6,SSC0140443
112477,Mo0.55Pt0.05Re0.4,Cr3Si(A15),10.2,SSC0140443
112478,Mo0.55Pt0.05Re0.425,Cr3Si(A15),11.25,SSC0140443
112658,B2Mg1,AlB2,39.0,JPS0732065
112659,Mg1B1.96C0.04,AlB2,35.0,JPS0732065
112660,Mg1B1.9C0.1,AlB2,27.0,JPS0732065
112661,Mg1B1.85C0.15,AlB2,20.0,JPS0732065
112663,Mg0.98Sc0.02B2,AlB2,39.0,P070134514
112664,Mg0.88Sc0.12B2,AlB2,30.0,P070134514
112666,B2Mg1,AlB2,37.6,P070134518
112667,Y1Ni2B2C1,LuNi2B2C,15.7,P070134518
112679,Zr1N1Cl0.7,,12.7,P070104506
112680,Li0.5M3Hf1N1Cl1,,25.2,P070104506
112702,Er1Ni2B2C1,LuNi2B2C,10.5,PHC4110059
112712,B2Mg1,AlB2,37.6,PHC4120258
112730,Nb3Pt1,Cr3Si(A15),10.9,492
112731,Au1Nb3,Cr3Si(A15),11.5,492
112770,Nb3Rh0.1Au0.9,Cr3Si(A15),10.8,492
112771,Nb3Rh0.05Au0.95,Cr3Si(A15),11.0,492
112772,Nb3Rh0.02Au0.98,Cr3Si(A15),10.9,492
112784,B2Mg1,AlB2,38.5,L088167004
112785,B2Mg1,AlB2,38.0,SST0151156
112786,B2Mg1,AlB2,37.9,P069144514
112828,Nb0.75Zr0.25,,10.6,1352
112829,Nb0.65Zr0.35,,10.6,1352
112885,Nb0.5Zr0.5,,10.3,1579
112887,Nb0.5Zr0.5,,10.4,847
112888,Nb0.75Zr0.25,,10.7,847
112889,Nb3Sn1,,18.1,1236
112890,Nb3Sn0.8Sb0.2,,16.5,1236
112891,Nb3Sn0.7Sb0.3,,15.8,1236
112892,Nb3Sn0.5Sb0.5,,14.4,1236
112893,Al1Nb3,Cr3Si(A15),18.2,1066
112894,Si1V3,Cr3Si(A15),17.0,1066
112895,Ga1Nb3,Cr3Si(A15),16.0,1066
112896,NbSn3,Cr3Si(A15),18.0,1066
112897,Nb2.85Ti0.15Sn1,Cr3Si(A15),17.9,1066
112898,Nb2.7Ti0.3Sn1,Cr3Si(A15),16.4,1066
112899,Nb2.55Ti0.45Sn1,Cr3Si(A15),15.6,1066
112900,Nb2.85Zr0.15Sn1,Cr3Si(A15),18.1,1066
112901,Nb2.7Zr0.3Sn1,Cr3Si(A15),18.1,1066
112902,Nb2.55Zr0.45Sn1,Cr3Si(A15),17.9,1066
112903,Nb2.34Zr0.66Sn1,Cr3Si(A15),17.7,1066
112904,Nb2.1Zr0.9Sn1,Cr3Si(A15),17.7,1066
112905,Nb2.934V0.066Sn1,Cr3Si(A15),17.7,1066
112906,Nb2.85V0.15Sn1,Cr3Si(A15),17.1,1066
112907,Nb2.7V0.3Sn1,Cr3Si(A15),15.9,1066
112908,Nb2.55V0.45Sn1,Cr3Si(A15),15.0,1066
112909,Nb2.85Ta0.15Sn1,Cr3Si(A15),18.3,1066
112910,Nb2.7Ta0.3Sn1,Cr3Si(A15),18.0,1066
112911,Nb2.4Ta0.6Sn1,Cr3Si(A15),17.3,1066
112912,Nb2.1Ta0.9Sn1,Cr3Si(A15),16.0,1066
112913,Nb1.8Ta1.2Sn1,Cr3Si(A15),14.1,1066
112914,Ga1V3,Cr3Si(A15),14.5,1066
112969,Nb3Sn0.5Ge0.5,,11.3,427
112970,Nb3Sn0.5Zr0.5,,16.7,427
113107,Rh0.09Zr0.91,,10.1,766
113124,Rh0.1Zr0.9,,10.8,648
113161,Si1V3,Cr3Si(A15),15.9,1933
113164,N1Nb1,NaCl,15.0,1038
113282,Mg1B1.88C0.12,AlB2,32.9,P071020501
113283,Tl1Mo6Se7.5,Chevrel,12.2,JPS0613054
113291,Lu1Ni2B2C1,LuNi2B2C,16.5,P071024509
113292,Lu0.98La0.02Ni2B2C1,LuNi2B2C,16.2,P071024509
113293,Lu0.95La0.05Ni2B2C1,LuNi2B2C,15.3,P071024509
113294,Lu0.94La0.06Ni2B2C1,LuNi2B2C,15.1,P071024509
113295,Lu0.93La0.07Ni2B2C1,LuNi2B2C,13.6,P071024509
113296,Lu0.92La0.08Ni2B2C1,LuNi2B2C,13.6,P071024509
113298,B2Mg1,AlB2,38.5,P071024533
113299,Mg1B1.896C0.104,AlB2,35.0,P071024533
113300,Mg1B1.9C0.1,AlB2,34.3,P071024533
113301,Mg1B1.874C0.126,AlB2,33.3,P071024533
113302,Mg1B1.84C0.16,AlB2,33.0,P071024533
113303,Mg1B1.826C0.174,AlB2,30.8,P071024533
113304,Mg1B1.81C0.19,AlB2,30.1,P071024533
113305,Mg1B1.8C0.2,AlB2,28.0,P071024533
113306,Mg1B1.792C0.208,AlB2,25.5,P071024533
113307,Mg1B1.7C0.3,AlB2,10.2,P071024533
113309,B2Mg1,AlB2,38.81,PHC4070031
113310,Mg1B1.9C0.1,AlB2,33.98,PHC4070031
113311,Mg1B1.8C0.2,AlB2,34.16,PHC4070031
113312,Mg1B1.7C0.3,AlB2,34.27,PHC4070031
113313,Mg1B1.6C0.4,AlB2,33.3,PHC4070031
113314,Mg1B1.5C0.5,AlB2,28.3,PHC4070031
113315,Mg1B1.4C0.6,AlB2,19.45,PHC4070031
120012,Zr1Ru1P1,Fe2P,11.45,NAC0773132
120013,Hf1Ru1P1,Fe2P,11.89,NAC0773132
120017,Zr1Ru1As1,ZrNiAl,11.9,MRB0180983
120097,Y1.8Th0.2C2.7,Pu2C3,12.0,LES0190113
120098,Y1.6Th0.4C2.7,Pu2C3,14.7,LES0190113
120099,Y1.4Th0.6C2.7,Pu2C3,16.4,LES0190113
120100,Y1.3Th0.7C2.7,Pu2C3,16.8,LES0190113
120101,Y1.2Th0.8C2.7,Pu2C3,16.0,LES0190113
120102,Y1Th1C2.7,Pu2C3,15.5,LES0190113
120103,Y0.8Th1.2C2.7,Pu2C3,15.1,LES0190113
120104,Y0.6Th1.4C2.7,Pu2C3,14.4,LES0190113
120105,Y1.4Th0.6C2.4,Pu2C3,15.4,LES0190113
120106,Y0.6Th1.4C2.5,Pu2C3,14.6,LES0190113
120107,Y1.4Th0.6C2.8,Pu2C3,16.3,LES0190113
120108,Y1.4Th0.6C2.9,Pu2C3,16.3,LES0190113
120109,Y1.2Th0.8C2.9,Pu2C3,15.8,LES0190113
120110,Y0.6Th1.4C2.9,Pu2C3,14.6,LES0190113
120111,Y1.5Th0.5C3,Pu2C3,16.7,LES0190113
120112,Y1.4Th0.6C3,Pu2C3,16.8,LES0190113
120113,Y1.4Th0.6C3.1,Pu2C3,17.0,LES0190113
120114,Y1.8Au0.2C2.6,Pu2C3,10.1,LES0190113
120115,Y1.8Ge0.2C2.7,Pu2C3,10.6,LES0190113
120116,Y1.8Si0.2C2.7,Pu2C3,11.3,LES0190113
120117,Y1.8Sn0.2C2.7,Pu2C3,10.2,LES0190113
120118,Y1.8Ru0.2C2.7,Pu2C3,11.2,LES0190113
120119,Y1.8Nb0.2C2.7,Pu2C3,10.8,LES0190113
120120,Y1.8Ti0.2C2.7,Pu2C3,10.7,LES0190113
120121,Y1.8Ti0.2C2.9,Pu2C3,14.2,LES0190113
120122,Y1.8Zr0.2C2.9,Pu2C3,13.0,LES0190113
120123,Y1.8Mo0.2C2.9,Pu2C3,13.8,LES0190113
120124,Y1.8W0.2C2.9,Pu2C3,14.5,LES0190113
120127,Y1.8V0.2C2.9,Pu2C3,11.5,LES0190113
120128,Y1.8Cr0.2C2.9,Pu2C3,12.4,LES0190113
120129,Y1.4Ti0.6C3,Pu2C3,12.9,LES0190113
120130,Y1.8Ti0.2C3.1,Pu2C3,14.5,LES0190113
120131,Y1.8W0.2C3.1,Pu2C3,14.8,LES0190113
120145,Th1.8Lu0.2C3,Pu2C3,10.3,LES0300217
120146,Th1.6Lu0.4C3,Pu2C3,10.9,LES0300217
120147,Th1.4Lu0.3C3,Pu2C3,11.7,LES0300217
120148,Th1.2Lu0.8C3,Pu2C3,11.6,LES0300217
120229,Zr1Ru1P1,Fe2P,13.0,LES0920177
120242,Zr1Ru1P1,,11.45,MRB0200517
120243,Hf1Ru1P1,,11.89,MRB0200517
120244,Zr1Ru1As1,,11.05,MRB0200517
120280,Th1Pd2B2C1,LuNi2B2C,14.5,PHC2290065
120281,Th1Pd3B3C1,,21.5,PHC2290065
130001,Mo6S6Br2,Chevrel,13.0,LTP0480503
130002,Mo6S6I2,Chevrel,13.0,LTP0480503
130007,Sn1Mo6S8,Chevrel,11.7,LTP0480503
130008,Pb1Mo6S8,Chevrel,13.7,LTP0480503
130016,La1Mo6Se8,Chevrel,11.6,LTP0480503
130017,Pb1Mo6S8,Chevrel,15.0,REV198201
130018,Sn1Mo6S8,Chevrel,14.0,REV198201
130024,Pb0.92Mo6S7.5,Chevrel,13.98,REV1976137
130025,Pb1Mo5.1S4,Chevrel,14.51,REV1976137
130026,Sn0.6Mo3S4,Chevrel,14.45,REV1976137
130027,Sn0.6Mo3S4,Chevrel,13.05,REV1976137
130043,La1Mo6Se8,Chevrel,11.3,BOOK1982
130044,La1Mo6Se8,Chevrel,10.8,BOOK1982
130048,Sn1Mo6S8,Chevrel,13.4,BOOK1982
130049,Sn1Mo6S8,Chevrel,11.8,BOOK1982
130050,Sn1Mo6S8,Chevrel,11.7,BOOK1982
130051,Pb1Mo6S8,Chevrel,14.4,BOOK1982
130052,Pb1Mo6S8,Chevrel,12.6,BOOK1982
130053,Pb1Mo6S8,Chevrel,13.3,BOOK1982
130056,Si1V3,Cr3Si(A15),16.85,LTP0060171
130057,Si1V3,Cr3Si(A15),16.83,LTP0060171
130058,Si0.22V0.78,Cr3Si(A15),14.38,LTP0060171
130059,Ga1V3,Cr3Si(A15),13.87,LTP0060171
130063,V3Ge0.8Al0.2,Cr3Si(A15),11.02,LTP0060171
130064,V3Ge0.7Al0.3,Cr3Si(A15),11.17,LTP0060171
130070,Nb3Sn1,Cr3Si(A15),17.832,LTP0060171
130071,Al1Nb3,Cr3Si(A15),17.11,LTP0060171
130073,Nb0.78Al0.165Ge0.055,Cr3Si(A15),20.29,LTP0060171
130081,Nb3Pt1,Cr3Si(A15),10.53,LTP0060171
130091,Mo3Os1,Cr3Si(A15),11.69,LTP0060171
130092,Mo3Os1,Cr3Si(A15),12.5,LTP0060171
130096,Sn1.2Mo6.35S8,Chevrel,10.7,JPC008L474
130097,Sn1.08Eu0.1Mo6.35S8,Chevrel,10.9,JPC008L474
130098,Sn0.96Eu0.2Mo6.35S8,Chevrel,10.7,JPC008L474
130099,Sn0.84Eu0.3Mo6.35S8,Chevrel,10.6,JPC008L474
130100,Sn0.72Eu0.4Mo6.35S8,Chevrel,10.1,JPC008L474
130101,Sn0.6Eu0.5Mo6.35S8,Chevrel,10.2,JPC008L474
130106,Pb0.7Eu0.3Gd0.2Mo6S8,Chevrel,14.3,JPC008L474
130107,Pb0.7Eu0.3Mo6.35S8,Chevrel,13.6,JPC008L474
130108,Pb0.7Eu0.3Mo6.35S8,Chevrel,11.0,JPC008L474
130109,Pb1Mo6.35S8,Chevrel,12.0,JPC008L474
130114,Mo6S6Br2,Chevrel,13.8,CEM0330043
130115,Mo6S6I2,Chevrel,14.0,CEM0330043
130136,Pb1Mo6S6O2,Chevrel,11.7,MRB0151025
130142,La1Mo6Se8,Chevrel,11.3,BOOK1982
130143,La1Mo6Se8,Chevrel,10.8,BOOK1982
130147,Sn1Mo6S8,Chevrel,13.4,BOOK1982
130148,Sn1Mo6S8,Chevrel,11.8,BOOK1982
130149,Sn1Mo6S8,Chevrel,11.7,BOOK1982
130150,Pb1Mo6S8,Chevrel,14.4,BOOK1982
130151,Pb1Mo6S8,Chevrel,12.6,BOOK1982
130152,Pb1Mo6S8,Chevrel,13.3,BOOK1982
130155,Pb0.92Mo6S7.5,Chevrel,13.98,REV1976137
130156,Pb1Mo5.1S4,Chevrel,14.51,REV1976137
130157,Sn0.6Mo3S4,Chevrel,14.45,REV1976137
130158,Sn0.6Mo3S4,Chevrel,13.05,REV1976137
131008,Al0.05Nb3Sn0.95,Cr3Si(A15),18.0,HPLT1978-1
131009,Nb3Sn1,Cr3Si(A15),17.77,HPLT1978-1
131010,Nb3Sn0.05Sn0.95,Cr3Si(A15),16.9,HPLT1978-1
131011,Nb3Sn0.1Sn0.9,Cr3Si(A15),16.2,HPLT1978-1
131012,Nb3Sn0.2Sn0.8,Cr3Si(A15),15.89,HPLT1978-1
131017,Lu1Rh4B4,RT4B4,11.249,HPLT1978-3
131018,Y1Rh4B4,RT4B4,10.591,HPLT1978-3
131026,Cr4.84Ga25V70.16,Cr3Si(A15),12.14,HPLT1978-5
131028,Ga25Mn4.92V70.08,Cr3Si(A15),10.1,HPLT1978-5
131060,Ga1V3,Cr3Si(A15),13.8,SSC0190265
131061,Ga1V3,Cr3Si(A15),15.3,SSC0190265
131066,Au1Nb3,Cr3Si(A15),10.56,SSC0210239
131160,Tc0.97Ti0.03,,10.56,LES0440177
131238,Nb3Sn1,Cr3Si(A15),18.0,PRL0500853
131239,Si1V3,Cr3Si(A15),16.9,PRL0500853
131245,Mo0.6Re0.4,,12.0,SSC0280969
131248,Mo0.18Tc0.82,,13.7,SSC0280969
131264,Si1V3,Cr3Si(A15),16.84,SSC0500453
131265,Si1V3,Cr3Si(A15),16.98,SSC0500453
131272,Nb3Si1,Cr3Si(A15),18.0,SSC0390005
131277,Nb3Si1,Cr3Si(A15),18.6,SSC0370613
131278,Nb3Si1,Cr3Si(A15),17.5,SSC0380923
131279,Nb3Sn1,Cr3Si(A15),17.2,SSC0200305
131314,C0.198N0.747Ta1,,10.74,SSC0200869
131315,C0.148N0.638Ta1,,12.01,SSC0200869
131316,C0.017N0.632Ta1,,11.84,SSC0200869
131317,C0.571N0.271Ta1,,10.92,SSC0200869
131318,C0.97Ta1,,11.84,SSC0200869
131328,Mo1N1,,15.1,SSC0630141
131334,Li1Ti2O4,spinel,11.9,CEM0770401
131335,Li1.035Ti1.965O4,spinel,11.75,CEM0770401
131336,Li1.07Ti1.93O4,spinel,11.7,CEM0770401
131337,Li1.1Ti1.9O4,spinel,10.25,CEM0770401
131368,Li1Ti2O4,spinel,12.7,SSC0740621
131369,Li1Ti2O4,spinel,10.7,SSC0740621
131371,Li1Ti2O4,spinel,11.5,JCG1420087
131372,Mo0.6Re0.4,,12.3,PRL0572987
131373,N1Nb1,,16.5,PRL0761525
131376,Mo3Os1,Cr3Si(A15),12.7,SSC0211007
131428,Ir0.4Nb0.55O0.05,,10.5,LES0420355
131439,Si1V3,Cr3Si(A15),16.0,LES1540187
131450,Si1V3,Cr3Si(A15),16.6,SSC0390825
131459,Ga26.5V73.5,Cr3Si(A15),13.6,SSC0390773
131460,Ga25V75,Cr3Si(A15),15.3,SSC0390773
131462,Ga22.2V77.8,Cr3Si(A15),12.3,SSC0390773
131463,Ga23.6V76.4,Cr3Si(A15),14.6,SSC0390773
131464,Ga24.8V75.2,Cr3Si(A15),15.1,SSC0390773
131465,Ga25.3V74.7,Cr3Si(A15),14.9,SSC0390773
131466,Ga28.1V71.9,Cr3Si(A15),12.2,SSC0390773
131467,Ga29.6V70.4,Cr3Si(A15),12.1,SSC0390773
131468,Ga1V3,Cr3Si(A15),15.2,SSC0141051
131469,Al1Nb3,Cr3Si(A15),18.7,SSC0141051
131473,Ga0.25V0.75,Cr3Si(A15),14.5,LES0960191
131474,Ga0.31V0.69,Cr3Si(A15),15.4,LES0960191
131475,Ga0.2V0.8,Cr3Si(A15),12.5,LES0960191
131476,Ga0.25V0.75,Cr3Si(A15),12.7,LES0960191
131477,Ga0.3V0.7,Cr3Si(A15),14.1,LES0960191
131495,Ga1Nb3,Cr3Si(A15),20.5,SSC0220109
131496,Ga1V3,Cr3Si(A15),15.9,SSC0220109
131497,Ga1Nb3,Cr3Si(A15),19.8,SSC0331015
131498,N1.07Nb1,,14.4,CEM0340045
131499,N0.78Nb1,,10.5,CEM0340045
131500,N0.89Nb1,,12.1,CEM0340045
131501,N0.93Nb1,,13.3,CEM0340045
131502,C0.28N0.76Nb1,,16.4,CEM0340045
131503,Al1Nb3,Cr3Si(A15),17.4,CEM0340045
131514,Rh1Zr2,CuAl2,11.2,JAC2060047
140090,C1Nb1,,11.2,1006
140091,Nb0.75Mo0.25C1,,12.0,1006
140092,Nb0.5Mo0.5C1,,13.1,1006
140093,Nb0.25Mo0.75C1,,13.1,1006
140094,Nb0.05Mo0.95C1,,13.5,1006
140095,C1Mo1,,14.3,1006
140096,Nb0.9W0.1C1,,11.6,1006
140097,Nb0.8W0.2C1,,13.7,1006
140098,Nb0.75W0.25C1,,13.1,1006
140099,Nb0.7W0.3C1,,13.2,1006
140100,Nb0.65W0.35C1,,13.0,1006
140101,Nb0.5W0.5C1,,12.5,1006
140102,Nb0.2W0.8C1,,11.0,1006
140108,Mo0.9W0.1C1,,11.7,1006
140109,Mo0.8W0.2C1,,12.0,1006
140110,Mo0.6W0.4C1,,11.3,1006
140111,Mo0.4W0.6C1,,11.3,1006
140112,Mo0.2W0.8C1,,10.1,1006
140118,Ta0.2Mo0.8C1,,10.5,1006
140119,Ta0.05Mo0.95C1,,11.8,1006
140124,Mo0.95V0.05C1,,13.9,1006
140125,Mo0.95Ti0.05C1,,13.5,1006
140126,Mo0.95Zr0.05C1,,13.2,1006
140127,Mo0.95Hf0.05C1,,12.7,1006
140128,Mo0.9Re0.1C1,,13.9,1006
140129,Mo0.9Ru0.1C1,,13.7,1006
140130,Mo0.9V0.1C1,,13.3,1006
140131,Mo0.9Ti0.1C1,,13.1,1006
140132,Mo0.9Hf0.1C1,,11.9,1006
140133,Mo0.9Zr0.1C1,,11.5,1006
140134,Mo0.84V0.16C1,,12.9,1006
140135,Mo0.84Ti0.16C1,,12.8,1006
140136,Mo0.84Hf0.16C1,,11.5,1006
140137,Mo0.84Zr0.16C1,,11.0,1006
140138,Mo0.8V0.2C1,,12.8,1006
140139,Mo0.8Ti0.2C1,,12.0,1006
140140,Mo0.8Hf0.2C1,,11.4,1006
140141,Mo0.8Zr0.2C1,,10.9,1006
150017,Mg0.9Al0.1B2,AlB2,30.5,P075144507
150018,Mg0.8Al0.2B2,AlB2,23.5,P075144507
150019,Mg1B1.89C0.11,AlB2,33.0,P075144507
150020,Mg1B1.87C0.13,AlB2,28.0,P075144507
150021,Mg1B1.8C0.2,AlB2,22.0,P075144507
150022,Mg1B1.958C0.042,AlB2,37.5,P075144507
150023,Mg1B1.924C0.076,AlB2,36.2,P075144507
150024,B2Mg1,AlB2,39.0,P075144507
150026,Nb3Sn1,,17.93,PR1201964
150040,Pu1Co1Ga5,HoCoGa5,17.8,P075184501
150044,B2Mg1,AlB2,38.8,P075184513
150049,La0.8Rh4P12,skutterudite,14.9,P075184535
150051,La1Ru4As12,skutterudite,10.3,PCS0600689
150159,C3Y2,Pu2C3,11.6,J076024713
150160,C3Y2,Pu2C3,13.9,J076024713
150161,C3Y2,Pu2C3,15.2,J076024713
150162,Nb3Sn1,Cr3Si(A15),18.0,J076024713
150224,C6Ca1,GIC,11.5,P076052511
150228,La1Ru4As12,skutterudite,10.3,J076104705
150237,Sc1Tc2,MgZn2(Laves),10.9,LES0810349
150253,Pu1Co1Ga5,HoCoGa5,18.25,P076064504
150254,Li0.18Zr1N1Cl1,,11.6,P076064508
150260,Pu1Co1Ga5,HoCoGa5,15.0,P076064504
150279,Y5Os4Si15,,10.8,PHC1620407
150287,Y5Os4Si15,,10.8,PHC1530485
150294,Li0.3Ti1.1S2,Ti3S4,13.0,SCI1750884
150296,Rb2.7Tl2.2C60,fullerene,23.2,SCI2540826
150326,Zr0.12N1Cl1,,12.7,L094217002
150342,Er1Ni2B2C1,LuNi2B2C,10.23,PHC4670009
150349,Tm1Ni2B2C1,LuNi2B2C,10.79,PHC4670009
150378,C6Ca1,,11.6,P076220502
150381,C6Ca1,GIC,11.6,L098067002
150493,C3La2,Pu2C3,11.2,L100097002
150494,C3Y2,Pu2C3,15.2,L100097002
150500,Li0.9Mg0.1,,11.0,PHB4031074
150551,Ta0.5Nb0.5C1,NaCl,11.1,PHC4680169
150587,Ca1Li2,MgZn2(Laves),13.0,L100197003
150591,B2Mg1,AlB2,37.0,P077174501
150592,Mg1B1.924C0.076,AlB2,35.8,P077174501
150593,Mg1B1.904C0.096,AlB2,35.5,P077174501
150630,Li0.37Hf1N1Cl1,,20.0,L100247005
150631,Li0.37M0.3Hf1N1Cl1,,22.5,L100247005
150632,Li0.37M0.2Hf1N1Cl1,,25.6,L100247005
150633,Li0.37M0.2Hf1N1Cl1,,25.0,L100247005
150641,Mo1N1,,13.5,P077212503
150643,B2Mg0.98,AlB2,38.4,P077214507
150644,Mg0.95Li0.05B2,AlB2,38.25,P077214507
150645,Mg0.9Li0.1B2,AlB2,35.55,P077214507
150646,Mg0.92Li0.08B2,AlB2,38.0,P077214507
150647,Mg0.89Li0.11B2,AlB2,35.3,P077214507
150648,Mg1B1.9C0.1,AlB2,34.3,P077214507
150649,Mg0.94Li0.06B1.96C0.04,AlB2,35.6,P077214507
150650,Mg0.91Li0.09B1.84C0.16,AlB2,30.15,P077214507
150651,Mg0.9Li0.1B1.82C0.18,AlB2,28.5,P077214507
150652,Mg0.89Li0.11B1.88C0.12,AlB2,29.9,P077214507
150684,B2Mg1,AlB2,39.0,SSC1470027
150685,Mg0.99Co0.01B2,AlB2,38.7,SSC1470027
150686,Mg0.98Co0.02B2,AlB2,37.4,SSC1470027
150687,Mg0.97Co0.03B2,AlB2,36.2,SSC1470027
150688,Mg0.99Mn0.01B2,AlB2,30.6,SSC1470027
150689,Mg0.98Mn0.02B2,AlB2,23.2,SSC1470027
150690,Mg0.97Mn0.03B2,AlB2,12.4,SSC1470027
150696,Y1Rh4B4,RT4B4,11.34,NAS0741334
150801,Lu1Rh4B4,RT4B4,11.76,NAS0741334
150802,Lu0.75Th0.25Rh4B4,RT4B4,11.93,NAS0741334
150809,Nb1P1S1,NbPS,12.5,IOC0082690
150863,C6Ca1,GIC,11.6,P078064506
150883,B2.6Nb1,AlB2,10.9,SSC1470439
150914,Sc1,,19.6,P078064519
150915,Lu1,,12.2,P078064519
150922,B0.015C0.985,,12.0,L101027002
151014,Ba0.625K0.375Bi1O3,BKBO,29.4,NAT3350419
151015,Ba1Pb0.75Bi0.25O3,BPBO,11.0,SCI2381558
151016,Ba0.7K0.6Bi1O3,BKBO,29.35,PHC1570469
151020,C60Rb3,fullerene,29.55,SCI2590655
151021,C60Rb3,fullerene,29.55,SCI2590655
151071,Pu1Co1Ga5,HoCoGa5,18.0,NAT4340622
151120,Y1Rh4B4,RT4B4,10.6,LTP0680147
151121,Lu1Rh4B4,RT4B4,11.45,LTP0680147
151122,Lu1Ru1B2,LuRuB2,10.6,LTP0680147
151133,Lu1Rh4B4,RT4B4,11.5,LES0620251
151256,H4Si1,,17.0,SCI3191506
151273,Ba1Pb0.75Bi0.253,BPBO,12.5,PLA3731482
151277,Ba1Pb0.35Hg0.4Bi0.25O3,BPBO,10.7,PLA3731482
151292,Li0.5Nb1O2,NaCoO2,16.4,JAC4760519
151443,C0.9S0.1,,38.0,PRB079233409
151444,C1,,32.0,PRB079233409
151522,Li0.1Zr1N1Cl1,,14.0,PRL103077004
151523,Li0.28Zr1N1Cl1,,11.6,PRL103077004
151895,Li0.16Zr1N1Cl1,,12.6,JPS079014707
151896,Li0.16M0.3Zr1N1Cl1,,15.0,JPS079014707
151897,Li0.16M1Zr1N1Cl1,,15.0,JPS079014707
151898,Na0.28Hf1N1Cl1,,22.8,JPS079014707
151899,Na0.28M1Hf1N1Cl1,,24.6,JPS079014707
151900,Li0.5M0.3Hf1N1Cl1,,25.5,JPS079014707
152006,Y0.9Pr0.1Ni2B2C1,LuNi2B2C,11.2,P078144422
152007,Y0.95Pr0.05Ni2B2C1,LuNi2B2C,14.1,P078144422
152008,Y1Ni2B2C1,LuNi2B2C,15.6,P078144422
152045,Lu1Ru1B2,LuRuB2,10.2,PCS0693153
152047,Lu1Ru1B2,LuRuB2,10.58,PRB0331671
152100,Y0.99Gd0.01Rh4B4,RT4B4,10.1,JAP0491392
152117,Y0.83Er0.17Rh4B4,RT4B4,10.4,SSC0320185
152183,Mg1B2,AlB2,39.0,PHC4690064
152184,Mg1.995Mn0.005B2,AlB2,37.7,PHC4690064
152185,Mg1.99Mn0.01B2,AlB2,37.6,PHC4690064
152186,Mg1.985Mn0.015B2,AlB2,37.4,PHC4690064
152187,Mg1.98Mn0.02B2,AlB2,36.9,PHC4690064
152199,Tm1Ni2B2C1,LuNi2B2C,10.92,PRB081214517
152223,Rh1Zr2,,11.2,SSC0680085
152236,Rh1Zr2,,11.2,PRB05312299
152239,Rh1Zr2,CuAl2,11.3,SSC0151797
152262,C60Cs3,fullerene,34.9,PRL104256402
152263,C60Cs3,fullerene,35.7,PRL104256402
152306,Li0.13Zr1N1Cl1,,12.2,PRB082054504
152307,Li0.13M0.26Zr1N1Cl1,,13.7,PRB082054504
152308,Li0.13M0.39Zr1N1Cl1,,13.1,PRB082054504
152309,Li0.05Zr1N1Cl1,,15.0,PRB082054504
152310,Li0.05M0.26Zr1N1Cl1,,15.0,PRB082054504
152311,Li0.05M0.39Zr1N1Cl1,,14.2,PRB082054504
152404,C6Ca1,GIC,11.48,PRB082132502
152503,Y1Ni2B2C1,LuNi2B2C,15.55,PRB082174513
152504,Y0.9Gd0.1Ni2B2C1,LuNi2B2C,12.5,PRB082174513
152505,Y0.86Gd0.14Ni2B2C1,LuNi2B2C,10.475,PRB082174513
152508,Lu1Ni2B2C1,LuNi2B2C,16.35,PRB082174513
152509,Lu0.945Gd0.055Ni2B2C1,LuNi2B2C,13.28,PRB082174513
152635,Sn1Mo6S8,Chevrel,14.2,PRL106017003
152636,Sn1Mo6S8,Chevrel,14.2,PRL106017003
152637,Pb1Mo6S8,Chevrel,14.9,PRL106017003
152638,Pb1Mo6S8,Chevrel,14.9,PRL106017003
152795,Lu1Ni2B2C1,LuNi2B2C,16.0,PRB083104519
152796,Lu1Ni2B2C1,LuNi2B2C,16.1,PRB083104519
152797,Lu1Ni2B2C1,LuNi2B2C,15.0,PRB083104519
152798,Lu1Ni2B2C1,LuNi2B2C,16.1,PRB083104519
152799,Y1Ni2B2C1,LuNi2B2C,15.5,PRB083104519
152805,La3Ni2B2N2.7,La3Ni2B2N3,12.5,PRB083115131
152806,La2.95Ce0.05Ni2B2N2.7,La3Ni2B2N3,10.2,PRB083115131
152810,Y0.95Ce0.05Ni2B2C1,LuNi2B2C,13.8,PRB05207428
152811,Y0.9Ce0.1Ni2B2C1,LuNi2B2C,11.9,PRB05207428
152866,Ga1P1,,10.3,JPS0573289
152877,Ba1Pb0.75Bi0.25O3,BKBO,12.0,PCS0720597
152954,Ca1,,29.0,PRB083220512
152985,Nb1C1N1,,15.75,PHC2330077
152986,Nb1C1N1,,16.5,PHC2330077
153043,Zr1Ru1P1,Fe2P,13.8,SSC1511504
153048,Zr1Ru1Si1,Fe2P,12.2,JPC0139393
153049,Zr1Ru1P1,Fe2P,13.0,JPC0139393
153052,Zr1Ru0.99Rh0.01P1,Fe2P,10.1,JPC0139393
153057,Zr1Ru1P1,Fe2P,10.1,MRB0391231
153065,Zr1Ru1P1,Fe2P,10.3,PHC2920079
153263,B2Mg1,AlB2,40.5,SUP0180667
153264,B2Mg0.988Sc0.012,AlB2,41.4,SUP0180667
153265,Na1Ox,,28.0,SSC1501483
153319,Ba0.6K0.4O3,BKBO,30.6,PHC4710704
153354,C22H14K3.3,,18.0,NAT4640076
153477,Pb7Bi3,,10.3,PHC4830162
153511,Er1Ni2B2C,LuNi2B2C,11.0,SSC1521076
153591,K0.5Ti1N1Cl1,FeOCl,16.0,PRB085144517
153592,Hf1N1Cl0.7,SmSI,24.0,PRB085144517
153728,Na0.16Ti1N1Cl1,,14.0,PRB086024516
153729,Na0.16M1Ti1N1Cl1,,10.2,PRB086024516
153772,Yb0.2M1Hf1N1Cl1,SmSI,23.0,PRB086134501
153773,Yb0.3M1Hf1N1Cl1,SmSI,24.8,PRB086134501
153774,Yb0.2M1Hf1N1Cl1,SmSI,25.2,PRB086134501
153847,C3Y2,Pu2C3,15.65,PHC4840052
153849,Mg1B1.9C0.1,AlB2,31.4,PHC4850168
153850,Mg1B1.8C0.2,AlB2,19.7,PHC4850168
154004,K0.5Ti1N1Cl1,FeOCl,16.3,JMC0192573
154006,Li0.5Ti1N1Cl1,FeOCl,16.5,JMC0192573
154007,Na0.5Ti1N1Cl1,FeOCl,16.3,JMC0192573
154009,Rb0.5Ti1N1Cl1,FeOCl,16.3,JMC0192573
154245,Sr1Pt2Ge2,,10.2,PHC4930093
154436,La1Bi1S2F0.4O0.6,,10.26,EPL10117004
154437,La1Bi1S2F0.5O0.5,,10.96,EPL10117004
154486,Mg1B2,AlB2,33.0,PHC4970043
154487,Mg1B2M0.05,AlB2,37.5,PHC4970043
154488,Mg1B2M0.5,AlB2,37.8,PHC4970043
154489,Mg1B2M5,AlB2,36.4,PHC4970043
154607,Nb0.87Si0.09N0.87O0.13,NaCl,16.35,CEM2100238
154608,Nb1N0.87O0.13,NaCl,17.2,CEM2100238
154707,Nb0.89Al0.11N0.85O0.17,NaCl,17.3,CEM1831710
154708,Nb0.95Mg0.05N0.92O0.08,NaCl,15.0,CEM1842061
154709,Nb0.95Mg0.05N0.92O0.08,NaCl,17.6,CEM1842061
154711,Nb0.9Mg0.1N0.87O0.13,NaCl,16.2,CEM1842061
154712,Nb1N0.98O0.02,NaCl,17.7,CEM1880066
154713,Nb0.95Mg0.05N0.92O0.08,NaCl,17.0,CEM1880066
154714,Nb0.89Al0.11N0.84O0.16,NaCl,16.7,CEM1880066
154715,Nb0.87Si0.09N0.13O0.13,NaCl,16.8,CEM1880066
154865,Eu1Sr2Ta0.8Sn0.2O8-z,M1212,40.0,PHC5040001
154866,Sm1Sr2Ta0.8Sn0.2O8-z,M1212,30.0,PHC5040001
155014,Mo1O2-z,,12.0,PRB090054505
155029,La1Bi1S2F0.5O0.5,,10.7,JPS083063704
155251,Ga1Nb3,A15,16.5,PHB4590021
155302,D2S1,,30.0,MAT1412.0460
155309,La3Ni2B2N3,La3Ni2B2N3,14.9,ACS1342516
155338,C0.681Mo1,,12.0,CEM1960579
155341,K0.08Zr1N1Cl1,,13.0,CHM0231558
155342,K0.08M1Zr1N1Cl1,,15.0,CHM0231558
155343,K0.26Zr1N1Cl1,,11.5,CHM0231558
155344,K0.26M1Zr1N1Cl1,,11.5,CHM0231558
155365,M0.23Ti1N1Cl1,,10.5,JMC02210752
155368,M1Ti1N1Cl1,,10.5,JMC02210752
155369,M1Ti1N1Cl1,,15.5,JMC02210752
155371,M1Ti1N1Cl1,,15.2,JMC02210752
155372,M1Ti1N1Cl1,,15.5,JMC02210752
155373,M1Ti1N1Cl1,,17.1,JMC02210752
155374,M1Ti1N1Cl1,,16.0,JMC02210752
155375,M1Ti1N1Cl1,,16.4,JMC02210752
155447,Cs3C60,fullerene,38.0,NATM0070367
155538,Cs3C60,fullerene,38.0,SCI3231585
155549,Eu0.16M1Zr1N1Cl1,SmSI,12.7,SST026045017
155550,Yb0.31M1Zr1N1Cl1,SmSI,12.5,SST026045017
155551,Eu0.08M1Hf1N1Cl1,SmSI,24.3,SST026045017
155552,Eu0.13M1Hf1N1Cl1,SmSI,24.1,SST026045017
155553,Yb0.11M1Hf1N1Cl1,SmSI,23.0,SST026045017
155554,Eu0.13M1Hf1N1Cl1,SmSI,25.8,SST026045017
155555,Eu0.13M1Hf1N1Cl1,SmSI,25.6,SST026045017
155556,Ba0.33Hf1N1Cl1,SmSI,20.2,SST026085015
155557,Sr0.33Hf1N1Cl1,SmSI,20.3,SST026085015
155558,Ca0.4M1Hf1N1Cl1,SmSI,22.4,SST026085015
155559,Ca0.29M1Hf1N1Cl1,SmSI,22.7,SST026085015
155560,Ca0.24M1Hf1N1Cl1,SmSI,22.8,SST026085015
155561,Ca0.11M1Hf1N1Cl1,SmSI,23.3,SST026085015
155562,Sr0.09M1Hf1N1Cl1,SmSI,24.1,SST026085015
155563,Sr0.24M1Hf1N1Cl1,SmSI,24.1,SST026085015
155564,Ba0.1M1Hf1N1Cl1,SmSI,24.5,SST026085015
155565,Ba0.1M1Hf1N1Cl1,SmSI,25.7,SST026085015
155566,Ca0.11M1Hf1N1Cl1,SmSI,26.0,SST026085015
155567,Sr0.24M1Hf1N1Cl1,SmSI,25.6,SST026085015
155568,Ca0.11M1Hf1N1Cl1,SmSI,25.6,SST026085015
155569,Sr0.24M1Hf1N1Cl1,SmSI,25.1,SST026085015
155600,K0.21Ti1N1Br1,FeOCl,17.2,SST026122001
155601,Na0.23Ti1N1Br1,,15.2,SST026122001
155602,Rb0.22Ti1N1Br1,,16.3,SST026122001
155605,Na0.23M1Ti1N1Br1,,11.0,SST026122001
155607,K0.46Ti1N1Br1,,16.3,SST026122001
155617,Zn0.04Zr1N1Cl1,,15.0,IJIM0020581
155618,Zn0.035Zr1N1Br1,,14.0,IJIM0020581
155622,Ba0.82K0.18Bi0.53Pb0.47,,22.8,JAC6340208
155678,La1Si5,,11.4,CEM1821991
155709,Mg0.3M1Zr1N1Cl1,,15.0,JJP049020210
155759,Mg0.16Zr1N1Cl1,,15.0,PHC470S760
155760,Mg0.3Hf1N1Cl1,,25.0,PHC470S760
156059,B2Mg1,AlB2,37.0,PHC5190137
156060,Mg1B1.98C0.02,AlB2,37.0,PHC5190137
156061,Mg1B1.968C0.032,AlB2,37.0,PHC5190137
156062,Mg1B1.938C0.062,AlB2,37.0,PHC5190137
156377,Er1Ni2B2C1,LuNi2B2C,10.5,PHC2620249
156455,B2Mg1,AlB2,38.3,SST025112001
156514,Zr1Ru1P1,ZrRuSi,12.93,APA0310201
156515,Hf1Ru1P1,ZrRuSi,10.8,APA0310201
156522,Zr1Ru1As1,ZrRuSi,11.9,APA0310201
156906,Nb5Ge3C0.3,,15.3,JAP111123912
157581,Th1Co0.7Ni0.3C2,CeNiC2,10.34,PRB096014507
157582,Th1Co0.6Ni0.4C2,CeNiC2,11.83,PRB096014507
157583,Th1Co0.5Ni0.5C2,CeNiC2,10.96,PRB096014507
157608,Pd1Se2,,13.1,PRB096060509
157655,S1,,17.4,PRB065064504
157690,Mo1S2,TX2,12.2,MAT1503.05331
157744,Mo1S2,2H-MoS2,12.0,PRL120037002
157746,Mo1S2,,10.8,SCI3381193
